ScheduleName,RenamedFrom,SurvivorIsDefault,ClientCount,ClientIds,SurvivorClientId,SurvivorIds,RetiredIds,Days,StartTime,EndTime,MaxJobs,Region,SpeedId,CutoffHours,Description,AutoBook,PostcodeGroupId,BookPickup,PickupDepotId,StorageState,DeliveryState,PickupRatingSpeed,PickupPostcodeGroupId,ParentSpeedId,PickupBoxDiscount,DropOffLocationID,ApplyPickupCutoff,PickupCutoff,AutoBookScanAhead,IsRecurringSchedule
( NOT AVAILABLE) CupFull Napier Afternoons AH,,No,1,36488,36488,7815,,3,12:00:00,17:00:00,10000,10,133,900,NULL,0,65,0,8,3,1,NULL,NULL,133,1,NULL,NULL,NULL,NULL,NULL
*IGNORE* Morning Economy Run Mon - Sun,,No,1,9673,9673,"5343, 5345, 5346, 5348",,"2, 3, 4, 5",09:00:00,13:00:00,10000,8,37,0,NULL,1,NULL,0,8,NULL,NULL,NULL,NULL,37,NULL,NULL,NULL,NULL,NULL,NULL
1 hr. 11am run. Auckland > Hamilton,,No,1,16867,16867,"5530, 5531, 5532, 5533, 5534",,"1, 2, 3, 4, 5",13:30:00,18:00:00,10000,4,112,4,NULL,1,11,1,8,1,1,1,NULL,112,1,2,NULL,NULL,NULL,NULL
1 hr. 11am run. Auckland > Tauranga,,No,1,16867,16867,"5540, 5541, 5542, 5543, 5544",,"1, 2, 3, 4, 5",15:30:00,18:30:00,10000,3,112,6,NULL,1,12,1,8,1,1,1,NULL,112,1,2,NULL,NULL,NULL,NULL
1 hr. 5am run Auckland > Hamilton,,No,1,16867,16867,"5535, 5536, 5537, 5538, 5539",,"1, 2, 3, 4, 5",07:00:00,12:00:00,10000,4,112,12,NULL,1,11,1,8,1,1,1,NULL,112,1,2,NULL,NULL,NULL,NULL
1-Hour Express 10 AM,,No,1,32999,32999,"947, 968, 986, 1004, 1022",,"1, 2, 3, 4, 5",10:00:00,11:00:00,10000,8,1,1,"Express, live-tracked delivery.",1,NULL,0,8,NULL,NULL,NULL,NULL,1,NULL,NULL,NULL,NULL,NULL,NULL
1-Hour Express*11:00:00-12:00:00,,No,1,32999,32999,"948, 969, 987, 1005, 1023",,"1, 2, 3, 4, 5",11:00:00,12:00:00,10000,8,1,1,"Express, live-tracked delivery.",1,NULL,0,8,NULL,NULL,NULL,NULL,1,NULL,NULL,NULL,NULL,NULL,NULL
1-Hour Express*12:00:00-13:00:00,,No,1,32999,32999,"949, 970, 988, 1006, 1024",,"1, 2, 3, 4, 5",12:00:00,13:00:00,10000,8,1,1,"Express, live-tracked delivery.",1,NULL,0,8,NULL,NULL,NULL,NULL,1,NULL,NULL,NULL,NULL,NULL,NULL
1-Hour Express*13:00:00-14:00:00,,No,1,32999,32999,"950, 971, 989, 1007, 1025",,"1, 2, 3, 4, 5",13:00:00,14:00:00,10000,8,1,1,"Express, live-tracked delivery.",1,NULL,0,8,NULL,NULL,NULL,NULL,1,NULL,NULL,NULL,NULL,NULL,NULL
1-Hour Express*14:00:00-15:00:00,,No,1,32999,32999,"951, 972, 990, 1008, 1026",,"1, 2, 3, 4, 5",14:00:00,15:00:00,10000,8,1,1,"Express, live-tracked delivery.",1,NULL,0,8,NULL,NULL,NULL,NULL,1,NULL,NULL,NULL,NULL,NULL,NULL
1-Hour Express*15:00:00-16:00:00,,No,1,32999,32999,"952, 973, 991, 1009, 1027",,"1, 2, 3, 4, 5",15:00:00,16:00:00,10000,8,1,1,"Express, live-tracked delivery.",1,NULL,0,8,NULL,NULL,NULL,NULL,1,NULL,NULL,NULL,NULL,NULL,NULL
1-Hour Express*16:00:00-17:00:00,,No,1,32999,32999,"953, 974, 992, 1010, 1028",,"1, 2, 3, 4, 5",16:00:00,17:00:00,10000,8,1,1,"Express, live-tracked delivery.",1,NULL,0,8,NULL,NULL,NULL,NULL,1,NULL,NULL,NULL,NULL,NULL,NULL
1hr. 5am Run Auckland > Tauranga,,No,1,16867,16867,"5555, 5556, 5557, 5558, 5559",,"1, 2, 3, 4, 5",09:00:00,17:00:00,10000,3,112,14,NULL,1,12,1,8,1,1,1,NULL,112,1,2,NULL,NULL,NULL,NULL
2-Hour Express*10:00:00-12:00:00,,No,1,32999,32999,"954, 975, 993, 1011, 1029",,"1, 2, 3, 4, 5",10:00:00,12:00:00,10000,8,25,1,"Express, live-tracked delivery.",1,NULL,0,8,NULL,NULL,NULL,NULL,25,NULL,NULL,NULL,NULL,NULL,NULL
2-Hour Express*11:00:00-13:00:00,,No,1,32999,32999,"958, 976, 994, 1012, 1030",,"1, 2, 3, 4, 5",11:00:00,13:00:00,10000,8,25,1,"Express, live-tracked delivery.",1,NULL,0,8,NULL,NULL,NULL,NULL,25,NULL,NULL,NULL,NULL,NULL,NULL
2-Hour Express*12:00:00-14:00:00,,No,1,32999,32999,"959, 977, 995, 1013, 1031",,"1, 2, 3, 4, 5",12:00:00,14:00:00,10000,8,25,1,"Express, live-tracked delivery.",1,NULL,0,8,NULL,NULL,NULL,NULL,25,NULL,NULL,NULL,NULL,NULL,NULL
2-Hour Express*13:00:00-15:00:00,,No,1,32999,32999,"960, 978, 996, 1014, 1032",,"1, 2, 3, 4, 5",13:00:00,15:00:00,10000,8,25,1,"Express, live-tracked delivery.",1,NULL,0,8,NULL,NULL,NULL,NULL,25,NULL,NULL,NULL,NULL,NULL,NULL
2-Hour Express*14:00:00-16:00:00,,No,1,32999,32999,"961, 979, 997, 1015, 1033",,"1, 2, 3, 4, 5",14:00:00,16:00:00,10000,8,25,1,"Express, live-tracked delivery.",1,NULL,0,8,NULL,NULL,NULL,NULL,25,NULL,NULL,NULL,NULL,NULL,NULL
2-Hour Express*15:00:00-17:00:00,,No,1,32999,32999,"962, 980, 998, 1016, 1034",,"1, 2, 3, 4, 5",15:00:00,17:00:00,10000,8,25,1,"Express, live-tracked delivery.",1,NULL,0,8,NULL,NULL,NULL,NULL,25,NULL,NULL,NULL,NULL,NULL,NULL
2.30 pm test,,No,1,15641,15641,6741,,5,14:30:00,17:30:00,10000,20,4,0,NULL,0,NULL,0,20,NULL,NULL,NULL,NULL,4,NULL,NULL,0,NULL,NULL,NULL
2pm test,,No,1,15641,15641,6740,,5,14:00:00,17:00:00,10000,20,4,0,NULL,0,NULL,0,20,NULL,NULL,NULL,NULL,4,NULL,NULL,0,NULL,NULL,NULL
3 Hour Express (11:00am-2:00pm),,No,1,34294,34294,"4288, 4289, 4290, 4291, 4292, 4293, 4294",,"1, 2, 3, 4, 5, 6, 7",11:00:00,14:00:00,10000,8,4,1,,1,NULL,NULL,8,NULL,NULL,NULL,NULL,4,NULL,NULL,NULL,NULL,NULL,NULL
3 Hour Express (1:00pm-4:00pm),,No,1,34294,34294,"4295, 4296, 4297, 4298, 4299, 4300, 4301",,"1, 2, 3, 4, 5, 6, 7",13:00:00,16:00:00,10000,8,4,1,,1,NULL,NULL,8,NULL,NULL,NULL,NULL,4,NULL,NULL,NULL,NULL,NULL,NULL
3 Hour Express (3:00pm-6:00pm),,No,1,34294,34294,"4302, 4303, 4304, 4305, 4306, 4307, 4308",,"1, 2, 3, 4, 5, 6, 7",15:00:00,18:00:00,10000,8,4,1,,1,NULL,NULL,8,NULL,NULL,NULL,NULL,4,NULL,NULL,NULL,NULL,NULL,NULL
3 Hour Express*09:00:00-12:00:00,,No,1,14324,14324,"658, 667, 674, 682, 689",,"1, 2, 3, 4, 5",09:00:00,12:00:00,10000,8,25,1,Premium Urgent Courier with live tracking,1,NULL,NULL,8,NULL,NULL,NULL,NULL,25,NULL,NULL,NULL,NULL,NULL,NULL
3 Hour Express*10:00:00-13:00:00,,No,1,14324,14324,"661, 668, 675, 683, 690",,"1, 2, 3, 4, 5",10:00:00,13:00:00,10000,8,25,1,Premium Urgent Courier with live tracking,1,NULL,NULL,8,NULL,NULL,NULL,NULL,25,NULL,NULL,NULL,NULL,NULL,NULL
3 Hour Express*11:00:00-14:00:00,,No,1,14324,14324,"662, 669, 676, 684, 691",,"1, 2, 3, 4, 5",11:00:00,14:00:00,10000,8,25,1,Premium Urgent Courier with live tracking,1,NULL,NULL,8,NULL,NULL,NULL,NULL,25,NULL,NULL,NULL,NULL,NULL,NULL
3 Hour Express*12:00:00-15:00:00,,No,1,14324,14324,"663, 670, 677, 685, 693",,"1, 2, 3, 4, 5",12:00:00,15:00:00,10000,8,25,1,Premium Urgent Courier with live tracking,1,NULL,NULL,8,NULL,NULL,NULL,NULL,25,NULL,NULL,NULL,NULL,NULL,NULL
3 Hour Express*13:00:00-16:00:00,,No,1,14324,14324,"664, 671, 679, 686, 694",,"1, 2, 3, 4, 5",13:00:00,16:00:00,10000,8,25,1,Premium Urgent Courier with live tracking,1,NULL,NULL,8,NULL,NULL,NULL,NULL,25,NULL,NULL,NULL,NULL,NULL,NULL
3 Hour Express*14:00:00-17:00:00,,No,1,14324,14324,"665, 672, 680, 687, 695",,"1, 2, 3, 4, 5",14:00:00,17:00:00,10000,8,25,1,Premium Urgent Courier with live tracking,1,NULL,NULL,8,NULL,NULL,NULL,NULL,25,NULL,NULL,NULL,NULL,NULL,NULL
3 Hour Express*15:00:00-18:00:00,,No,1,14324,14324,"666, 673, 681, 688, 696",,"1, 2, 3, 4, 5",15:00:00,18:00:00,10000,8,25,1,Premium Urgent Courier with live tracking,1,NULL,NULL,8,NULL,NULL,NULL,NULL,25,NULL,NULL,NULL,NULL,NULL,NULL
3 hr. 11am run Auckland > Hamilton,,No,1,16867,16867,"5520, 5521, 5522, 5523, 5524",,"1, 2, 3, 4, 5",13:30:00,18:00:00,10000,4,112,4,NULL,1,11,1,8,1,1,4,NULL,112,1,2,NULL,NULL,NULL,NULL
3 hr. 5am run Auckland > Tauranga,,No,1,16867,16867,"5550, 5551, 5552, 5553, 5554",,"1, 2, 3, 4, 5",09:00:00,17:00:00,10000,3,112,15,NULL,1,12,1,8,1,1,4,NULL,112,1,2,NULL,NULL,NULL,NULL
3 hr. 5am run. Auckland > Hamilton,,No,1,16867,16867,"5525, 5526, 5527, 5528, 5529",,"1, 2, 3, 4, 5",07:00:00,12:00:00,10000,4,112,62,NULL,1,11,1,8,1,1,4,NULL,112,1,2,NULL,NULL,NULL,NULL
3-Hour Express*09:00:00-11:00:00,,No,1,216,216,"1179, 1180, 1181, 1182, 1183",,"1, 2, 3, 4, 5",09:00:00,11:00:00,10000,8,24,1,"Live-tracked, express service",1,NULL,0,8,NULL,NULL,NULL,NULL,24,NULL,NULL,NULL,NULL,NULL,NULL
3-Hour Express*10:00:00-12:00:00,,No,1,216,216,"1184, 1185, 1186, 1187, 1188",,"1, 2, 3, 4, 5",10:00:00,12:00:00,10000,8,24,1,"Live-tracked, express service",1,NULL,0,8,NULL,NULL,NULL,NULL,24,NULL,NULL,NULL,NULL,NULL,NULL
3-Hour Express*10:00:00-13:00:00,,No,1,32999,32999,"963, 981, 999, 1017, 1035",,"1, 2, 3, 4, 5",10:00:00,13:00:00,10000,8,4,1,"Express, live-tracked delivery.",1,NULL,0,8,NULL,NULL,NULL,NULL,4,NULL,NULL,NULL,NULL,NULL,NULL
3-Hour Express*11:00:00-13:00:00,,No,1,216,216,"1189, 1190, 1191, 1192, 1193",,"1, 2, 3, 4, 5",11:00:00,13:00:00,10000,8,24,1,"Live-tracked, express service",1,NULL,0,8,NULL,NULL,NULL,NULL,24,NULL,NULL,NULL,NULL,NULL,NULL
3-Hour Express*11:00:00-14:00:00,,No,1,32999,32999,"964, 982, 1000, 1018, 1036",,"1, 2, 3, 4, 5",11:00:00,14:00:00,10000,8,4,1,"Express, live-tracked delivery.",1,NULL,0,8,NULL,NULL,NULL,NULL,4,NULL,NULL,NULL,NULL,NULL,NULL
3-Hour Express*12:00:00-14:00:00,,No,1,216,216,"1194, 1195, 1196, 1197, 1198",,"1, 2, 3, 4, 5",12:00:00,14:00:00,10000,8,24,1,"Live-tracked, express service",1,NULL,0,8,NULL,NULL,NULL,NULL,24,NULL,NULL,NULL,NULL,NULL,NULL
3-Hour Express*12:00:00-15:00:00,,No,1,32999,32999,"965, 983, 1001, 1019, 1037",,"1, 2, 3, 4, 5",12:00:00,15:00:00,10000,8,4,1,"Express, live-tracked delivery.",1,NULL,0,8,NULL,NULL,NULL,NULL,4,NULL,NULL,NULL,NULL,NULL,NULL
3-Hour Express*13:00:00-15:00:00,,No,1,216,216,"1199, 1200, 1201, 1202, 1203",,"1, 2, 3, 4, 5",13:00:00,15:00:00,10000,8,24,1,"Live-tracked, express service",1,NULL,0,8,NULL,NULL,NULL,NULL,24,NULL,NULL,NULL,NULL,NULL,NULL
3-Hour Express*13:00:00-16:00:00,,No,1,32999,32999,"966, 984, 1002, 1020, 1038",,"1, 2, 3, 4, 5",13:00:00,16:00:00,10000,8,4,1,"Express, live-tracked delivery.",1,NULL,0,8,NULL,NULL,NULL,NULL,4,NULL,NULL,NULL,NULL,NULL,NULL
3-Hour Express*14:00:00-16:00:00,,No,1,216,216,"1204, 1206, 1207, 1208, 1209",,"1, 2, 3, 4, 5",14:00:00,16:00:00,10000,8,24,1,"Live-tracked, express service",1,NULL,0,8,NULL,NULL,NULL,NULL,24,NULL,NULL,NULL,NULL,NULL,NULL
3-Hour Express*14:00:00-17:00:00,,No,1,32999,32999,"967, 985, 1003, 1021, 1039",,"1, 2, 3, 4, 5",14:00:00,17:00:00,10000,8,4,1,"Express, live-tracked delivery.",1,NULL,0,8,NULL,NULL,NULL,NULL,4,NULL,NULL,NULL,NULL,NULL,NULL
3-Hour Express*15:00:00-17:00:00,,No,1,216,216,"1210, 1211, 1212, 1213, 1214",,"1, 2, 3, 4, 5",15:00:00,17:00:00,10000,8,24,1,"Live-tracked, express service",1,NULL,0,8,NULL,NULL,NULL,NULL,24,NULL,NULL,NULL,NULL,NULL,NULL
3hr. 11am run Auckland > Tauranga,,No,1,16867,16867,"5545, 5546, 5547, 5548, 5549",,"1, 2, 3, 4, 5",03:30:00,18:00:00,10000,3,112,8,NULL,1,12,1,8,1,1,4,NULL,112,1,2,NULL,NULL,NULL,NULL
5- Hour Express*09:00:00-13:00:00,,No,1,216,216,"1215, 1216, 1217, 1218, 1219",,"1, 2, 3, 4, 5",09:00:00,13:00:00,10000,8,4,1,"Live-tracked, express service",1,NULL,0,8,NULL,NULL,NULL,NULL,4,NULL,NULL,NULL,NULL,NULL,NULL
5- Hour Express*10:00:00-14:00:00,,No,1,216,216,"1220, 1221, 1222, 1223, 1224",,"1, 2, 3, 4, 5",10:00:00,14:00:00,10000,8,4,1,"Live-tracked, express service",1,NULL,0,8,NULL,NULL,NULL,NULL,4,NULL,NULL,NULL,NULL,NULL,NULL
5- Hour Express*11:00:00-15:00:00,,No,1,216,216,"1225, 1226, 1227, 1228, 1229",,"1, 2, 3, 4, 5",11:00:00,15:00:00,10000,8,4,1,"Live-tracked, express service",1,NULL,0,8,NULL,NULL,NULL,NULL,4,NULL,NULL,NULL,NULL,NULL,NULL
5- Hour Express*12:00:00-16:00:00,,No,1,216,216,"1230, 1231, 1232, 1233, 1234",,"1, 2, 3, 4, 5",12:00:00,16:00:00,10000,8,4,1,"Live-tracked, express service",1,NULL,0,8,NULL,NULL,NULL,NULL,4,NULL,NULL,NULL,NULL,NULL,NULL
5- Hour Express*13:00:00-17:00:00,,No,1,216,216,"1235, 1236, 1237, 1238, 1239",,"1, 2, 3, 4, 5",13:00:00,17:00:00,10000,8,4,1,"Live-tracked, express service",1,NULL,0,8,NULL,NULL,NULL,NULL,4,NULL,NULL,NULL,NULL,NULL,NULL
5- Hour Express*14:00:00-18:00:00,,No,1,216,216,"1240, 1241, 1242, 1243, 1244",,"1, 2, 3, 4, 5",14:00:00,18:00:00,10000,8,4,1,"Live-tracked, express service",1,NULL,0,8,NULL,NULL,NULL,NULL,4,NULL,NULL,NULL,NULL,NULL,NULL
ACRON - AKL Afternoon Delivery,,No,1,36735,36735,"7740, 7741, 7742, 7743, 7744, 7745",,"1, 2, 3, 4, 5, 6",12:00:00,17:00:00,10000,8,94,2,NULL,NULL,62,NULL,8,NULL,NULL,NULL,NULL,94,NULL,NULL,NULL,NULL,NULL,NULL
ACRON - Hamilton Carton Delivery (Overnight),,No,1,36735,36735,"7746, 7747, 7748, 7749, 7750",,"1, 2, 3, 4, 5",07:00:00,12:00:00,10000,4,112,16,NULL,0,11,0,8,NULL,NULL,NULL,NULL,112,NULL,NULL,NULL,NULL,NULL,NULL
Acumed CHCH > Akl Returns,,No,1,36739,36739,"10929, 10930, 10931, 10932, 10933",,"1, 2, 3, 4, 5",08:00:00,12:00:00,10000,33,160,18,Book by 2 pm - Next Business Day Delivery,1,NULL,1,34,1,1,166,NULL,160,1,NULL,0,NULL,NULL,NULL
Acumed Gisborne > Akl Returns,,No,1,36739,36739,"10949, 10950, 10951, 10952, 10953",,"1, 2, 3, 4, 5",08:00:00,12:00:00,10000,44,160,66,Book by 2 pm for next day delivery,1,NULL,1,22,1,1,166,NULL,160,1,NULL,0,NULL,NULL,NULL
Acumed Masterton > Akl Returns,,No,1,36739,36739,"13020, 13021, 13022, 13023, 13024",,"1, 2, 3, 4, 5",08:30:00,12:00:00,10000,35,160,19,Book by 1:30pm for next business day delivery,1,NULL,1,38,1,1,166,NULL,160,1,NULL,0,NULL,NULL,NULL
Acumed Napier > Akl Returns,,No,1,36739,36739,"10934, 10935, 10936, 10937, 10938",,"1, 2, 3, 4, 5",08:30:00,12:00:00,10000,35,160,19,Book by 1:30pm for next business day delivery,1,NULL,1,42,1,1,166,NULL,160,1,NULL,0,NULL,NULL,NULL
Acumed PN > Akl Returns,,No,1,36739,36739,"10939, 10940, 10941, 10942, 10943",,"1, 2, 3, 4, 5",08:00:00,12:00:00,10000,8,160,20,Book by 12 pm for next day delivery,1,NULL,1,6,1,1,166,66,160,1,NULL,0,NULL,NULL,NULL
Acumed Wellington > Akl Returns,,No,1,36739,36739,"10944, 10945, 10946, 10947, 10948",,"1, 2, 3, 4, 5",08:00:00,12:00:00,10000,8,160,20,Book by 12 pm for next day delivery,1,NULL,1,16,1,1,166,26,160,1,NULL,0,NULL,NULL,NULL
Acumed Whanganui > Akl Returns,,No,1,36739,36739,"10954, 10955, 10956, 10957, 10958",,"1, 2, 3, 4, 5",08:00:00,12:00:00,10000,8,160,68,Book by 12 pm for next day delivery,1,NULL,1,6,1,1,166,NULL,160,1,NULL,0,NULL,NULL,NULL
Advance Marketing All Day Frozen,,No,1,34431,34431,"6490, 6491, 6492, 6493, 6494",,"1, 2, 3, 4, 5",07:00:00,17:00:00,10000,8,136,16,NULL,0,27,0,8,NULL,NULL,NULL,NULL,136,NULL,NULL,0,NULL,NULL,NULL
Affco Horotiu Weekend,,No,1,9673,9673,"5460, 5461",,"6, 7",08:00:00,15:00:00,10000,8,140,1,Weeekend Delivery,1,62,1,4,1,1,142,72,140,1,3,1,60,NULL,NULL
Affco Rangiuru Te Puke Weekend,,No,1,9673,9673,"9907, 9908",,"6, 7",08:00:00,15:00:00,10000,8,140,1,Weeekend Delivery,1,62,1,3,1,1,142,53,140,1,NULL,1,60,NULL,NULL
AFFRA BOP Outer > Auckland Express Run 11-1,,No,1,35119,35119,"8475, 8476, 8477, 8478, 8479",,"1, 2, 3, 4, 5",11:00:00,13:00:00,10000,8,145,23,NULL,1,NULL,1,3,1,1,127,53,145,1,6,NULL,NULL,NULL,NULL
AFFRA BOP Outer > Auckland Express Run 4-6,,No,1,35119,35119,"8480, 8481, 8482, 8483, 8484",,"1, 2, 3, 4, 5",16:00:00,18:00:00,10000,8,145,7,NULL,1,NULL,1,3,1,1,127,53,145,1,6,NULL,NULL,NULL,NULL
Afternoon Chilled,,No,1,36473,36473,"7866, 7867, 7868, 7869, 7870",,"1, 2, 3, 4, 5",12:00:00,17:00:00,10000,8,123,0,Auckland Afternoon Chilled Delivery Service,0,27,0,8,2,2,NULL,NULL,123,NULL,NULL,NULL,NULL,NULL,NULL
Afternoon Cool - AKL,,No,1,33573,33573,"1456, 1457, 1458, 1459",,"1, 2, 3, 4",12:00:00,17:00:00,10000,8,123,12,NULL,0,14,0,3,NULL,NULL,NULL,NULL,123,NULL,6,NULL,NULL,NULL,NULL
Afternoon Cool - HAMZ,,No,1,33573,33573,"1460, 1461, 1462, 1463",,"1, 2, 3, 4",12:00:00,17:00:00,10000,4,123,12,NULL,0,11,0,3,NULL,NULL,NULL,NULL,123,NULL,6,NULL,NULL,NULL,NULL
Afternoon Delivery (Between 12pm-5pm),,No,1,33242,33242,"4672, 4673, 4674, 4675, 4676, 4681",,"1, 2, 3, 4, 5, 6",12:00:00,17:00:00,10000,8,37,1,NULL,1,NULL,0,8,1,1,NULL,NULL,37,NULL,2,NULL,NULL,NULL,NULL
Afternoon Economy Run (Sat-Sun),,No,1,9673,9673,"6875, 6876",,"6, 7",13:00:00,17:00:00,10000,8,157,0,NULL,1,NULL,0,8,NULL,NULL,NULL,NULL,157,NULL,NULL,NULL,NULL,NULL,NULL
Afternoon Express Service,,No,1,216,216,"1174, 1175, 1176, 1177, 1178",,"1, 2, 3, 4, 5",12:00:00,17:00:00,10000,8,94,3,Live Tracked Auckland Delivery,0,NULL,NULL,8,NULL,NULL,NULL,NULL,94,NULL,NULL,NULL,NULL,NULL,NULL
Afternoon Home (ex TGA),,No,1,33745,33745,"1553, 1554, 1555, 1556, 1557",,"1, 2, 3, 4, 5",12:00:00,17:00:00,10000,8,94,2,NULL,0,NULL,0,3,NULL,NULL,NULL,NULL,94,NULL,NULL,NULL,NULL,NULL,NULL
Afternoon Home Auckland,,No,1,33953,33953,1714,,5,00:00:00,17:00:00,10000,8,94,2,NULL,0,NULL,0,8,NULL,NULL,NULL,NULL,94,NULL,NULL,NULL,NULL,NULL,NULL
Afternoon Home Last Minute,,No,1,32982,32982,1104,,4,12:00:00,17:00:00,10000,8,94,0,NULL,0,NULL,0,8,NULL,NULL,NULL,NULL,94,NULL,NULL,NULL,NULL,NULL,NULL
Afternoon Home*12:00:00-17:00:00,,No,1,32530,32530,"99, 101, 102, 103, 141",,"1, 2, 3, 4, 5",12:00:00,17:00:00,10000,8,94,2,Afternoon Home,NULL,NULL,NULL,8,NULL,NULL,NULL,NULL,94,NULL,NULL,NULL,NULL,NULL,NULL
Afternoon Home*12:00:00-17:00:00 #2,Afternoon Home*12:00:00-17:00:00,No,1,32454,32454,"150, 151, 152, 153, 154",,"1, 2, 3, 4, 5",12:00:00,17:00:00,10000,8,94,12,Delivery to your door,NULL,62,NULL,8,NULL,NULL,NULL,NULL,94,NULL,NULL,NULL,NULL,NULL,NULL
Afternoon Home*12:00:00-17:00:00x,,No,1,32530,32530,"139, 142, 144",,"2, 4, 5",12:00:00,17:00:00,10000,8,94,2,Afternoon delivery to your door,NULL,NULL,NULL,8,NULL,NULL,NULL,NULL,94,NULL,NULL,NULL,NULL,NULL,NULL
Afternoon Special,,No,1,16604,16604,"11494, 12238, 12239, 12240, 12241",,"1, 2, 3, 4, 5",12:00:00,16:00:00,10000,8,140,1,NULL,0,NULL,0,8,1,1,NULL,NULL,140,0,NULL,0,NULL,NULL,NULL
AH PLS,,No,1,33088,33088,1727,,5,12:00:00,17:00:00,10000,8,94,0,NULL,0,NULL,0,8,NULL,NULL,NULL,NULL,94,NULL,NULL,NULL,NULL,NULL,NULL
AH QANAB,,No,1,12764,12764,785,,5,13:00:00,17:00:00,10000,8,94,0,NULL,0,NULL,NULL,8,NULL,NULL,NULL,NULL,94,NULL,NULL,NULL,NULL,NULL,NULL
AKL > CHCH Pre 10am Medical,,No,10,"16513, 14763, 169, 18185, 14578, 32946, 9477, 35755, 18188, 36739",16513,"8610, 8611, 8612, 8613, 8614","8625, 8626, 8627, 8628, 8629, 8895, 8896, 8897, 8898, 8899, 9233, 9234, 9235, 9236, 9237, 9333, 9334, 9335, 9336, 9337, 10224, 10225, 10226, 10227, 10228, 10618, 10619, 10620, 10621, 10622, 10738, 10739, 10740, 10741, 10742, 10859, 10860, 10861, 10862, 10863, 10964, 10965, 10966, 10967, 10968","1, 2, 3, 4, 5",08:00:00,10:00:00,10000,34,164,17,Book by 3 pm. Next Business day service to Christchurch,0,NULL,1,33,1,1,166,NULL,164,1,NULL,0,NULL,NULL,NULL
AKL > CHCH Pre 10am Medical #2,AKL > CHCH Pre 10am Medical,No,1,13713,13713,"8391, 8392, 8393, 8394, 8395",,"1, 2, 3, 4, 5",08:00:00,10:00:00,10000,34,164,16,Book by 2 pm. Next Business day service to Christchurch,1,NULL,1,33,1,1,166,NULL,164,1,NULL,0,NULL,NULL,NULL
AKL > CHCH Pre 10am Medical #3,AKL > CHCH Pre 10am Medical,No,1,16947,16947,"9722, 9723, 9724, 9725, 9726",,"1, 2, 3, 4, 5",08:00:00,10:00:00,10000,34,164,65,Book by 3 pm. Next Business day service to Christchurch | NO DGs allowed,0,NULL,1,33,1,1,166,NULL,164,1,NULL,0,NULL,NULL,NULL
AKL > CHCH Pre 10am Medical #4,AKL > CHCH Pre 10am Medical,No,1,13773,13773,"11174, 11175, 11176, 11177, 11178",,"1, 2, 3, 4, 5",08:00:00,10:00:00,10000,34,164,17,Book by 3 pm. Next Business day service to Christchurch,0,NULL,1,33,1,1,1,NULL,164,0,NULL,0,NULL,NULL,NULL
AKL > CHCH Pre 10am Medical #5,AKL > CHCH Pre 10am Medical,No,1,14927,14927,"11663, 11664, 11665, 11666, 11667",,"1, 2, 3, 4, 5",08:00:00,10:00:00,10000,20,164,15,Book by 5 pm. Next Business day service to Christchurch,1,NULL,1,33,1,1,166,NULL,164,1,NULL,0,NULL,NULL,NULL
AKL > CHCH Pre 10am Medical #6,AKL > CHCH Pre 10am Medical,No,1,35773,35773,"13087, 13088, 13089, 13090, 13091",,"1, 2, 3, 4, 5",08:00:00,10:00:00,10000,34,164,65,Book by 3 pm. Next Business day service to Christchurch,0,NULL,1,33,1,1,1,NULL,164,1,NULL,0,NULL,NULL,NULL
AKL > CHCH Pre 10am Medical 1,,No,1,3191,3191,"9172, 9173, 9174, 9175, 9176",,"1, 2, 3, 4, 5",08:00:00,10:00:00,10000,34,164,17,Book by 3 pm. Next Business day service to Christchurch,1,NULL,1,33,1,1,166,NULL,164,1,NULL,0,NULL,NULL,NULL
AKL > CHCH Pre 10am Medical Book by 5pm | Arrives,,No,1,14582,14582,"11319, 11320, 11321, 11322, 11323",,"1, 2, 3, 4, 5",08:00:00,10:00:00,10000,34,164,63,Book by 5 pm. Next Business day service to Christchurch,1,NULL,1,33,1,1,166,NULL,164,1,NULL,0,NULL,NULL,NULL
AKL > CHCH Pre 8am Medical,,No,10,"16513, 14763, 169, 18185, 13713, 32946, 9477, 35755, 18188, 36739",16513,"8605, 8606, 8607, 8608, 8609","8620, 8621, 8622, 8623, 8624, 8900, 8901, 8902, 8903, 8904, 9228, 9229, 9230, 9231, 9232, 9677, 9678, 9679, 9680, 9681, 10199, 10200, 10201, 10202, 10203, 10613, 10614, 10615, 10616, 10617, 10733, 10734, 10735, 10736, 10737, 10854, 10855, 10856, 10857, 10858, 10959, 10960, 10961, 10962, 10963","1, 2, 3, 4, 5",06:00:00,08:00:00,10000,34,165,66,Book by 2 pm. Next Business day service to Christchurch,0,NULL,1,33,1,1,166,NULL,165,1,NULL,0,NULL,NULL,NULL
AKL > CHCH Pre 8am Medical #2,AKL > CHCH Pre 8am Medical,No,1,14927,14927,"8322, 8324, 8325, 8326, 11673",,"1, 2, 3, 4, 5",06:00:00,08:00:00,10000,20,165,14,Book by 4 pm. Next Business day service to Christchurch,1,NULL,1,33,1,1,166,NULL,164,1,NULL,0,NULL,NULL,NULL
AKL > CHCH Pre 8am Medical #3,AKL > CHCH Pre 8am Medical,No,1,3191,3191,"9177, 9178, 9179, 9180, 9181",,"1, 2, 3, 4, 5",06:00:00,08:00:00,10000,34,165,16,Book by 2 pm. Next Business day service to Christchurch,1,NULL,1,33,1,1,166,NULL,165,1,NULL,0,NULL,NULL,NULL
AKL > CHCH Pre 8am Medical #4,AKL > CHCH Pre 8am Medical,No,1,14578,14578,"9328, 9329, 9330, 9331, 9332",,"1, 2, 3, 4, 5",06:00:00,08:00:00,10000,34,165,16,Book by 2 pm. Next Business day service to Christchurch,0,NULL,1,33,1,1,166,NULL,165,1,NULL,0,NULL,NULL,NULL
AKL > CHCH Pre 8am Medical #5,AKL > CHCH Pre 8am Medical,No,1,16947,16947,"9717, 9718, 9719, 9720, 9721",,"1, 2, 3, 4, 5",06:00:00,08:00:00,10000,34,165,66,Book by 2 pm. Next Business day service to Christchurch | NO DGs allowed,0,NULL,1,33,1,1,166,NULL,165,1,NULL,0,NULL,NULL,NULL
AKL > CHCH Pre 8am Medical #6,AKL > CHCH Pre 8am Medical,No,1,36266,36266,"9862, 9863, 9864, 9865, 9866",,"1, 2, 3, 4, 5",06:00:00,08:00:00,10000,20,165,18,Book by 2 pm. Next Business day service to Christchurch,0,67,1,8,1,1,166,NULL,165,1,2,0,NULL,NULL,NULL
AKL > CHCH Pre 8am Medical #7,AKL > CHCH Pre 8am Medical,No,1,13773,13773,"11169, 11170, 11171, 11172, 11173",,"1, 2, 3, 4, 5",06:00:00,08:00:00,10000,34,165,66,Book by 2 pm. Next Business day service to Christchurch,0,NULL,1,33,1,1,1,NULL,165,0,2,0,NULL,NULL,NULL
AKL > CHCH Pre 8am Medical #8,AKL > CHCH Pre 8am Medical,No,1,35773,35773,"13082, 13083, 13084, 13085, 13086",,"1, 2, 3, 4, 5",06:00:00,08:00:00,10000,34,165,66,Book by 2 pm. Next Business day service to Christchurch,0,NULL,1,33,1,1,1,NULL,165,1,NULL,0,NULL,NULL,NULL
AKL > CHCH Pre 8am Medical Book by 4pm | Arrives,,No,1,14582,14582,"11658, 11659, 11660, 11661, 11662",,"1, 2, 3, 4, 5",06:00:00,08:00:00,10000,34,165,60,Book by 4 pm. Next Business day service to Christchurch,1,NULL,1,33,1,1,166,NULL,165,1,2,0,NULL,NULL,NULL
AKL > DUD Pre 10am Book by 5pm | Arrives,,No,1,14582,14582,"11430, 11431, 11432, 11433, 11434",,"1, 2, 3, 4, 5",06:00:00,10:00:00,10000,17,164,37,Book by 5 pm | 2-business day Service to Dunedin,1,NULL,1,33,NULL,NULL,166,NULL,164,1,NULL,0,NULL,NULL,NULL
AKL > Gisborne pre 10am,,No,8,"18185, 169, 16947, 32946, 9477, 35755, 36739, 13713",18185,"9238, 9239, 9240, 9241, 9242","9434, 9435, 9436, 9437, 9438, 9727, 9728, 9729, 9730, 9731, 10229, 10230, 10231, 10232, 10233, 10623, 10624, 10625, 10626, 10627, 10743, 10744, 10745, 10746, 10747, 10969, 10970, 10971, 10972, 10973, 11254, 11255, 11256, 11257, 11258","1, 2, 3, 4, 5",06:00:00,10:00:00,10000,22,164,17,Book by 1pm for overnight to Gisborne delivered before 8am,0,NULL,1,44,1,1,127,NULL,164,1,NULL,NULL,NULL,NULL,NULL
AKL > Gisborne pre 10am #2,AKL > Gisborne pre 10am,No,2,"14763, 16513",14763,"9045, 9046, 9047, 9048, 9049","9115, 9116, 9117, 9118, 9119","1, 2, 3, 4, 5",06:00:00,10:00:00,10000,22,164,17,Book by 1pm for overnight to Gisborne delivered before 8am,0,NULL,1,44,1,1,127,NULL,164,1,NULL,NULL,NULL,NULL,NULL
AKL > Gisborne pre 10am #3,AKL > Gisborne pre 10am,No,1,14927,14927,"8405, 8406, 8407, 8408, 8409",,"1, 2, 3, 4, 5",06:00:00,10:00:00,10000,22,164,17,Book by 1pm for overnight to Gisborne delivered before 10am,0,NULL,1,44,1,1,127,NULL,164,1,7,NULL,NULL,NULL,NULL
AKL > Gisborne pre 10am #4,AKL > Gisborne pre 10am,No,1,3191,3191,"9514, 9515, 9516, 9517, 9518",,"1, 2, 3, 4, 5",06:00:00,10:00:00,10000,22,164,17,Book by 1pm for overnight to Gisborne delivered before 8am,1,NULL,1,44,1,1,127,NULL,164,1,NULL,NULL,NULL,NULL,NULL
AKL > Gisborne pre 10am #5,AKL > Gisborne pre 10am,No,1,18188,18188,"10864, 10865, 10866, 10867, 10868",,"1, 2, 3, 4, 5",06:00:00,10:00:00,10000,22,164,65,Book by 1pm for overnight to Gisborne delivered before 8am,0,NULL,1,44,1,1,127,NULL,164,1,2,NULL,NULL,NULL,NULL
AKL > Gisborne pre 10am #6,AKL > Gisborne pre 10am,No,1,14582,14582,"11074, 11075, 11076, 11077, 11078",,"1, 2, 3, 4, 5",06:00:00,10:00:00,10000,22,164,17,Book by 1pm for overnight to Gisborne delivered before 10am,0,NULL,1,44,1,1,127,NULL,164,1,NULL,NULL,NULL,NULL,NULL
AKL > Gisborne pre 10am #7,AKL > Gisborne pre 10am,No,1,13773,13773,"11179, 11180, 11181, 11182, 11183",,"1, 2, 3, 4, 5",06:00:00,10:00:00,10000,22,164,65,Book by 1pm for overnight to Gisborne delivered before 8am - Chilled Service 2-8 Degrees,0,NULL,1,44,1,1,1,NULL,164,0,NULL,NULL,NULL,NULL,NULL
AKL > Gisborne pre 8am,,No,8,"18185, 169, 16947, 32946, 9477, 36739, 14582, 13713",18185,"9243, 9244, 9245, 9246, 9247","9439, 9440, 9441, 9442, 9443, 9732, 9733, 9734, 9735, 9736, 10234, 10235, 10236, 10237, 10238, 10628, 10629, 10630, 10631, 10632, 10974, 10975, 10976, 10977, 10978, 11079, 11080, 11081, 11082, 11083, 11259, 11260, 11261, 11262, 11263","1, 2, 3, 4, 5",06:00:00,08:00:00,10000,22,165,65,Book by 1pm for overnight to Gisborne delivered before 8am,0,NULL,1,44,1,1,127,NULL,165,1,NULL,NULL,NULL,NULL,NULL
AKL > Gisborne pre 8am #2,AKL > Gisborne pre 8am,No,2,"14763, 16513",14763,"9050, 9051, 9052, 9053, 9054","9120, 9121, 9122, 9123, 9124","1, 2, 3, 4, 5",06:00:00,08:00:00,10000,22,165,17,Book by 1pm for overnight to Gisborne delivered before 8am,0,NULL,1,44,1,1,127,NULL,165,1,NULL,NULL,NULL,NULL,NULL
AKL > Gisborne pre 8am #3,AKL > Gisborne pre 8am,No,1,14927,14927,"8410, 8411, 8412, 8413, 8414",,"1, 2, 3, 4, 5",06:00:00,08:00:00,10000,22,165,65,Book by 1pm for overnight to Gisborne delivered before 8am,0,NULL,1,44,1,1,127,NULL,165,1,7,NULL,NULL,NULL,NULL
AKL > Gisborne pre 8am #4,AKL > Gisborne pre 8am,No,1,14578,14578,"9338, 9339, 9340, 9341, 9342",,"1, 2, 3, 4, 5",06:00:00,10:00:00,10000,22,165,17,Book by 1pm for overnight to Gisborne delivered before 8am,0,NULL,1,44,1,1,127,NULL,165,1,NULL,NULL,NULL,NULL,NULL
AKL > Gisborne pre 8am #5,AKL > Gisborne pre 8am,No,1,3191,3191,"9519, 9520, 9521, 9522, 9523",,"1, 2, 3, 4, 5",06:00:00,08:00:00,10000,22,165,17,Book by 1pm for overnight to Gisborne delivered before 8am,1,NULL,1,44,1,1,127,NULL,165,1,NULL,NULL,NULL,NULL,NULL
AKL > Gisborne pre 8am #6,AKL > Gisborne pre 8am,No,1,35755,35755,"10748, 10749, 10750, 10751, 10752",,"1, 2, 3, 4, 5",06:00:00,08:00:00,10000,22,165,65,Book by 1pm for overnight to Gisborne delivered before 8am,0,NULL,1,8,1,1,127,NULL,165,1,2,NULL,NULL,NULL,NULL
AKL > Gisborne pre 8am #7,AKL > Gisborne pre 8am,No,1,18188,18188,"10869, 10870, 10871, 10872, 10873",,"1, 2, 3, 4, 5",06:00:00,08:00:00,10000,22,165,17,Book by 1pm for overnight to Gisborne delivered before 8am,0,NULL,1,44,1,1,127,NULL,165,1,2,NULL,NULL,NULL,NULL
AKL > Gisborne pre 8am #8,AKL > Gisborne pre 8am,No,1,13773,13773,"11184, 11185, 11186, 11187, 11188",,"1, 2, 3, 4, 5",06:00:00,08:00:00,10000,22,165,65,Book by 1pm for overnight to Gisborne delivered before 8am - Chilled Service 2-8 Degrees,0,NULL,1,44,1,1,1,NULL,165,0,NULL,NULL,NULL,NULL,NULL
AKL > HLZ Afternoon Medical Run,,No,4,"9477, 16947, 13713, 14578",9477,"2511, 2512, 2513, 2514, 2515","2586, 2587, 2588, 2589, 2590, 2696, 2697, 2698, 2699, 2700, 2801, 2802, 2803, 2804, 2805","1, 2, 3, 4, 5",12:30:00,17:00:00,10000,4,128,3,Pre 5pm Medical Deliveries to Hamilton,1,11,1,8,1,1,127,NULL,128,1,2,NULL,NULL,NULL,NULL
AKL > HLZ Afternoon Medical Run #2,AKL > HLZ Afternoon Medical Run,No,1,3191,3191,"2436, 2437, 2438, 2439, 2440",,"1, 2, 3, 4, 5",13:00:00,17:00:00,10000,4,128,3,Pre 5pm Medical Deliveries to Hamilton,1,11,1,8,1,1,127,NULL,128,1,2,NULL,NULL,NULL,NULL
AKL > HLZ Afternoon Medical Run 10:00am Collection,,No,1,13773,13773,"4209, 4210, 4211, 4212, 4213",,"1, 2, 3, 4, 5",13:00:00,17:00:00,10000,4,128,3,Pre 5pm Medical Deliveries to Hamilton,1,11,1,8,1,1,2,NULL,128,0,2,NULL,NULL,NULL,NULL
AKL > HLZ Afternoon Medical Run 10:00am Cutoff,,No,1,14582,14582,"11279, 11280, 11281, 11282, 11283",,"1, 2, 3, 4, 5",13:00:00,17:00:00,10000,4,128,3,Pre 5pm Medical Deliveries to Hamilton,1,11,1,8,1,1,20,NULL,128,0,2,NULL,NULL,NULL,NULL
AKL > HLZ Afternoon Medical Run 10am Collection,,No,1,35755,35755,"6893, 6894, 6895, 6896, 6897",,"1, 2, 3, 4, 5",12:00:00,17:00:00,10000,4,128,2,Pre 5pm Medical Deliveries to Hamilton,1,11,1,8,1,1,2,NULL,128,0,2,NULL,NULL,NULL,NULL
AKL > HLZ Afternoon Medical Run 10am Collection #2,AKL > HLZ Afternoon Medical Run 10am Collection,No,1,14927,14927,"7899, 7900, 7901, 7902, 7903",,"1, 2, 3, 4, 5",13:00:00,17:00:00,10000,4,128,3,Book by 10am | Pre 5pm Medical Deliveries to Hamilton,1,11,1,8,1,1,2,NULL,128,0,2,NULL,NULL,NULL,NULL
AKL > HLZ Afternoon Medical Run 10am Cutoff,,No,2,"169, 36672",169,"6988, 6989, 6990, 6991, 6992","7144, 7145, 7146, 7147, 7148","1, 2, 3, 4, 5",13:00:00,17:00:00,10000,4,128,3,Pre 5pm Medical Deliveries to Hamilton,1,60,1,8,1,1,2,NULL,128,1,2,NULL,NULL,NULL,NULL
AKL > HLZ Afternoon Medical Run 10am Cutoff #2,AKL > HLZ Afternoon Medical Run 10am Cutoff,No,1,16513,16513,"7053, 7054, 7055, 7056, 7057",,"1, 2, 3, 4, 5",13:00:00,17:00:00,10000,4,128,3,Pre 5pm Medical Deliveries to Hamilton,1,11,1,8,1,1,2,NULL,128,1,2,NULL,NULL,NULL,NULL
AKL > HLZ Afternoon Medical Run 930am Collection,,No,1,14927,14927,"2170, 2171, 2172, 2173, 2174",,"1, 2, 3, 4, 5",12:30:00,17:00:00,10000,4,128,3,Book by 930am | Pre 5pm Medical Deliveries to Hamilton,1,11,1,8,1,1,127,NULL,128,1,2,1,180,NULL,NULL
AKL > HLZ Afternoon Medical Run 930am Collection #2,AKL > HLZ Afternoon Medical Run 930am Collection,No,1,32946,32946,"10274, 10275, 10276, 10277, 10278, 10304, 10305, 10306, 10307, 10308",,"1, 2, 3, 4, 5",12:30:00,17:00:00,10000,4,128,3,Pre 5pm Medical Deliveries to Hamilton,1,11,1,8,1,1,127,NULL,128,1,2,1,180,NULL,NULL
AKL > HLZ Afternoon Medical Run 930am Cutoff,,No,1,16513,16513,"2626, 2627, 2628, 2629, 2630",,"1, 2, 3, 4, 5",12:30:00,17:00:00,10000,4,128,3,Pre 5pm Medical Deliveries to Hamilton,1,11,1,8,1,1,127,NULL,128,1,2,NULL,NULL,NULL,NULL
AKL > HLZ Afternoon Medical Run 9:30am Collection,,No,1,13773,13773,"4204, 4205, 4206, 4207, 4208",,"1, 2, 3, 4, 5",12:30:00,17:00:00,10000,4,128,3,Pre 5pm Medical Deliveries to Hamilton,1,11,1,8,1,1,1,NULL,128,0,2,NULL,NULL,NULL,NULL
AKL > HLZ Afternoon Medical Run 9:30am Collection #2,AKL > HLZ Afternoon Medical Run 9:30am Collection,No,1,35755,35755,"6298, 6299, 6300, 6301, 6302",,"1, 2, 3, 4, 5",12:30:00,17:00:00,10000,4,128,3,Pre 5pm Medical Deliveries to Hamilton,1,11,1,8,1,1,127,NULL,128,1,2,NULL,NULL,NULL,NULL
AKL > HLZ Afternoon Medical Run 9:30am Cutoff,,No,2,"169, 36672",169,"6983, 6984, 6985, 6986, 6987","7139, 7140, 7141, 7142, 7143","1, 2, 3, 4, 5",12:30:00,17:00:00,10000,4,128,3,Pre 5pm Medical Deliveries to Hamilton,1,60,1,8,1,1,127,NULL,128,1,2,NULL,NULL,NULL,NULL
AKL > HLZ Afternoon Medical Run 9:30am Cutoff #2,AKL > HLZ Afternoon Medical Run 9:30am Cutoff,No,1,14582,14582,"2546, 2547, 2548, 2549, 2550",,"1, 2, 3, 4, 5",12:30:00,17:00:00,10000,4,128,3,Pre 5pm Medical Deliveries to Hamilton,1,11,1,8,1,1,127,NULL,128,1,2,NULL,NULL,NULL,NULL
AKL > HLZ Afternoon Medical Run*12:00:00-17:00:00,,No,1,17122,17122,"2863, 2864, 2865, 2866, 2867",,"1, 2, 3, 4, 5",12:00:00,17:00:00,10000,4,128,2,Pre 5pm Medical Deliveries to Hamilton,1,11,1,8,1,1,127,NULL,128,1,2,NULL,NULL,NULL,NULL
AKL > HLZ Afternoon Medical Run*12:30:00-17:00:00,,No,3,"33103, 504, 13822",33103,"2731, 2732, 2733, 2734, 2735","2766, 2767, 2768, 2769, 2770, 4787, 4788, 4789, 4790, 4791","1, 2, 3, 4, 5",12:30:00,17:00:00,10000,4,128,3,Pre 5pm Medical Deliveries to Hamilton,1,60,1,8,1,1,127,NULL,128,1,2,NULL,NULL,NULL,NULL
AKL > HLZ Afternoon Medical Run*12:30:00-17:00:00 #2,AKL > HLZ Afternoon Medical Run*12:30:00-17:00:00,No,2,"14763, 18185",14763,"2471, 2472, 2473, 2474, 2475","3225, 3226, 3227, 3228, 3229","1, 2, 3, 4, 5",13:00:00,17:00:00,10000,4,128,3,Pre 5pm Medical Deliveries to Hamilton,1,11,1,8,1,1,127,NULL,128,1,2,NULL,NULL,NULL,NULL
AKL > HLZ Afternoon Medical Run*12:30:00-17:00:00 #3,AKL > HLZ Afternoon Medical Run*12:30:00-17:00:00,No,2,"18188, 36739",18188,"2661, 2662, 2663, 2664, 2665","8685, 8686, 8687, 8688, 8689","1, 2, 3, 4, 5",12:30:00,17:00:00,10000,4,128,3,Pre 5pm Medical Deliveries to Hamilton,1,11,1,8,1,1,127,NULL,128,1,2,NULL,NULL,NULL,NULL
AKL > HLZ Pre 8am Medical Run,,No,6,"9477, 16947, 18188, 17122, 36739, 32946",9477,"2516, 2517, 2518, 2519, 2520","2591, 2592, 2593, 2594, 2595, 2666, 2667, 2668, 2669, 2670, 2868, 2869, 2870, 2871, 2872, 8690, 8691, 8692, 8693, 8694, 12630, 12631, 12632, 12633, 12634","1, 2, 3, 4, 5",07:00:00,20:00:00,10000,4,128,62,Pre 8am Medical Deliveries to Hamilton,1,11,1,8,1,1,127,NULL,128,1,2,NULL,NULL,NULL,NULL
AKL > HLZ Pre 8am Medical Run #2,AKL > HLZ Pre 8am Medical Run,No,4,"16513, 14578, 35755, 169",16513,"2631, 2632, 2633, 2634, 2635","2806, 2807, 2808, 2809, 2810, 6303, 6304, 6305, 6306, 6307, 6993, 6994, 6995, 6996, 6997","1, 2, 3, 4, 5",07:00:00,14:00:00,10000,4,128,14,Pre 8am Medical Deliveries to Hamilton,1,11,1,8,1,1,127,NULL,128,1,2,NULL,NULL,NULL,NULL
AKL > HLZ Pre 8am Medical Run #3,AKL > HLZ Pre 8am Medical Run,No,3,"33103, 504, 13822",33103,"2736, 2737, 2738, 2739, 2740","2771, 2772, 2773, 2774, 2775, 4792, 4793, 4794, 4795, 4796","1, 2, 3, 4, 5",07:00:00,20:00:00,10000,4,128,62,Pre 8am Medical Deliveries to Hamilton,1,60,1,8,1,1,127,NULL,128,1,2,NULL,NULL,NULL,NULL
AKL > HLZ Pre 8am Medical Run #4,AKL > HLZ Pre 8am Medical Run,No,2,"13713, 18185",13713,"2701, 2702, 2703, 2704, 2705","3230, 3231, 3232, 3233, 3234","1, 2, 3, 4, 5",07:00:00,08:00:00,10000,4,128,14,Pre 8am Medical Deliveries to Hamilton,1,11,1,8,1,1,127,NULL,128,1,2,NULL,NULL,NULL,NULL
AKL > HLZ Pre 8am Medical Run #5,AKL > HLZ Pre 8am Medical Run,No,1,3191,3191,"2175, 2176, 2177, 2178, 2179",,"1, 2, 3, 4, 5",07:00:00,14:00:00,10000,4,128,12,Pre 8am Medical Deliveries to Hamilton,1,11,1,8,1,1,127,NULL,128,1,2,NULL,NULL,NULL,NULL
AKL > HLZ Pre 8am Medical Run #6,AKL > HLZ Pre 8am Medical Run,No,1,14927,14927,"2501, 2502, 2503, 2504, 2505",,"1, 2, 3, 4, 5",07:00:00,08:00:00,10000,4,128,60,Book by 5pm | Pre 8am Medical Deliveries to Hamilton,1,11,1,8,1,1,127,NULL,128,1,2,NULL,NULL,NULL,NULL
AKL > HLZ Pre 8am Medical Run #7,AKL > HLZ Pre 8am Medical Run,No,1,14763,14763,"2506, 2507, 2508, 2509, 2510, 5839, 5840, 5841, 5842, 5843",,"1, 2, 3, 4, 5",07:00:00,14:00:00,10000,4,128,11,Pre 8am Medical Deliveries to Hamilton,1,11,1,8,1,1,127,NULL,128,1,2,NULL,NULL,NULL,NULL
AKL > HLZ Pre 8am Medical Run #8,AKL > HLZ Pre 8am Medical Run,No,1,14582,14582,"2551, 2552, 2553, 2554, 2555",,"1, 2, 3, 4, 5",07:00:00,08:00:00,10000,4,128,12,Pre 8am Medical Deliveries to Hamilton,1,11,1,8,1,1,127,NULL,128,1,2,NULL,NULL,NULL,NULL
AKL > HLZ Pre 8am Medical Run #9,AKL > HLZ Pre 8am Medical Run,No,1,13773,13773,"4872, 4873, 4874, 4875, 4876",,"1, 2, 3, 4, 5",07:00:00,14:00:00,10000,4,128,62,Pre 8am Medical Deliveries to Hamilton,1,11,1,8,1,1,1,NULL,128,0,2,NULL,NULL,NULL,NULL
AKL > HLZ Pre 8am Medical Run #10,AKL > HLZ Pre 8am Medical Run,No,1,36672,36672,"7149, 7150, 7151, 7152, 7153",,"1, 2, 3, 4, 5",07:00:00,14:00:00,10000,4,128,62,Pre 8am Medical Deliveries to Hamilton,1,60,1,8,1,1,127,NULL,128,1,2,NULL,NULL,NULL,NULL
AKL > HLZ Pre 8am Medical Run TEST,,No,1,36266,36266,"8453, 8454, 8455, 8456, 8457",,"1, 2, 3, 4, 5",07:00:00,14:00:00,10000,4,128,62,Pre 8am Medical Deliveries to Hamilton,1,60,1,8,1,1,127,NULL,128,1,2,NULL,NULL,NULL,NULL
AKL > Masterton,,No,5,"9477, 35755, 18188, 36739, 14582",9477,"10633, 10634, 10635, 10636, 10637","10753, 10754, 10755, 10756, 10757, 10874, 10875, 10876, 10877, 10878, 10979, 10980, 10981, 10982, 10983, 11084, 11085, 11086, 11087, 11088","1, 2, 3, 4, 5",09:00:00,11:00:00,10000,30,164,68,Book by 1 pm for overnight to Masterton delivery goal 11 am,0,NULL,1,8,1,1,127,NULL,164,1,2,0,NULL,NULL,NULL
AKL > Masterton #2,AKL > Masterton,No,2,"13713, 14927",13713,"8740, 8741, 8742, 8743, 8744","9914, 9915, 9916, 9917, 9918","1, 2, 3, 4, 5",09:00:00,10:00:00,10000,30,164,68,Book by 1 pm for overnight to Masterton delivery goal 10 am,0,NULL,1,8,1,1,127,NULL,164,1,2,0,NULL,NULL,NULL
AKL > Masterton #3,AKL > Masterton,No,1,32946,32946,"10269, 10270, 10271, 10272, 10273",,"1, 2, 3, 4, 5",09:00:00,11:00:00,10000,30,164,20,Book by 1 pm for overnight to Masterton delivery goal 11 am,0,NULL,1,8,1,1,127,NULL,164,1,2,0,NULL,NULL,NULL
AKL > Masterton #4,AKL > Masterton,No,1,13773,13773,"11189, 11190, 11191, 11192, 11193",,"1, 2, 3, 4, 5",09:00:00,11:00:00,10000,30,164,20,Book by 1 pm for overnight to Masterton delivery goal 11 am - Chilled Service 2-8 Degrees,0,NULL,1,8,1,1,1,NULL,164,0,2,0,NULL,NULL,NULL
AKL > Napier pre 10am,,No,9,"18185, 14578, 169, 16947, 32946, 9477, 35755, 18188, 14582",18185,"9253, 9254, 9255, 9256, 9257","9353, 9354, 9355, 9356, 9357, 9449, 9450, 9451, 9452, 9453, 9742, 9743, 9744, 9745, 9746, 10184, 10185, 10186, 10187, 10188, 10643, 10644, 10645, 10646, 10647, 10763, 10764, 10765, 10766, 10767, 10884, 10885, 10886, 10887, 10888, 11094, 11095, 11096, 11097, 11098","1, 2, 3, 4, 5",06:00:00,10:00:00,10000,10,164,65,Book by 1pm for overnight to Napier delivered before 10am,0,NULL,1,8,1,1,127,NULL,164,1,2,NULL,NULL,NULL,NULL
AKL > Napier pre 10am #2,AKL > Napier pre 10am,No,2,"14763, 16513",14763,"9060, 9061, 9062, 9063, 9064","9130, 9131, 9132, 9133, 9134","1, 2, 3, 4, 5",06:00:00,10:00:00,10000,10,164,60,Book by 1pm for overnight to Napier delivered before 10am,0,NULL,1,8,1,1,127,NULL,164,1,2,NULL,NULL,NULL,NULL
AKL > Napier pre 10am #3,AKL > Napier pre 10am,No,1,14927,14927,"7089, 7090, 7091, 7092, 7093",,"1, 2, 3, 4, 5",06:00:00,10:00:00,10000,10,164,17,Book by 1pm for overnight to Napier delivered before 10am,0,NULL,1,8,1,1,127,NULL,164,1,2,NULL,NULL,NULL,NULL
AKL > Napier pre 10am #4,AKL > Napier pre 10am,No,1,13713,13713,"7289, 7290, 7291, 7292, 7293",,"1, 2, 3, 4, 5",06:00:00,10:00:00,10000,10,164,17,Book by 1pm for overnight to Napier delivered before 10am,0,NULL,1,8,1,1,142,NULL,164,1,2,NULL,NULL,NULL,NULL
AKL > Napier pre 10am #5,AKL > Napier pre 10am,No,1,36739,36739,"10984, 10985, 10986, 10987, 10988, 10989, 10990, 10991, 10992, 10993",,"1, 2, 3, 4, 5",06:00:00,08:00:00,10000,10,164,17,Book by 1pm for overnight to Napier delivered before 10am,0,NULL,1,8,1,1,127,NULL,164,1,2,NULL,NULL,NULL,NULL
AKL > Napier pre 10am #6,AKL > Napier pre 10am,No,1,13773,13773,"11199, 11200, 11201, 11202, 11203",,"1, 2, 3, 4, 5",06:00:00,10:00:00,10000,10,164,17,Book by 1pm for overnight to Napier delivered before 10am - Chilled Service 2-8 Degrees,0,NULL,1,8,1,1,1,NULL,164,0,2,NULL,NULL,NULL,NULL
AKL > Napier pre 8am,,No,8,"14578, 169, 3191, 16947, 32946, 9477, 35755, 18188",14578,"9348, 9349, 9350, 9351, 9352","9444, 9445, 9446, 9447, 9448, 9524, 9525, 9526, 9527, 9528, 9737, 9738, 9739, 9740, 9741, 10249, 10250, 10251, 10252, 10253, 10638, 10639, 10640, 10641, 10642, 10758, 10759, 10760, 10761, 10762, 10879, 10880, 10881, 10882, 10883","1, 2, 3, 4, 5",06:00:00,08:00:00,10000,10,165,17,Book by 1pm for overnight to Napier delivered before 8am,0,65,1,8,1,1,127,NULL,165,1,2,NULL,NULL,NULL,NULL
AKL > Napier pre 8am #2,AKL > Napier pre 8am,No,2,"14763, 16513",14763,"9055, 9056, 9057, 9058, 9059","9125, 9126, 9127, 9128, 9129","1, 2, 3, 4, 5",06:00:00,08:00:00,10000,10,165,17,Book by 1pm for overnight to Napier delivered before 8am,0,65,1,8,1,1,127,NULL,165,1,2,NULL,NULL,NULL,NULL
AKL > Napier pre 8am #3,AKL > Napier pre 8am,No,1,14927,14927,"7074, 7075, 7076, 7077, 7078, 9248, 9249, 9250, 9251, 9252",,"1, 2, 3, 4, 5",06:00:00,08:00:00,10000,10,165,17,Book by 1pm for overnight to Napier delivered before 8am,0,65,1,8,1,1,127,NULL,165,1,2,NULL,NULL,NULL,NULL
AKL > Napier pre 8am #4,AKL > Napier pre 8am,No,1,13713,13713,"7284, 7285, 7286, 7287, 7288",,"1, 2, 3, 4, 5",06:00:00,08:00:00,10000,10,165,65,Book by 1pm for overnight to Napier delivered before 8am,0,65,1,8,1,1,142,NULL,165,1,2,NULL,NULL,NULL,NULL
AKL > Napier pre 8am #5,AKL > Napier pre 8am,No,1,14582,14582,"11089, 11090, 11091, 11092, 11093",,"1, 2, 3, 4, 5",06:00:00,08:00:00,10000,10,165,17,Book by 1pm for overnight to Napier delivered before 8am,0,NULL,1,8,1,1,127,NULL,165,1,2,NULL,NULL,NULL,NULL
AKL > Napier pre 8am #6,AKL > Napier pre 8am,No,1,13773,13773,"11194, 11195, 11196, 11197, 11198",,"1, 2, 3, 4, 5",06:00:00,08:00:00,10000,10,165,65,Book by 1pm for overnight to Napier delivered before 8am - Chilled Service 2-8 Degrees,0,65,1,8,1,1,1,NULL,165,0,2,NULL,NULL,NULL,NULL
AKL > New Plymouth,,No,1,3553,3553,"11712, 11713, 11714, 11715, 11716",,"1, 2, 3, 4, 5",06:00:00,10:00:00,10000,12,164,65,Book by 12pm for overnight to New Plymouth delivered before 12pm,0,NULL,1,8,1,1,127,NULL,164,1,2,NULL,NULL,NULL,NULL
AKL > New Plymouth pre 10am,,No,11,"14578, 169, 16947, 32946, 9477, 35755, 18188, 36739, 14582, 13713, 14927",14578,"9358, 9359, 9360, 9361, 9362","9454, 9455, 9456, 9457, 9458, 9747, 9748, 9749, 9750, 9751, 10244, 10245, 10246, 10247, 10248, 10648, 10649, 10650, 10651, 10652, 10768, 10769, 10770, 10771, 10772, 10889, 10890, 10891, 10892, 10893, 10994, 10995, 10996, 10997, 10998, 11099, 11100, 11101, 11102, 11103, 11234, 11235, 11236, 11237, 11238, 11933, 11934, 11935, 11936, 11937","1, 2, 3, 4, 5",06:00:00,10:00:00,10000,12,164,17,Book by 1pm for overnight to New Plymouth delivered before 10am,0,NULL,1,8,1,1,127,NULL,164,1,2,NULL,NULL,NULL,NULL
AKL > New Plymouth pre 10am #2,AKL > New Plymouth pre 10am,No,2,"14763, 18185",14763,"9065, 9066, 9067, 9068, 9069","9258, 9259, 9260, 9261, 9262","1, 2, 3, 4, 5",06:00:00,10:00:00,10000,12,164,17,Book by 1pm for overnight to New Plymouth delivered before 10am,0,NULL,1,8,1,1,127,NULL,164,1,2,NULL,NULL,NULL,NULL
AKL > New Plymouth pre 10am #3,AKL > New Plymouth pre 10am,No,1,16513,16513,"9135, 9136, 9137, 9138, 9139",,"1, 2, 3, 4, 5",06:00:00,10:00:00,10000,12,164,17,Book by 1pm for overnight to Napier delivered before 10am,0,NULL,1,8,1,1,127,NULL,164,1,2,NULL,NULL,NULL,NULL
AKL > New Plymouth pre 10am #4,AKL > New Plymouth pre 10am,No,1,3191,3191,"9529, 9530, 9531, 9532, 9533, 9534, 9535, 9536, 9537, 9538",,"1, 2, 3, 4, 5",06:00:00,10:00:00,10000,12,164,65,Book by 1pm for overnight to New Plymouth delivered before 10am,0,NULL,1,8,1,1,127,NULL,164,1,2,NULL,NULL,NULL,NULL
AKL > New Plymouth pre 10am #5,AKL > New Plymouth pre 10am,No,1,13773,13773,"11204, 11205, 11206, 11207, 11208",,"1, 2, 3, 4, 5",06:00:00,10:00:00,10000,12,164,65,Book by 1pm for overnight to New Plymouth delivered before 10am - Chilled Service 2-8 Degrees,0,NULL,1,8,1,1,1,NULL,164,0,2,NULL,NULL,NULL,NULL
AKL > Palmerston North pre 10am,,No,7,"18185, 14578, 169, 32946, 9477, 18188, 36739",18185,"9268, 9269, 9270, 9271, 9272","9368, 9369, 9370, 9371, 9372, 9464, 9465, 9466, 9467, 9468, 10179, 10180, 10181, 10182, 10183, 10658, 10659, 10660, 10661, 10662, 10899, 10900, 10901, 10902, 10903, 11004, 11005, 11006, 11007, 11008","1, 2, 3, 4, 5",06:00:00,10:00:00,10000,6,164,65,Book by 1pm for overnight to Palmerston North delivered before 8am,0,66,1,8,1,1,127,NULL,164,1,2,NULL,NULL,NULL,NULL
AKL > Palmerston North pre 10am #2,AKL > Palmerston North pre 10am,No,3,"14927, 16947, 14582",14927,"7084, 7085, 7086, 7087, 7088","9757, 9758, 9759, 9760, 9761, 11109, 11110, 11111, 11112, 11113","1, 2, 3, 4, 5",06:00:00,10:00:00,10000,6,164,17,Book by 1pm for overnight to Palmerston North delivered before 10am,0,66,1,8,1,1,127,NULL,164,1,2,NULL,NULL,NULL,NULL
AKL > Palmerston North pre 10am #3,AKL > Palmerston North pre 10am,No,2,"14763, 16513",14763,"9075, 9076, 9077, 9078, 9079","9145, 9146, 9147, 9148, 9149","1, 2, 3, 4, 5",06:00:00,10:00:00,10000,6,164,60,Book by 1pm for overnight to Palmerston North delivered before 8am,0,66,1,8,1,1,127,NULL,164,1,2,NULL,NULL,NULL,NULL
AKL > Palmerston North pre 10am #4,AKL > Palmerston North pre 10am,No,1,13713,13713,"7279, 7280, 7281, 7282, 7283",,"1, 2, 3, 4, 5",06:00:00,10:00:00,10000,6,164,65,Book by 1pm for overnight to Palmerston North delivered before 10am,0,66,1,8,1,1,142,NULL,164,1,2,NULL,NULL,NULL,NULL
AKL > Palmerston North pre 10am #5,AKL > Palmerston North pre 10am,No,1,35755,35755,"10773, 10774, 10775, 10776, 10777, 10778, 10779, 10780, 10781, 10782",,"1, 2, 3, 4, 5",06:00:00,08:00:00,10000,6,164,65,Book by 1pm for overnight to Palmerston North delivered before 10am,0,66,1,8,1,1,127,NULL,164,1,2,NULL,NULL,NULL,NULL
AKL > Palmerston North pre 10am #6,AKL > Palmerston North pre 10am,No,1,13773,13773,"11214, 11215, 11216, 11217, 11218",,"1, 2, 3, 4, 5",06:00:00,10:00:00,10000,6,164,17,Book by 1pm for overnight to Palmerston North delivered before 8am - Chilled Service 2-8 Degrees,0,66,1,8,1,1,1,NULL,164,0,2,NULL,NULL,NULL,NULL
AKL > Palmerston North pre 8am,,No,9,"18185, 14578, 169, 16947, 32946, 9477, 18188, 36739, 14582",18185,"9263, 9264, 9265, 9266, 9267, 9288, 9289, 9290, 9291, 9292","9363, 9364, 9365, 9366, 9367, 9459, 9460, 9461, 9462, 9463, 9752, 9753, 9754, 9755, 9756, 10174, 10175, 10176, 10177, 10178, 10653, 10654, 10655, 10656, 10657, 10894, 10895, 10896, 10897, 10898, 10999, 11000, 11001, 11002, 11003, 11104, 11105, 11106, 11107, 11108","1, 2, 3, 4, 5",06:00:00,08:00:00,10000,6,165,65,Book by 1pm for overnight to Palmerston North delivered before 8am,0,66,1,8,1,1,127,NULL,165,1,2,NULL,NULL,NULL,NULL
AKL > Palmerston North pre 8am #2,AKL > Palmerston North pre 8am,No,2,"14763, 16513",14763,"9070, 9071, 9072, 9073, 9074","9140, 9141, 9142, 9143, 9144","1, 2, 3, 4, 5",06:00:00,08:00:00,10000,6,165,17,Book by 1pm for overnight to Palmerston North delivered before 8am,0,66,1,8,1,1,127,NULL,165,1,2,NULL,NULL,NULL,NULL
AKL > Palmerston North pre 8am #3,AKL > Palmerston North pre 8am,No,1,13713,13713,"7274, 7275, 7276, 7277, 7278",,"1, 2, 3, 4, 5",06:00:00,08:00:00,10000,6,165,65,Book by 1pm for overnight to Palmerston North delivered before 8am,0,66,1,8,1,1,142,NULL,165,1,2,NULL,NULL,NULL,NULL
AKL > Palmerston North pre 8am #4,AKL > Palmerston North pre 8am,No,1,14927,14927,"8485, 8486, 8487, 8488, 8489",,"1, 2, 3, 4, 5",06:00:00,10:00:00,10000,6,165,17,Book by 1pm for overnight to Palmerston North delivered before 8am,0,66,1,8,1,1,127,NULL,165,1,2,NULL,NULL,NULL,NULL
AKL > Palmerston North pre 8am #5,AKL > Palmerston North pre 8am,No,1,3191,3191,"9539, 9540, 9541, 9542, 9543",,"1, 2, 3, 4, 5",06:00:00,08:00:00,10000,6,165,65,Book by 1pm for overnight to Palmerston North delivered before 8am,1,66,1,8,1,1,127,NULL,165,1,2,NULL,NULL,NULL,NULL
AKL > Palmerston North pre 8am #6,AKL > Palmerston North pre 8am,No,1,13773,13773,"11209, 11210, 11211, 11212, 11213",,"1, 2, 3, 4, 5",06:00:00,08:00:00,10000,6,165,65,Book by 1pm for overnight to Palmerston North delivered before 8am,0,66,1,8,1,1,1,NULL,165,0,2,NULL,NULL,NULL,NULL
AKL > Pukekohe Overnight Medical Run,,No,15,"14927, 13713, 16947, 36820, 14578, 3191, 169, 32946, 14821, 9477, 35755, 18188, 36739, 14582, 13773",14927,"4309, 4310, 4311, 4312, 4313","7361, 7362, 7363, 7364, 7365, 7612, 7613, 7614, 7615, 7616, 7725, 7726, 7727, 7728, 7729, 8745, 8746, 8747, 8748, 8749, 8760, 8761, 8762, 8763, 8764, 9293, 9294, 9295, 9296, 9297, 9479, 9480, 9481, 9482, 9483, 9559, 9560, 9561, 9562, 9563, 10159, 10160, 10161, 10162, 10163, 10563, 10564, 10565, 10566, 10567, 10573, 10574, 10575, 10576, 10577, 10683, 10684, 10685, 10686, 10687, 10814, 10815, 10816, 10817, 10818, 10919, 10920, 10921, 10922, 10923, 11024, 11025, 11026, 11027, 11028, 11129, 11130, 11131, 11132, 11133","1, 2, 3, 4, 5",06:30:00,08:30:00,10000,8,154,61,Overnight delivery to Pukekohe for Medical customers,1,64,1,8,1,1,127,NULL,154,1,2,NULL,NULL,NULL,NULL
AKL > Pukekohe Overnight Medical Run #2,AKL > Pukekohe Overnight Medical Run,No,1,18185,18185,"9187, 9188, 9189, 9190, 9191",,"1, 2, 3, 4, 5",06:30:00,08:30:00,10000,8,154,13,Book by 5 pm for delivery by 8:30 am the next business day,1,64,1,8,1,1,127,NULL,154,1,2,NULL,NULL,NULL,NULL
AKL > ROT Afternoon Medical Run,,No,3,"33103, 504, 13822",33103,"2741, 2742, 2743, 2744, 2745","2776, 2777, 2778, 2779, 2780, 4797, 4798, 4799, 4800, 4801","1, 2, 3, 4, 5",15:30:00,17:00:00,10000,4,129,6,Pre 5pm Medical Deliveries to Hamilton,1,39,1,8,1,1,127,NULL,128,1,2,NULL,NULL,NULL,NULL
AKL > ROT Afternoon Medical Run #2,AKL > ROT Afternoon Medical Run,No,1,17122,17122,"2873, 2874, 2875, 2876, 2877",,"1, 2, 3, 4, 5",15:00:00,17:00:00,10000,4,129,5,Pre 5pm Medical Deliveries to Hamilton,1,39,1,8,1,1,127,NULL,128,1,2,NULL,NULL,NULL,NULL
AKL > ROT Afternoon Medical Run #3,AKL > ROT Afternoon Medical Run,No,1,36672,36672,"7154, 7155, 7156, 7157, 7158",,"1, 2, 3, 4, 5",15:30:00,17:00:00,10000,4,129,6,Pre 5pm Medical Deliveries to Rotorua,1,39,1,8,1,1,127,NULL,129,1,2,NULL,NULL,NULL,NULL
AKL > ROT Pre 10am Medical Run,,No,5,"9477, 14582, 16947, 18188, 18185",9477,"2526, 2527, 2528, 2529, 2530","2561, 2562, 2563, 2564, 2565, 2601, 2602, 2603, 2604, 2605, 2676, 2677, 2678, 2679, 2680, 3255, 3256, 3257, 3258, 3259","1, 2, 3, 4, 5",09:00:00,10:00:00,10000,4,129,64,Pre 10am Medical Deliveries to Rotorua,1,11,1,8,1,1,127,NULL,129,1,2,NULL,NULL,NULL,NULL
AKL > ROT Pre 10am Medical Run #2,AKL > ROT Pre 10am Medical Run,No,3,"35755, 14578, 169",35755,"2641, 2642, 2643, 2644, 2645","2816, 2817, 2818, 2819, 2820, 7003, 7004, 7005, 7006, 7007","1, 2, 3, 4, 5",09:00:00,14:00:00,10000,4,129,16,Pre 10am Medical Deliveries to Rotorua,1,11,1,8,1,1,127,NULL,129,1,2,NULL,NULL,NULL,NULL
AKL > ROT Pre 10am Medical Run #3,AKL > ROT Pre 10am Medical Run,No,1,14927,14927,"2337, 2338, 2339, 2340, 2341",,"1, 2, 3, 4, 5",09:00:00,10:00:00,10000,4,128,14,Book by 5pm | Pre 10am Medical Deliveries to Rotorua,1,11,1,8,1,1,127,NULL,128,1,2,NULL,NULL,NULL,NULL
AKL > ROT Pre 10am Medical Run #4,AKL > ROT Pre 10am Medical Run,No,1,3191,3191,"2451, 2452, 2453, 2454, 2455",,"1, 2, 3, 4, 5",10:00:00,14:00:00,10000,4,129,63,Pre 10am Medical Deliveries to Rotorua,1,11,1,8,1,1,127,NULL,129,1,2,NULL,NULL,NULL,NULL
AKL > ROT Pre 10am Medical Run #5,AKL > ROT Pre 10am Medical Run,No,1,13713,13713,"2711, 2712, 2713, 2714, 2715",,"1, 2, 3, 4, 5",09:00:00,10:00:00,10000,4,129,16,Pre10am Medical Deliveries to Rotorua,1,11,1,8,1,1,127,NULL,129,1,2,NULL,NULL,NULL,NULL
AKL > ROT Pre 10am Medical Run #6,AKL > ROT Pre 10am Medical Run,No,1,13773,13773,"4882, 4883, 4884, 4885, 4886",,"1, 2, 3, 4, 5",09:00:00,14:00:00,10000,4,128,64,Pre 10am Medical Deliveries to Rotorua,1,11,1,8,1,1,1,NULL,129,0,2,NULL,NULL,NULL,NULL
AKL > ROT Pre 10am Medical Run #7,AKL > ROT Pre 10am Medical Run,No,1,16513,16513,"7033, 7034, 7035, 7036, 7037",,"1, 2, 3, 4, 5",09:00:00,12:00:00,10000,4,129,16,Pre 10am Medical Deliveries to Rotorua,1,11,1,8,1,1,127,NULL,129,1,2,NULL,NULL,NULL,NULL
AKL > ROT Pre 10am Medical Run #8,AKL > ROT Pre 10am Medical Run,No,1,32946,32946,"10289, 10290, 10291, 10292, 10293",,"1, 2, 3, 4, 5",09:00:00,10:00:00,10000,4,128,14,Pre 10am Medical Deliveries to Rotorua,1,11,1,8,1,1,127,NULL,128,1,2,NULL,NULL,NULL,NULL
AKL > ROT Pre 10am Medical Run 9-10am,,No,1,14763,14763,"2481, 2482, 2483, 2484, 2485",,"1, 2, 3, 4, 5",09:00:00,14:00:00,10000,4,129,13,Pre 10am Medical Deliveries to Rotorua,1,11,1,8,1,1,127,NULL,129,1,2,NULL,NULL,NULL,NULL
AKL > ROT Pre 10am Medical Run 9-10am - Evening,,No,1,14763,14763,"5809, 5810, 5811, 5812, 5813",,"1, 2, 3, 4, 5",09:05:00,14:00:00,10000,4,129,12,No Collection - Must book Afterhours pick up,1,11,0,8,1,1,1,NULL,129,1,2,NULL,NULL,NULL,NULL
AKL > ROT Pre 10am Medical Run*09:00:00-10:00:00,,No,1,36739,36739,"8700, 8701, 8702, 8703, 8704",,"1, 2, 3, 4, 5",09:00:00,10:00:00,10000,4,129,64,Pre 10am Medical Deliveries to Rotorua,1,11,1,8,1,1,127,NULL,129,1,2,NULL,NULL,NULL,NULL
AKL > ROT Pre 8am Medical Run,,No,1,36672,36672,"7159, 7160, 7161, 7162, 7163",,"1, 2, 3, 4, 5",09:00:00,14:00:00,10000,4,129,64,Pre 8am Medical Deliveries to Rotorua,1,39,1,8,1,1,127,NULL,129,1,2,NULL,NULL,NULL,NULL
AKL > ROT Pre 8am Medical Run*09:00:00-10:00:00,,No,4,"33103, 504, 17122, 13822",33103,"2746, 2747, 2748, 2749, 2750","2781, 2782, 2783, 2784, 2785, 2878, 2879, 2880, 2881, 2882, 4807, 4808, 4809, 4810, 4811","1, 2, 3, 4, 5",09:00:00,10:00:00,10000,4,129,16,Pre 8am Medical Deliveries to Hamilton,1,39,1,8,1,1,127,NULL,129,1,2,NULL,NULL,NULL,NULL
AKL > Taupo Pre 8am Medical Run,,No,2,"32946, 14821",32946,"10315, 10316, 10317","10413, 10414, 10415","1, 3, 5",07:00:00,12:00:00,10000,4,128,14,"Pre 8am Medical Deliveries to Taupo (Mon, Wed, Fri only)",0,11,1,8,NULL,NULL,127,NULL,128,1,2,0,NULL,NULL,NULL
"AKL > Taupo, Tokoroa, Putaruru, TeAwamutu",,No,1,16166,16166,"13120, 13121, 13122",,"1, 3, 5",07:00:00,12:00:00,10000,4,128,62,"Book by 5pm for overnight delivery to Taupo, Tokoroa, Putaruru, TeAwamutu",1,11,1,8,NULL,NULL,127,NULL,128,1,NULL,0,NULL,NULL,NULL
AKL > TGA Afternoon Medical Run,,No,3,"169, 16513, 36672",169,"7008, 7009, 7010, 7011, 7012","7038, 7039, 7040, 7041, 7042, 7164, 7165, 7166, 7167, 7168","1, 2, 3, 4, 5",15:00:00,17:00:00,10000,3,129,6,Pre 5pm Medical Deliveries to Tauranga,1,12,1,8,1,1,127,NULL,129,1,2,NULL,NULL,NULL,NULL
AKL > TGA Afternoon Medical Run #2,AKL > TGA Afternoon Medical Run,No,1,3191,3191,"2456, 2457, 2458, 2459, 2460",,"1, 2, 3, 4, 5",15:00:00,17:00:00,10000,3,129,5,Pre 5pm Medical Deliveries to Tauranga,1,12,1,8,1,1,127,NULL,129,1,2,NULL,NULL,NULL,NULL
AKL > TGA Afternoon Medical Run #3,AKL > TGA Afternoon Medical Run,No,1,9477,9477,"2531, 2532, 2533, 2534, 2535",,"1, 2, 3, 4, 5",14:30:00,17:00:00,10000,3,129,6,Pre 5pm Medical Deliveries to Hamilton,1,12,1,8,1,1,127,NULL,129,1,2,NULL,NULL,NULL,NULL
AKL > TGA Afternoon Medical Run #4,AKL > TGA Afternoon Medical Run,No,1,13713,13713,"2716, 2717, 2718, 2719, 2720",,"1, 2, 3, 4, 5",15:00:00,17:00:00,10000,3,129,6,Pre 5pm Medical Deliveries to Hamilton,1,12,1,8,1,1,127,NULL,129,1,2,NULL,NULL,NULL,NULL
AKL > TGA Afternoon Medical Run #5,AKL > TGA Afternoon Medical Run,No,1,13773,13773,"4887, 4888, 4889, 4890, 4891",,"1, 2, 3, 4, 5",15:00:00,17:00:00,10000,3,129,6,Pre 5pm Medical Deliveries to Hamilton,1,12,1,8,1,1,1,NULL,129,0,2,NULL,NULL,NULL,NULL
AKL > TGA Afternoon Medical Run 10:00am Cutoff,,No,1,14582,14582,"11289, 11290, 11291, 11292, 11293",,"1, 2, 3, 4, 5",15:00:00,17:00:00,10000,3,129,5,Pre 5pm Medical Deliveries to Tauranga,1,12,1,8,1,1,20,NULL,129,1,2,NULL,NULL,NULL,NULL
AKL > TGA Afternoon Medical Run 10am Collection,,No,1,35755,35755,"6318, 6319, 6320, 6321, 6322",,"1, 2, 3, 4, 5",15:00:00,17:00:00,10000,3,129,5,Pre 5pm Medical Deliveries to Tauranga,1,12,1,8,1,1,2,NULL,129,1,2,NULL,NULL,NULL,NULL
AKL > TGA Afternoon Medical Run 10am Collection #2,AKL > TGA Afternoon Medical Run 10am Collection,No,1,14927,14927,"7904, 7905, 7906, 7907, 7908",,"1, 2, 3, 4, 5",15:00:00,17:00:00,10000,3,129,5,Book by 10am | Pre 5pm Medical Deliveries to Tauranga,1,12,1,8,1,1,2,NULL,129,0,2,NULL,NULL,NULL,NULL
AKL > TGA Afternoon Medical Run 3-5pm,,No,1,14763,14763,"2486, 2487, 2488, 2489, 2490",,"1, 2, 3, 4, 5",15:00:00,17:00:00,10000,3,129,6,Pre 5pm Medical Deliveries to Tauranga,1,12,1,8,1,1,127,NULL,129,1,2,NULL,NULL,NULL,NULL
AKL > TGA Afternoon Medical Run 930am Collection,,No,1,14927,14927,"2332, 2333, 2334, 2335, 2336",,"1, 2, 3, 4, 5",14:30:00,17:00:00,10000,3,129,5,Book by 930am | Pre 5pm Medical Deliveries to Tauranga,1,12,1,8,1,1,127,NULL,129,1,2,0,NULL,NULL,NULL
AKL > TGA Afternoon Medical Run 930am Collection #2,AKL > TGA Afternoon Medical Run 930am Collection,No,1,32946,32946,"10284, 10285, 10286, 10287, 10288",,"1, 2, 3, 4, 5",14:30:00,17:00:00,10000,3,129,5,Pre 5pm Medical Deliveries to Tauranga,1,12,1,8,1,1,127,NULL,129,1,2,0,NULL,NULL,NULL
AKL > TGA Afternoon Medical Run 9:30am Collection,,No,1,35755,35755,"2646, 2647, 2648, 2649, 2650",,"1, 2, 3, 4, 5",15:30:00,17:00:00,10000,3,129,6,Pre 5pm Medical Deliveries to Tauranga,1,12,1,8,1,1,127,NULL,129,1,2,NULL,NULL,NULL,NULL
AKL > TGA Afternoon Medical Run 9:30am Cutoff,,No,1,14582,14582,"2566, 2567, 2568, 2569, 2570",,"1, 2, 3, 4, 5",14:30:00,17:00:00,10000,3,129,5,Pre 5pm Medical Deliveries to Tauranga,1,12,1,8,1,1,127,NULL,129,1,2,NULL,NULL,NULL,NULL
AKL > TGA Afternoon Medical Run*15:00:00-17:00:00,,No,6,"16947, 18188, 33103, 504, 13822, 36739",16947,"2621, 2622, 2623, 2624, 2625","2681, 2682, 2683, 2684, 2685, 2751, 2752, 2753, 2754, 2755, 2786, 2787, 2788, 2789, 2790, 4812, 4813, 4814, 4815, 4816, 8705, 8706, 8707, 8708, 8709","1, 2, 3, 4, 5",15:00:00,17:00:00,10000,3,129,6,Pre 5pm Medical Deliveries to Hamilton,1,12,1,8,1,1,127,NULL,129,1,2,NULL,NULL,NULL,NULL
AKL > TGA Afternoon Medical Run*15:00:00-17:00:00 #2,AKL > TGA Afternoon Medical Run*15:00:00-17:00:00,No,2,"17122, 18185",17122,"2883, 2884, 2885, 2886, 2887","3245, 3246, 3247, 3248, 3249","1, 2, 3, 4, 5",15:00:00,17:00:00,10000,3,129,5,Pre 5pm Medical Deliveries to Hamilton,1,12,1,8,1,1,127,NULL,129,1,2,NULL,NULL,NULL,NULL
AKL > TGA Afternoon Medical Run*15:00:00-17:00:00 #3,AKL > TGA Afternoon Medical Run*15:00:00-17:00:00,No,1,14578,14578,"2821, 2822, 2823, 2824, 2825",,"1, 2, 3, 4, 5",15:30:00,17:00:00,10000,3,129,6,Pre 5pm Medical Deliveries to Hamilton,1,12,1,8,1,1,127,NULL,129,1,2,NULL,NULL,NULL,NULL
AKL > TGA Pre 930am Medical Run,,No,6,"16947, 18188, 504, 17122, 13822, 36739",16947,"2611, 2612, 2613, 2614, 2615","2686, 2687, 2688, 2689, 2690, 2791, 2792, 2793, 2794, 2795, 2888, 2889, 2890, 2891, 2892, 4817, 4818, 4819, 4820, 4821, 8710, 8711, 8712, 8713, 8714","1, 2, 3, 4, 5",09:00:00,11:00:00,10000,3,129,16,Pre 8am Medical Deliveries to Tauranga,1,53,1,8,1,1,127,NULL,129,1,2,NULL,NULL,NULL,NULL
AKL > TGA Pre 930am Medical Run #2,AKL > TGA Pre 930am Medical Run,No,4,"16513, 35755, 169, 36672",16513,"2651, 2652, 2653, 2654, 2655","6323, 6324, 6325, 6326, 6327, 7013, 7014, 7015, 7016, 7017, 7169, 7170, 7171, 7172, 7173","1, 2, 3, 4, 5",09:00:00,14:00:00,10000,3,129,16,Pre 8am Medical Deliveries to Tauranga,1,12,1,8,1,1,127,NULL,129,1,2,NULL,NULL,NULL,NULL
AKL > TGA Pre 930am Medical Run #3,AKL > TGA Pre 930am Medical Run,No,2,"9477, 18185",9477,"2536, 2537, 2538, 2539, 2540","3250, 3251, 3252, 3253, 3254","1, 2, 3, 4, 5",09:00:00,11:00:00,10000,3,129,16,Pre 8am Medical Deliveries to Tauranga,1,12,1,8,1,1,127,NULL,129,1,2,NULL,NULL,NULL,NULL
AKL > TGA Pre 930am Medical Run #4,AKL > TGA Pre 930am Medical Run,No,1,14927,14927,"2327, 2328, 2329, 2330, 2331",,"1, 2, 3, 4, 5",09:00:00,10:00:00,10000,3,129,16,Book by 5pm | Pre 930am Medical Deliveries to Tauranga,1,12,1,8,1,1,127,NULL,129,1,2,NULL,NULL,NULL,NULL
AKL > TGA Pre 930am Medical Run #5,AKL > TGA Pre 930am Medical Run,No,1,14763,14763,"2491, 2492, 2493, 2494, 2495, 5814, 5815, 5816, 5817, 5818",,"1, 2, 3, 4, 5",09:00:00,14:00:00,10000,3,129,61,Pre 8am Medical Deliveries to Tauranga,1,12,1,8,1,1,127,NULL,129,1,2,NULL,NULL,NULL,NULL
AKL > TGA Pre 930am Medical Run #6,AKL > TGA Pre 930am Medical Run,No,1,14582,14582,"2571, 2572, 2573, 2574, 2575",,"1, 2, 3, 4, 5",09:00:00,11:00:00,10000,3,129,14,Pre 930am Medical Deliveries to Tauranga,1,12,1,8,1,1,127,NULL,129,1,2,NULL,NULL,NULL,NULL
AKL > TGA Pre 930am Medical Run #7,AKL > TGA Pre 930am Medical Run,No,1,13713,13713,"2721, 2722, 2723, 2724, 2725",,"1, 2, 3, 4, 5",09:00:00,10:00:00,10000,3,129,64,Pre 930am Medical Deliveries to Tauranga,1,12,1,8,1,1,127,NULL,129,1,2,NULL,NULL,NULL,NULL
AKL > TGA Pre 930am Medical Run #8,AKL > TGA Pre 930am Medical Run,No,1,33103,33103,"2756, 2757, 2758, 2759, 2760",,"1, 2, 3, 4, 5",09:00:00,11:00:00,10000,3,129,16,Pre 9am Medical Deliveries to Tauranga,1,53,1,8,1,1,127,NULL,129,1,2,NULL,NULL,NULL,NULL
AKL > TGA Pre 930am Medical Run #9,AKL > TGA Pre 930am Medical Run,No,1,14578,14578,"2826, 2827, 2828, 2829, 2830",,"1, 2, 3, 4, 5",09:00:00,14:00:00,10000,3,129,16,Pre 8am Medical Deliveries to Tauranga,1,53,1,8,1,1,127,NULL,129,1,2,NULL,NULL,NULL,NULL
AKL > TGA Pre 930am Medical Run #10,AKL > TGA Pre 930am Medical Run,No,1,13773,13773,"4892, 4893, 4894, 4895, 4896",,"1, 2, 3, 4, 5",09:00:00,14:00:00,10000,3,129,16,Pre 9:30am Medical Deliveries to Tauranga,1,12,1,8,1,1,1,NULL,129,0,2,NULL,NULL,NULL,NULL
AKL > TGA Pre 930am Medical Run Evening Booking,,No,1,14763,14763,"5845, 5846, 5847, 5848, 5849",,"1, 2, 3, 4, 5",09:05:00,14:00:00,10000,3,129,12,No Collection - Must book Afterhours pick up,1,12,0,8,1,1,1,NULL,129,NULL,2,NULL,NULL,NULL,NULL
AKL > TGA Pre 930am Medical Run333,,No,1,32946,32946,"10363, 10364, 10365, 10366, 10367",,"1, 2, 3, 4, 5",09:00:00,10:00:00,10000,3,129,13,Pre 930am Medical Deliveries to Tauranga,1,12,1,8,1,1,127,NULL,129,1,2,NULL,NULL,NULL,NULL
AKL > TGA Pre 9:30am Medical Run,,No,1,3191,3191,"2461, 2462, 2463, 2464, 2465",,"1, 2, 3, 4, 5",09:00:00,14:00:00,10000,3,129,62,Medical Deliveries to Tauranga Pre 930am,1,12,1,8,1,1,127,NULL,129,1,2,NULL,NULL,NULL,NULL
AKL > Wangarei NO COLLECTION Regional Evening,,No,1,13713,13713,"6395, 6396, 6397, 6398, 6399",,"1, 2, 3, 4, 5",07:05:00,09:00:00,10000,21,129,20,No Collection - Must book 5pm pick up,1,NULL,0,8,1,1,1,NULL,129,1,2,NULL,NULL,360,NULL
AKL > Wangarei Regional Evening Booking Delivery,,No,1,1088,1088,"5907, 5908, 5909, 5910, 5911",,"1, 2, 3, 4, 5",07:05:00,09:00:00,10000,21,129,20,No Collection - Must book Afterhours pick up - Goal pre 8 am,1,NULL,0,8,1,1,1,NULL,129,1,2,NULL,NULL,360,NULL
AKL > Whakatane Medical Run,,No,2,"14582, 14927",14582,"11425, 11426, 11427, 11428, 11429","12280, 12281, 12282, 12283, 12284","1, 2, 3, 4, 5",11:00:00,13:00:00,10000,3,129,66,Overnight delivery to Whakatane by 1pm,1,12,1,8,1,1,127,NULL,129,1,2,NULL,NULL,NULL,NULL
AKL > Whakatane Pre 11am Medical Run,,No,1,33103,33103,"6129, 6130, 6131, 6132, 6133",,"1, 2, 3, 4, 5",11:00:00,13:00:00,10000,3,129,17,Pre 11am Medical Deliveries to Whakatane,1,53,1,8,1,1,127,NULL,129,1,2,NULL,NULL,NULL,NULL
AKL > Whanganui Pre 10am,,No,11,"1088, 18185, 14578, 169, 16947, 13713, 9477, 35755, 18188, 36739, 14582",1088,"9621, 9622, 9623, 9624, 9625","9626, 9627, 9628, 9629, 9630, 9631, 9632, 9633, 9634, 9635, 9636, 9637, 9638, 9639, 9640, 9762, 9763, 9764, 9765, 9766, 9852, 9853, 9854, 9855, 9856, 10663, 10664, 10665, 10666, 10667, 10783, 10784, 10785, 10786, 10787, 10904, 10905, 10906, 10907, 10908, 11009, 11010, 11011, 11012, 11013, 11114, 11115, 11116, 11117, 11118","1, 2, 3, 4, 5",06:00:00,10:00:00,10000,6,164,65,Book by 1pm for overnight to Whanganui delivered before 10am,0,NULL,1,8,1,1,127,NULL,164,1,2,NULL,NULL,NULL,NULL
AKL > Whanganui Pre 10am #2,AKL > Whanganui Pre 10am,No,2,"3191, 14927",3191,"9544, 9545, 9546, 9547, 9548, 9641, 9642, 9643, 9644, 9645","9646, 9647, 9648, 9649, 9650, 9662, 9663, 9664, 9665, 9666","1, 2, 3, 4, 5",06:00:00,10:00:00,10000,6,164,65,Book by 1pm for overnight to Whanganui delivered before 10am,0,NULL,1,8,1,1,127,NULL,164,1,2,NULL,NULL,NULL,NULL
AKL > Whanganui Pre 10am #3,AKL > Whanganui Pre 10am,No,1,32946,32946,"10254, 10255, 10256, 10257, 10258, 10259, 10260, 10261, 10262, 10263",,"1, 2, 3, 4, 5",06:00:00,10:00:00,10000,6,164,17,Book by 1pm for overnight to Whanganui delivered before 10am,0,NULL,1,8,1,1,127,NULL,164,1,2,NULL,NULL,NULL,NULL
AKL > Whanganui Pre 10am #4,AKL > Whanganui Pre 10am,No,1,13773,13773,"11219, 11220, 11221, 11222, 11223",,"1, 2, 3, 4, 5",06:00:00,10:00:00,10000,6,164,17,Book by 1pm for overnight to Whanganui delivered before 10am - Chilled Service 2-8 Degrees,0,NULL,1,8,1,1,1,NULL,164,0,2,NULL,NULL,NULL,NULL
AKL > Whangarei Regional Run,,No,1,1088,1088,"5902, 5903, 5904, 5905, 5906",,"1, 2, 3, 4, 5",07:00:00,09:00:00,10000,21,129,14,Regional Run to Whangarei,1,NULL,1,8,1,1,1,NULL,129,1,2,NULL,NULL,360,NULL
AKL > WHK Pre 1230pm Medical Run,,No,1,14821,14821,"10279, 10280, 10281, 10282, 10283",,"1, 2, 3, 4, 5",11:00:00,12:00:00,10000,3,129,16,Pre 1230pm Medical Deliveries to Whakatane,1,12,1,8,1,1,127,NULL,129,1,2,NULL,NULL,NULL,NULL
AKL > WHK Pre 12:30pm Medical Run,,No,1,32946,32946,"10421, 10422, 10423, 10424, 10425",,"1, 2, 3, 4, 5",11:00:00,13:00:00,10000,3,129,62,Medical Deliveries to Whakatane Pre 12:30 pm,1,12,1,8,1,1,127,NULL,129,1,2,NULL,NULL,NULL,NULL
AKL > WLG Pre 10am,,No,12,"14927, 18185, 14578, 169, 3191, 16947, 32946, 9477, 35755, 18188, 36739, 14582",14927,"7067, 12588, 12589, 12590, 12591","9273, 9274, 9275, 9276, 9277, 9373, 9374, 9375, 9376, 9377, 9469, 9470, 9471, 9472, 9473, 9549, 9550, 9551, 9552, 9553, 9767, 9768, 9769, 9770, 9771, 10164, 10165, 10166, 10167, 10168, 10668, 10669, 10670, 10671, 10672, 10788, 10789, 10790, 10791, 10792, 10909, 10910, 10911, 10912, 10913, 11014, 11015, 11016, 11017, 11018, 11119, 11120, 11121, 11122, 11123","1, 2, 3, 4, 5",06:00:00,10:00:00,10000,16,164,17,Book by 1pm for overnight to Wellington delivered before 10am,0,26,1,8,1,1,127,NULL,164,1,2,NULL,NULL,NULL,NULL
AKL > WLG Pre 10am #2,AKL > WLG Pre 10am,No,2,"14763, 16513",14763,"9080, 9081, 9082, 9083, 9084","9150, 9151, 9152, 9153, 9154","1, 2, 3, 4, 5",06:00:00,10:00:00,10000,16,164,17,Book by 1pm for overnight to Wellington delivered before 10am,0,26,1,8,1,1,127,NULL,164,1,2,NULL,NULL,NULL,NULL
AKL > WLG Pre 10am #3,AKL > WLG Pre 10am,No,1,13713,13713,"7259, 7260, 7261, 7262, 7263",,"1, 2, 3, 4, 5",06:00:00,10:00:00,10000,16,164,17,Book by 1pm for overnight to Wellington delivered before 10am,0,26,1,8,1,1,142,NULL,164,1,2,NULL,NULL,NULL,NULL
AKL > WLG Pre 10am #4,AKL > WLG Pre 10am,No,1,1088,1088,"8098, 8099, 8100, 8101, 8102",,"1, 2, 3, 4, 5",06:00:00,10:00:00,10000,16,164,18,Book by 12 pm for overnight to Wellington delivered before 10am,0,26,1,8,1,1,127,NULL,164,1,2,NULL,NULL,NULL,NULL
AKL > WLG Pre 8am,,No,11,"18185, 14578, 169, 3191, 16947, 32946, 9477, 35755, 18188, 36739, 14582",18185,"9278, 9279, 9280, 9281, 9282","9378, 9379, 9380, 9381, 9382, 9474, 9475, 9476, 9477, 9478, 9554, 9555, 9556, 9557, 9558, 9772, 9773, 9774, 9775, 9776, 10189, 10190, 10191, 10192, 10193, 10673, 10674, 10675, 10676, 10677, 10793, 10794, 10795, 10796, 10797, 10914, 10915, 10916, 10917, 10918, 11019, 11020, 11021, 11022, 11023, 11124, 11125, 11126, 11127, 11128","1, 2, 3, 4, 5",06:00:00,08:00:00,10000,16,165,17,Book by 1pm for overnight to Wellington delivered by 8am,0,26,1,8,1,1,127,NULL,165,1,2,NULL,NULL,NULL,NULL
AKL > WLG Pre 8am #2,AKL > WLG Pre 8am,No,2,"14763, 16513",14763,"9085, 9086, 9087, 9088, 9089","9155, 9156, 9157, 9158, 9159","1, 2, 3, 4, 5",06:00:00,08:00:00,10000,16,165,17,Book by 1pm for overnight to Wellington delivered by 8am,0,26,1,8,1,1,127,NULL,165,1,2,NULL,NULL,NULL,NULL
AKL > WLG Pre 8am #3,AKL > WLG Pre 8am,No,1,14927,14927,"7064, 7065, 7066, 7068, 7269, 7270, 7271, 7272, 7273",,"1, 2, 3, 4, 5",06:00:00,08:00:00,10000,16,165,17,Book by 1pm for overnight to Wellington delivered by 8am,0,26,1,8,1,1,127,NULL,165,1,2,NULL,NULL,NULL,NULL
AKL > WLG Pre 8am #4,AKL > WLG Pre 8am,No,1,13713,13713,"7069, 7070, 7071, 7072, 7073",,"1, 2, 3, 4, 5",06:00:00,08:00:00,10000,16,165,17,Book by 1pm for overnight to Wellington delivered by 8am,0,26,1,8,1,1,142,NULL,165,1,2,NULL,NULL,NULL,NULL
AKL > WRG Pre 8am Evening Booking No Collection,,No,1,14763,14763,"5829, 5830, 5831, 5832, 5833",,"1, 2, 3, 4, 5",07:05:00,14:00:00,10000,21,129,19,No Collection - Must book Afterhours pick up,1,NULL,0,8,1,1,1,NULL,129,NULL,2,NULL,NULL,360,NULL
AKL > WRG Pre 8am Evening Booking with Collection,,No,1,14763,14763,"5819, 5820, 5821, 5822, 5823",,"1, 2, 3, 4, 5",07:00:00,20:00:00,10000,21,129,60,Evening Booking - Pre 8am Medical Deliveries to Hamilton Book by 7pm,1,NULL,1,8,1,1,1,NULL,129,1,2,NULL,NULL,360,NULL
AKL > WRG Pre 8am Medical Run,,No,6,"9477, 16947, 18188, 33103, 504, 13822",9477,"2541, 2542, 2543, 2544, 2545","2616, 2617, 2618, 2619, 2620, 2691, 2692, 2693, 2694, 2695, 2761, 2762, 2763, 2764, 2765, 2796, 2797, 2798, 2799, 2800, 4822, 4823, 4824, 4825, 4826","1, 2, 3, 4, 5",07:00:00,20:00:00,10000,21,129,62,Pre 8am Medical Deliveries to Hamilton,1,NULL,1,8,1,1,127,NULL,129,1,2,NULL,NULL,360,NULL
AKL > WRG Pre 8am Medical Run #2,AKL > WRG Pre 8am Medical Run,No,4,"16513, 35755, 169, 36672",16513,"2656, 2657, 2658, 2659, 2660","6328, 6329, 6330, 6331, 6332, 7018, 7019, 7020, 7021, 7022, 7174, 7175, 7176, 7177, 7178","1, 2, 3, 4, 5",07:00:00,14:00:00,10000,21,129,62,Pre 8am Medical Deliveries to Whangarei,1,NULL,1,8,1,1,127,NULL,129,1,2,NULL,NULL,360,NULL
AKL > WRG Pre 8am Medical Run #3,AKL > WRG Pre 8am Medical Run,No,2,"17122, 18185",17122,"2893, 2894, 2895, 2896, 2897","3159, 3160, 3161, 3162, 3163","1, 2, 3, 4, 5",07:00:00,20:00:00,10000,21,129,62,Pre 8 am Medical Deliveries to Whangarei,1,NULL,1,8,1,1,127,NULL,129,1,2,NULL,NULL,360,NULL
AKL > WRG Pre 8am Medical Run #4,AKL > WRG Pre 8am Medical Run,No,1,14927,14927,"2352, 2353, 2354, 2355, 2356",,"1, 2, 3, 4, 5",07:00:00,14:00:00,10000,21,129,60,Book by 7pm for pre 8am Medical Deliveries to Whangarei,1,NULL,1,8,1,1,127,NULL,129,1,2,NULL,NULL,360,NULL
AKL > WRG Pre 8am Medical Run #5,AKL > WRG Pre 8am Medical Run,No,1,3191,3191,"2466, 2467, 2468, 2469, 2470",,"1, 2, 3, 4, 5",07:00:00,14:00:00,10000,21,129,12,Pre 8 am Medical Deliveries to Whangarei,1,NULL,1,8,1,1,127,NULL,129,1,2,NULL,NULL,360,NULL
AKL > WRG Pre 8am Medical Run #6,AKL > WRG Pre 8am Medical Run,No,1,14763,14763,"2496, 2497, 2498, 2499, 2500",,"1, 2, 3, 4, 5",07:00:00,14:00:00,10000,21,129,14,Pre 8am Medical Deliveries to Whangarei Book by 5pm,1,NULL,1,8,1,1,127,NULL,129,1,2,NULL,NULL,360,NULL
AKL > WRG Pre 8am Medical Run #7,AKL > WRG Pre 8am Medical Run,No,1,14582,14582,"2576, 2577, 2578, 2579, 2580",,"1, 2, 3, 4, 5",07:00:00,08:00:00,10000,21,129,12,Pre 8am Medical Deliveries to Whangarei,1,NULL,1,8,1,1,127,NULL,129,1,2,NULL,NULL,360,NULL
AKL > WRG Pre 8am Medical Run #8,AKL > WRG Pre 8am Medical Run,No,1,13713,13713,"2726, 2727, 2728, 2729, 2730",,"1, 2, 3, 4, 5",07:00:00,08:00:00,10000,21,129,14,Pre 8am Medical Deliveries to Hamilton,1,NULL,1,8,1,1,127,NULL,129,1,2,NULL,NULL,360,NULL
AKL > WRG Pre 8am Medical Run #9,AKL > WRG Pre 8am Medical Run,No,1,14578,14578,"2831, 2832, 2833, 2834, 2835",,"1, 2, 3, 4, 5",07:00:00,14:00:00,10000,21,129,14,Pre 8 am Medical Deliveries to Whangarei,1,NULL,1,8,1,1,127,NULL,129,1,2,NULL,NULL,360,NULL
AKL > WRG Pre 8am Medical Run #10,AKL > WRG Pre 8am Medical Run,No,1,13773,13773,"4897, 4898, 4899, 4900, 4901",,"1, 2, 3, 4, 5",07:00:00,14:00:00,10000,21,129,14,Pre 8am Medical Deliveries to Whangarei,1,NULL,1,8,1,1,1,NULL,129,0,2,NULL,NULL,360,NULL
AKL > WRG Pre 8am Medical Run #11,AKL > WRG Pre 8am Medical Run,No,1,36739,36739,"8715, 8716, 8717, 8718, 8719",,"1, 2, 3, 4, 5",07:00:00,08:00:00,10000,21,129,14,Pre 8am Medical Deliveries to Hamilton,1,NULL,1,8,1,1,127,NULL,129,1,2,NULL,NULL,NULL,NULL
AKL > WRG Pre 8am Medical Run #12,AKL > WRG Pre 8am Medical Run,No,1,32946,32946,"10299, 10300, 10301, 10302, 10303",,"1, 2, 3, 4, 5",07:00:00,14:00:00,10000,21,129,58,Book by 7pm for pre 8am Medical Deliveries to Whangarei,1,NULL,1,8,1,1,127,NULL,129,1,2,NULL,NULL,360,NULL
AKL > WRG Regional Run #2,AKL > WRG Regional Run,No,1,36813,36813,"8843, 8844, 8845, 8846, 8847",,"1, 2, 3, 4, 5",07:00:00,09:00:00,10000,21,129,0,Regional Run to Whangarei,1,NULL,1,8,1,1,4,NULL,129,0,2,NULL,NULL,NULL,NULL
AKL > WRG Regional Run - Outer Areas,,No,1,36813,36813,"8848, 8849, 8850, 8851, 8852",,"1, 2, 3, 4, 5",07:00:00,11:00:00,10000,21,145,0,Regional Run to Whangarei - Outer Areas,1,NULL,1,8,1,1,127,NULL,129,1,2,NULL,NULL,NULL,NULL
AKL > WRG Regional Run Express #2,AKL > WRG Regional Run Express,No,1,36813,36813,"8853, 8854, 8855, 8856, 8857",,"1, 2, 3, 4, 5",07:00:00,09:00:00,10000,21,129,0,Regional Run to Whangarei,1,NULL,1,8,1,1,1,NULL,129,0,2,NULL,NULL,NULL,NULL
AKL Afternoon,,No,1,35330,35330,"3043, 3044, 3045, 3046, 3047",,"1, 2, 3, 4, 5",12:00:00,17:00:00,10000,8,94,12,NULL,0,62,NULL,8,NULL,NULL,NULL,NULL,94,NULL,NULL,NULL,NULL,NULL,NULL
Akl Ah test,,No,1,32929,32929,"12301, 12302, 12303, 12304, 12305",,"1, 2, 3, 4, 5",12:00:00,17:00:00,10000,8,94,0,NULL,0,62,0,8,NULL,NULL,NULL,NULL,94,NULL,NULL,0,NULL,NULL,NULL
AKL Evening,,No,1,35330,35330,"3048, 3049, 3050, 3051, 3052",,"1, 2, 3, 4, 5",18:00:00,21:00:00,10000,8,110,6,NULL,0,62,NULL,8,NULL,NULL,NULL,NULL,110,NULL,NULL,NULL,NULL,NULL,NULL
AKL HAM Chilled,,No,1,123,123,1869,,5,07:00:00,17:00:00,10000,4,130,2,NULL,1,NULL,0,8,NULL,NULL,NULL,NULL,130,NULL,NULL,NULL,NULL,NULL,NULL
AKL TNG Chilled,,No,1,123,123,1870,,5,07:00:00,17:00:00,10000,3,131,2,NULL,1,NULL,0,8,NULL,NULL,NULL,NULL,131,NULL,NULL,NULL,NULL,NULL,NULL
AKL to HAM*07:00:00-12:00:00,,No,1,35330,35330,"3008, 3009, 3010, 3011, 3012",,"1, 2, 3, 4, 5",07:00:00,12:00:00,10000,4,112,16,NULL,0,11,0,8,NULL,NULL,NULL,NULL,112,NULL,NULL,NULL,NULL,NULL,NULL
AKL to HAM*13:00:00-18:00:00,,No,1,35330,35330,"3003, 3004, 3005, 3006, 3007",,"1, 2, 3, 4, 5",13:00:00,18:00:00,10000,4,112,4,NULL,0,11,0,8,NULL,NULL,NULL,NULL,112,NULL,NULL,NULL,NULL,NULL,NULL
AKL to TGA*07:00:00-12:00:00,,No,1,35330,35330,"3018, 3019, 3020, 3021, 3022",,"1, 2, 3, 4, 5",07:00:00,12:00:00,10000,3,112,16,NULL,0,12,0,8,NULL,NULL,NULL,NULL,112,NULL,NULL,NULL,NULL,NULL,NULL
AKL to TGA*13:00:00-18:00:00,,No,1,35330,35330,"3013, 3014, 3015, 3016, 3017",,"1, 2, 3, 4, 5",13:00:00,18:00:00,10000,3,112,4,NULL,0,12,0,8,NULL,NULL,NULL,NULL,112,NULL,NULL,NULL,NULL,NULL,NULL
AKL XMAS HF,,No,1,17921,17921,"6423, 6424",,"1, 2",08:00:00,17:00:00,10000,8,121,2,NULL,NULL,41,NULL,8,NULL,1,NULL,NULL,121,NULL,NULL,NULL,NULL,NULL,NULL
All Day Cool,,No,1,33495,33495,1445,,5,13:00:00,18:00:00,10000,3,111,24,NULL,0,12,0,4,NULL,NULL,NULL,NULL,111,NULL,NULL,NULL,NULL,NULL,NULL
All Day Frozen*07:00:00-17:00:00,,No,1,36473,36473,"7856, 7857, 7858, 7859, 7860",,"1, 2, 3, 4, 5",07:00:00,17:00:00,10000,8,136,0,NULL,0,27,0,8,3,3,NULL,NULL,136,NULL,NULL,NULL,NULL,NULL,NULL
Alphatec CHCH > Akl Returns,,No,1,32946,32946,"10204, 10205, 10206, 10207, 10208",,"1, 2, 3, 4, 5",08:00:00,12:00:00,10000,33,160,18,Book by 2 pm - Next Business Day Delivery,1,NULL,1,34,1,1,166,NULL,160,1,NULL,0,NULL,NULL,NULL
Alphatec Gisborne > Akl Returns,,No,1,32946,32946,"10239, 10240, 10241, 10242, 10243",,"1, 2, 3, 4, 5",08:00:00,12:00:00,10000,44,160,18,Book by 2 pm for next day delivery,1,NULL,1,22,1,1,166,NULL,160,1,NULL,0,NULL,NULL,NULL
Alphatec Masterton > Akl Returns,,No,1,32946,32946,"13025, 13026, 13027, 13028, 13029",,"1, 2, 3, 4, 5",08:30:00,12:00:00,10000,35,160,19,Book by 1:30pm for next business day delivery,1,NULL,1,38,1,1,166,NULL,160,1,NULL,0,NULL,NULL,NULL
Alphatec Napier > Akl Returns,,No,1,32946,32946,"10209, 10210, 10211, 10212, 10213",,"1, 2, 3, 4, 5",08:30:00,12:00:00,10000,35,160,19,Book by 1:30pm for next business day delivery,1,NULL,1,42,1,1,166,NULL,160,1,NULL,0,NULL,NULL,NULL
Alphatec PN > Akl Returns,,No,1,32946,32946,"10214, 10215, 10216, 10217, 10218",,"1, 2, 3, 4, 5",08:00:00,12:00:00,10000,8,160,20,Book by 12 pm for next day delivery,1,NULL,1,6,1,1,166,66,160,1,NULL,0,NULL,NULL,NULL
Alphatec Wellington > Akl Returns,,No,1,32946,32946,"10219, 10220, 10221, 10222, 10223",,"1, 2, 3, 4, 5",08:00:00,12:00:00,10000,35,160,20,Book by 12 pm for next day delivery,1,NULL,1,16,1,1,166,26,160,1,NULL,0,NULL,NULL,NULL
Alphatec Whanganui > Akl Returns,,No,1,32946,32946,"10264, 10265, 10266, 10267, 10268",,"1, 2, 3, 4, 5",08:00:00,12:00:00,10000,8,160,68,Book by 12 pm for next day delivery,1,NULL,1,6,1,1,166,NULL,160,1,NULL,0,NULL,NULL,NULL
AMTEC All Day Friday,,No,1,17748,17748,355,,5,08:00:00,17:00:00,10000,8,94,12,NULL,NULL,NULL,NULL,8,NULL,NULL,NULL,NULL,94,NULL,NULL,NULL,NULL,NULL,NULL
AMTEC All Day Monday,,No,1,17748,17748,351,,1,08:00:00,17:00:00,10000,8,94,12,NULL,NULL,NULL,NULL,8,NULL,NULL,NULL,NULL,94,NULL,NULL,NULL,NULL,NULL,NULL
AMTEC All Day Thursday,,No,1,17748,17748,354,,4,08:00:00,17:00:00,10000,8,94,12,NULL,NULL,NULL,NULL,8,NULL,NULL,NULL,NULL,94,NULL,NULL,NULL,NULL,NULL,NULL
AMTEC All Day Tuesday,,No,1,17748,17748,352,,2,08:00:00,17:00:00,10000,8,94,12,NULL,NULL,NULL,NULL,8,NULL,NULL,NULL,NULL,94,NULL,NULL,NULL,NULL,NULL,NULL
AMTEC All Day Wednesday,,No,1,17748,17748,353,,3,08:00:00,17:00:00,10000,8,94,12,NULL,NULL,NULL,NULL,8,NULL,NULL,NULL,NULL,94,NULL,NULL,NULL,NULL,NULL,NULL
Amy's Hamilton > Auckland Afternoon Delivery,,No,1,31796,31796,"12543, 12544, 12545, 12546, 12547",,"1, 2, 3, 4, 5",12:00:00,17:00:00,10000,8,140,24,Overnight Service: Afternoon Delivery into Auckland with Collection,0,62,1,4,1,1,142,37,140,1,3,0,NULL,NULL,NULL
Amy's Hamilton > Auckland Evening Delivery,,No,1,31796,31796,"12538, 12539, 12540, 12541, 12542",,"1, 2, 3, 4, 5",18:00:00,21:00:00,10000,8,141,6,Same-Day Evening Delivery into Auckland with Collection,0,62,1,4,1,1,142,37,141,1,3,0,NULL,NULL,NULL
"Amy's Hamilton > Taupo, Tokoroa, Putaruru, TeAwamu",,No,1,31796,31796,"12704, 12705, 12706",,"1, 3, 5",08:00:00,12:00:00,10000,4,128,16,"Deliveries to Taupo, Tokoroa, Putaruru, Te Awamutu",1,11,1,4,NULL,NULL,127,90,128,1,NULL,0,NULL,NULL,NULL
ANSUM Auckland Frozen,,No,1,36698,36698,"9587, 9588, 9589",,"2, 3, 4",07:00:00,17:00:00,10000,8,136,0,NULL,0,27,0,8,3,3,NULL,NULL,136,NULL,NULL,0,NULL,NULL,NULL
ANSUM- Auckland Morning Chilled,,No,1,36698,36698,"9198, 9199, 9200, 9201, 9202",,"1, 2, 3, 4, 5",07:00:00,12:00:00,10000,8,122,86,Auckland Morning Chilled Delivery 7am - 12pm,0,27,0,8,3,3,NULL,NULL,122,NULL,NULL,NULL,NULL,NULL,NULL
AQ - Auckland Returns,,No,1,9673,9673,"5431, 5432, 5433, 5434, 5435",,"1, 2, 3, 4, 5",12:00:00,17:00:00,10000,8,94,3,NULL,NULL,62,0,8,NULL,NULL,127,NULL,94,1,NULL,0,NULL,NULL,NULL
AQ - BOP Returns,,No,1,9673,9673,"5441, 5442, 5443, 5444, 5445",,"1, 2, 3, 4, 5",13:00:00,18:00:00,10000,3,112,4,NULL,0,12,0,8,1,1,127,NULL,112,1,NULL,0,NULL,NULL,NULL
AQ - Tegel Returns,,No,1,9673,9673,"5580, 5581, 5582, 5583, 5584",,"1, 2, 3, 4, 5",07:00:00,12:00:00,10000,8,122,22,,0,27,0,8,2,2,NULL,NULL,122,NULL,NULL,NULL,NULL,NULL,NULL
AQ - Waikato Returns,,No,1,9673,9673,"5436, 5437, 5438, 5439, 5440",,"1, 2, 3, 4, 5",13:00:00,18:00:00,10000,4,112,4,NULL,0,76,0,8,NULL,NULL,127,NULL,112,1,NULL,0,NULL,NULL,NULL
AQR - Afternoon Economy Run (Sat-Sun),,No,1,36647,36647,"5356, 5357",,"6, 7",13:00:00,17:00:00,10000,8,157,0,NULL,1,NULL,0,8,NULL,NULL,NULL,NULL,157,NULL,NULL,NULL,NULL,NULL,NULL
AQR - AKL to WKO,,No,1,36647,36647,"6836, 6837, 6838, 6839, 6840",,"1, 2, 3, 4, 5",13:00:00,17:00:00,10000,4,128,4,NULL,1,76,1,8,1,1,142,NULL,128,1,NULL,1,240,NULL,NULL
AQR - Auckland Returns,,No,1,36647,36647,"6851, 6852, 6853, 6854, 6855",,"1, 2, 3, 4, 5",12:00:00,17:00:00,10000,8,94,3,NULL,NULL,62,0,8,NULL,NULL,127,NULL,94,1,NULL,0,NULL,NULL,NULL
AQR - BOP Returns,,No,1,36647,36647,"6846, 6847, 6848, 6849, 6850",,"1, 2, 3, 4, 5",13:00:00,18:00:00,10000,3,112,4,NULL,0,12,0,8,1,1,127,NULL,112,1,NULL,0,NULL,NULL,NULL
AQR - Morning Economy Run (Sat-Sun),,No,1,36647,36647,"6861, 6862",,"6, 7",09:00:00,13:00:00,10000,8,157,0,NULL,1,NULL,0,8,NULL,NULL,NULL,NULL,157,NULL,NULL,NULL,NULL,NULL,NULL
AQR - Tegel Returns,,No,1,36647,36647,"6856, 6857, 6858, 6859, 6860",,"1, 2, 3, 4, 5",07:00:00,12:00:00,10000,8,122,22,,0,27,0,8,2,2,NULL,NULL,122,NULL,NULL,NULL,NULL,NULL,NULL
AQR - Waikato Returns,,No,1,36647,36647,"6841, 6842, 6843, 6844, 6845",,"1, 2, 3, 4, 5",13:00:00,18:00:00,10000,4,112,4,NULL,0,76,0,8,NULL,NULL,127,NULL,112,1,NULL,0,NULL,NULL,NULL
Archies - AKL > Whangarei Home Delivery 5am,,No,1,36807,36807,"12768, 12769, 12770, 12771, 12772",,"1, 2, 3, 4, 5",07:00:00,12:00:00,10000,21,112,5,NULL,1,NULL,0,8,2,1,NULL,NULL,112,NULL,NULL,NULL,NULL,NULL,NULL
Archies - AKL Afternoon Chilled,,No,1,36807,36807,"8515, 8516, 8517, 8518, 8519",,"1, 2, 3, 4, 5",13:00:00,17:00:00,10000,8,123,4,Auckland Afternoon Chilled Delivery 1pm - 5pm,0,27,NULL,8,2,2,NULL,NULL,123,NULL,NULL,NULL,NULL,NULL,NULL
Archies - AKL Morning Chilled,,No,1,36807,36807,"8510, 8511, 8512, 8513, 8514",,"1, 2, 3, 4, 5",07:00:00,12:00:00,10000,8,122,7,Auckland Morning Chilled Delivery 7am - 12pm,0,27,0,8,2,2,NULL,NULL,122,NULL,NULL,NULL,NULL,NULL,NULL
Archies - Auckland Afternoons AH,,No,1,36807,36807,"12723, 12724, 12725, 12726, 12727, 12728",,"1, 2, 3, 4, 5, 6",12:00:00,17:00:00,10000,8,94,2,NULL,NULL,62,NULL,8,2,1,NULL,NULL,94,NULL,NULL,NULL,NULL,NULL,NULL
Archies - Auckland Evening Home,,No,1,36807,36807,"12729, 12730, 12731, 12732, 12733",,"1, 2, 3, 4, 5",18:00:00,21:00:00,10000,8,110,3,Evening Home,NULL,62,NULL,8,2,1,NULL,NULL,110,NULL,NULL,NULL,NULL,NULL,NULL
Archies - BOP Home Delivery 11am,,No,1,36807,36807,"12763, 12764, 12765, 12766, 12767",,"1, 2, 3, 4, 5",13:00:00,18:00:00,10000,3,112,4,NULL,0,12,0,8,2,1,NULL,NULL,112,NULL,NULL,NULL,NULL,NULL,NULL
Archies - BOP Home Delivery 5am,,No,1,36807,36807,"12758, 12759, 12760, 12761, 12762",,"1, 2, 3, 4, 5",07:00:00,12:00:00,10000,3,112,5,NULL,0,12,0,8,2,1,NULL,NULL,112,NULL,NULL,NULL,NULL,NULL,NULL
Archies  - Napier Afternoons AH,,No,1,36807,36807,"12734, 12735, 12736",,"2, 3, 5",12:00:00,17:00:00,10000,10,94,24,NULL,0,65,0,8,2,1,NULL,NULL,94,NULL,NULL,NULL,NULL,NULL,NULL
Archies - Palmy Afternoons AH,,No,1,36807,36807,"12737, 12738, 12739",,"2, 3, 5",12:00:00,17:00:00,10000,6,94,24,NULL,0,66,0,8,2,1,NULL,NULL,94,NULL,NULL,NULL,NULL,NULL,NULL
Archies - Waikato Home Delivery 11am,,No,1,36807,36807,"12753, 12754, 12755, 12756, 12757",,"1, 2, 3, 4, 5",13:00:00,18:00:00,10000,4,112,4,NULL,0,11,0,8,2,1,NULL,NULL,112,NULL,NULL,NULL,NULL,NULL,NULL
Archies - Waikato Home Delivery 5am,,No,1,36807,36807,"12748, 12749, 12750, 12751, 12752",,"1, 2, 3, 4, 5",07:00:00,12:00:00,10000,4,112,5,NULL,0,11,0,8,2,1,NULL,NULL,112,NULL,NULL,NULL,NULL,NULL,NULL
Archies - Wellington Afternoons AH,,No,1,36807,36807,"12740, 12741, 12742, 12743, 12744",,"1, 2, 3, 4, 5",10:00:00,17:00:00,10000,16,94,68,NULL,0,26,0,8,2,1,NULL,NULL,94,NULL,NULL,0,NULL,NULL,NULL
"Archies > Taupo, Tokoroa, Putaruru, TeAwamutu RHD",,No,1,36807,36807,"12745, 12746, 12747",,"1, 3, 5",07:00:00,12:00:00,10000,4,112,5,NULL,0,11,0,8,2,1,NULL,NULL,112,NULL,NULL,0,NULL,NULL,NULL
"Archies > Taupo, Tokoroa, Putaruru,TeAwamutu Chill",,No,1,36807,36807,"8525, 8526, 8527",,"1, 3, 5",07:00:00,12:00:00,10000,4,147,7,NULL,0,11,0,8,2,2,124,NULL,147,NULL,NULL,NULL,NULL,NULL,NULL
Archies AKL > BOP Morning Chilled,,No,1,36807,36807,"8635, 8636, 8637, 8638, 8639",,"1, 2, 3, 4, 5",07:00:00,12:00:00,10000,3,131,7,NULL,0,29,0,8,2,2,NULL,NULL,131,NULL,NULL,NULL,NULL,NULL,NULL
Archies AKL > Hamilton Afternoon Chilled,,No,1,36807,36807,"8520, 8521, 8522, 8523, 8524",,"1, 2, 3, 4, 5",12:00:00,17:00:00,10000,4,130,3,NULL,0,11,0,8,2,2,124,NULL,130,NULL,NULL,NULL,NULL,NULL,NULL
Archies AKL > Hamilton Morning Chilled,,No,1,36807,36807,"8538, 8539, 8540, 8541, 8542",,"1, 2, 3, 4, 5",07:00:00,17:00:00,10000,4,130,7,NULL,0,11,0,8,NULL,NULL,NULL,NULL,130,NULL,NULL,NULL,NULL,NULL,NULL
Archies AKL > Tauranga Afternoon Chilled,,No,1,36807,36807,"8528, 8529, 8530, 8531, 8532",,"1, 2, 3, 4, 5",12:00:00,17:00:00,10000,3,131,3,NULL,0,29,0,8,2,2,NULL,NULL,131,NULL,NULL,NULL,NULL,NULL,NULL
Archies AKL > Whangarei Chilled,,No,1,36807,36807,"8533, 8534, 8535, 8536, 8537",,"1, 2, 3, 4, 5",02:00:00,12:00:00,10000,21,147,2,NULL,1,71,0,21,2,2,NULL,NULL,147,NULL,NULL,0,NULL,NULL,NULL
Auckland,,No,1,33586,33586,"1515, 1520",,"2, 5",12:00:00,17:00:00,10000,8,94,21,Tuesday - Auckland premium delivery between 12 pm - 5 pm (Delivery guaranteed),0,NULL,0,8,NULL,NULL,NULL,NULL,94,NULL,NULL,NULL,NULL,NULL,NULL
Auckland - Auckland Morning Chilled,,No,1,36266,36266,"5482, 5483, 5484, 5485, 5486",,"1, 2, 3, 4, 5",07:00:00,12:00:00,10000,8,122,16,Auckland Morning Chilled Delivery 7am - 12pm,0,27,0,8,2,2,NULL,NULL,122,NULL,NULL,NULL,NULL,NULL,NULL
Auckland - Hamilton 5am run,,No,1,12671,12671,"4073, 4074, 4075, 4076, 4077",,"1, 2, 3, 4, 5",07:00:00,15:00:00,10000,4,128,67,Delivery From UCL Akl to Hamilton Locations,1,11,0,8,NULL,NULL,NULL,NULL,128,NULL,NULL,NULL,NULL,NULL,NULL
Auckland - Tatua,,No,1,32945,32945,"5380, 5381, 5382, 5383, 5384, 5385, 5386, 5387, 5388",,"1, 2, 3, 4, 5",13:30:00,18:00:00,10000,4,128,4,NULL,1,NULL,1,8,NULL,NULL,1,NULL,128,2,NULL,NULL,NULL,NULL,NULL
Auckland - Taupo Home Delivery,,No,1,16298,16298,"9894, 9895, 9896",,"1, 3, 5",07:00:00,12:00:00,10000,4,112,16,NULL,0,11,0,8,NULL,NULL,NULL,NULL,112,NULL,NULL,0,NULL,NULL,NULL
Auckland - Taupo Regional Home Delivery,,No,1,12764,12764,"5648, 5649",,"3, 5",07:00:00,12:00:00,10000,4,112,16,NULL,0,11,0,8,NULL,NULL,NULL,NULL,112,1,NULL,NULL,NULL,NULL,NULL
Auckland - Taupo Regional Home Deliveryy,,No,1,32530,32530,"5666, 5667, 5668",,"1, 3, 5",07:00:00,12:00:00,10000,4,112,16,NULL,0,11,0,8,NULL,NULL,NULL,NULL,112,NULL,NULL,NULL,NULL,NULL,NULL
Auckland - Taupo Run,,No,1,36813,36813,"8820, 8821, 8822",,"1, 3, 5",07:00:00,12:00:00,10000,4,128,0,Overnight delivery from Auckland to Taupo,0,11,1,8,NULL,NULL,127,NULL,128,1,2,0,NULL,NULL,NULL
Auckland - Tauranga Chilled #2,Auckland - Tauranga Chilled,No,1,36249,36249,"5420, 5421, 5422, 5423, 5424",,"1, 2, 3, 4, 5",07:00:00,17:00:00,10000,3,131,8,NULL,0,29,0,8,2,2,NULL,NULL,131,NULL,NULL,NULL,NULL,NULL,NULL
Auckland - Tauranga Chilled #3,Auckland - Tauranga Chilled,No,1,9225,9225,"5505, 5506, 5507, 5508, 5509",,"1, 2, 3, 4, 5",07:00:00,17:00:00,10000,3,131,16,NULL,0,29,0,8,NULL,NULL,NULL,NULL,131,NULL,NULL,NULL,NULL,NULL,NULL
Auckland - Tauranga Chilled - Carton,,No,1,36667,36667,"8600, 8601, 8602, 8603, 8604",,"1, 2, 3, 4, 5",09:00:00,17:00:00,10000,3,131,0,Provida Carton TGA Schedule,0,29,0,8,2,2,NULL,NULL,131,NULL,NULL,NULL,NULL,NULL,NULL
Auckland - Tauranga Chilled - Pallet,,No,1,36667,36667,"7043, 7044, 7045, 7046, 7047",,"1, 2, 3, 4, 5",09:00:00,17:00:00,10000,3,131,0,Provida Pallet TGA Schedule,0,29,0,8,2,2,NULL,NULL,131,NULL,NULL,NULL,NULL,NULL,NULL
Auckland - Urgent Delivery,,No,1,17951,17951,"632, 633, 634, 635, 891",,"1, 2, 3, 4, 5",12:00:00,17:00:00,10000,8,94,12,Live tracked delivery service with Urgent Couriers,0,NULL,NULL,8,NULL,NULL,NULL,NULL,94,NULL,NULL,NULL,NULL,NULL,NULL
Auckland - Waikato Home Delivery 11am #2,Auckland - Waikato Home Delivery 11am,No,2,"16298, 13681",16298,"4588, 4589, 4590, 4591, 4592","8255, 8256, 8257, 8258, 8259","1, 2, 3, 4, 5",13:00:00,18:00:00,10000,4,112,4,NULL,0,11,0,8,NULL,NULL,NULL,NULL,112,NULL,NULL,NULL,NULL,NULL,NULL
Auckland - Waikato Home Delivery 11am #3,Auckland - Waikato Home Delivery 11am,No,1,32929,32929,"7306, 7307, 7308, 7309, 7310",,"1, 2, 3, 4, 5",13:00:00,18:00:00,10000,4,112,2,NULL,0,11,1,8,NULL,NULL,4,NULL,112,1,NULL,NULL,NULL,NULL,NULL
Auckland - Waikato Home Delivery 5am #2,Auckland - Waikato Home Delivery 5am,No,1,16298,16298,"4603, 4604, 4605, 4606, 4607",,"1, 2, 3, 4, 5",07:00:00,12:00:00,10000,4,112,16,NULL,0,11,0,8,NULL,NULL,NULL,NULL,112,NULL,NULL,NULL,NULL,NULL,NULL
Auckland - Wellington Chilled #2,Auckland - Wellington Chilled,No,1,4609,4609,"8910, 8911, 8912, 8913, 8914",,"1, 2, 3, 4, 5",09:00:00,15:00:00,10000,16,147,21,Chilled Delivery in Wellington,0,26,0,8,2,2,NULL,NULL,147,NULL,NULL,NULL,NULL,NULL,NULL
Auckland > Cambridge Afternoon,,No,1,31952,31952,"12533, 12534, 12535, 12536, 12537",,"1, 2, 3, 4, 5",13:00:00,18:00:00,10000,4,128,6,NULL,1,38,1,8,1,1,4,NULL,128,0,2,NULL,NULL,NULL,NULL
Auckland > Hamilton 1-6pm Run,,No,1,1088,1088,"4502, 4503, 4504, 4505, 4506",,"1, 2, 3, 4, 5",13:00:00,18:00:00,10000,4,128,3,NULL,1,11,1,8,1,1,1,NULL,128,0,2,NULL,NULL,NULL,NULL
Auckland > Hamilton Afternoon Baggage Run 1-5pm,,No,1,16166,16166,"13115, 13116, 13117, 13118, 13119",,"1, 2, 3, 4, 5",13:30:00,17:00:00,10000,4,128,4,Book by 930am for Same Day Delivery,1,11,1,8,NULL,NULL,127,NULL,128,1,NULL,0,NULL,NULL,NULL
Auckland > Hamilton Baggage Afternoon Run,,No,1,12764,12764,"7215, 7216, 7217, 7218, 7219",,"1, 2, 3, 4, 5",13:30:00,18:00:00,10000,4,128,4,Same-day baggage delivery to Hamilton,1,11,1,8,1,1,127,NULL,128,1,2,NULL,NULL,NULL,NULL
Auckland > Hamilton Baggage Morning Run,,No,1,12764,12764,"7220, 7221, 7222, 7223, 7224",,"1, 2, 3, 4, 5",07:00:00,12:00:00,10000,4,128,12,Next-day baggage delivery to Hamilton,1,11,1,8,1,1,127,NULL,128,1,2,NULL,NULL,NULL,NULL
Auckland > Hamilton Express 1pm - 5pm,,No,1,32335,32335,"4980, 4981, 4982, 4983, 4984",,"1, 2, 3, 4, 5",13:00:00,17:00:00,10000,4,128,0,Meat Box Waikato Deliveries,1,80,0,8,1,1,127,NULL,128,NULL,2,NULL,NULL,NULL,NULL
Auckland > Hamilton Morning Baggage Run 7-12pm,,No,1,16166,16166,"13110, 13111, 13112, 13113, 13114",,"1, 2, 3, 4, 5",07:00:00,12:00:00,10000,4,128,14,Book by 5pm for Next Business Day Delivery,1,11,1,8,NULL,NULL,127,NULL,128,1,NULL,0,NULL,NULL,NULL
Auckland > Hamilton Run 1-6,,No,3,"14853, 32110, 36266",14853,"5733, 5734, 5735, 5736, 5737","6204, 6205, 6206, 6207, 6208, 6227, 6228, 6229, 6230, 6231","1, 2, 3, 4, 5",13:30:00,18:00:00,10000,4,128,4,NULL,1,11,1,8,1,1,4,NULL,128,1,2,NULL,NULL,NULL,NULL
Auckland > Hamilton Run 1-6 #2,Auckland > Hamilton Run 1-6,No,1,33014,33014,"4431, 4432, 4433, 4434, 4435",,"1, 2, 3, 4, 5",13:00:00,18:00:00,10000,4,128,4,NULL,1,11,1,8,1,1,127,NULL,128,1,2,NULL,NULL,NULL,NULL
Auckland > Hamilton Run 7-12,,No,4,"33014, 14853, 32110, 36266",33014,"4436, 4437, 4438, 4439, 4440","5738, 5739, 5740, 5741, 5742, 6209, 6210, 6211, 6212, 6213, 6232, 6233, 6234, 6235, 6236","1, 2, 3, 4, 5",07:00:00,12:00:00,10000,4,128,62,NULL,1,11,1,8,1,1,4,NULL,128,1,2,NULL,NULL,NULL,NULL
Auckland > Hamilton Run Evening Booking Delivery,,No,1,1088,1088,"5860, 5861, 5862, 5863, 5864",,"1, 2, 3, 4, 5",07:05:00,09:00:00,10000,4,128,19,No Collection - Must book Afterhours pick up,1,11,0,8,1,1,NULL,NULL,128,1,NULL,NULL,NULL,NULL,NULL
Auckland > Hamilton Run Evening Booking Delivery #2,Auckland > Hamilton Run Evening Booking Delivery,No,1,13713,13713,"6400, 6401, 6402, 6403, 6404",,"1, 2, 3, 4, 5",07:05:00,09:00:00,10000,4,128,19,No Collection - Must book 5pm pick up,1,11,0,8,1,1,1,NULL,128,1,2,NULL,NULL,NULL,NULL
Auckland > Hamilton Run Express 1-6,,No,2,"33014, 32110",33014,"4441, 4442, 4443, 4444, 4445","6214, 6215, 6216, 6217, 6218","1, 2, 3, 4, 5",13:00:00,18:00:00,10000,4,128,4,NULL,1,11,1,8,1,1,1,NULL,128,1,2,NULL,NULL,NULL,NULL
Auckland > Hamilton Run Express 7-12,,No,1,36266,36266,"6242, 6243, 6244, 6245, 6246",,"1, 2, 3, 4, 5",07:00:00,12:00:00,10000,4,128,12,NULL,1,11,1,8,1,1,1,NULL,128,1,2,NULL,NULL,NULL,NULL
Auckland > Hamilton Run Express 7-12-,,No,1,33014,33014,"4446, 4447, 4448, 4449, 4450",,"1, 2, 3, 4, 5",07:00:00,12:00:00,10000,4,128,12,NULL,1,11,1,8,1,1,1,NULL,128,1,2,NULL,NULL,NULL,NULL
Auckland > Rotorua 9-10 AM Run,,No,1,1088,1088,"5922, 5923, 5924, 5925, 5926",,"1, 2, 3, 4, 5",09:00:00,10:00:00,10000,4,128,15,Delivery goal by 10 am,1,11,1,8,1,1,1,NULL,128,0,2,NULL,NULL,NULL,NULL
Auckland > Rotorua Evening Booking Delivery,,No,1,1088,1088,"5927, 5928, 5929, 5930, 5931",,"1, 2, 3, 4, 5",09:05:00,10:00:00,10000,4,128,13,No Collection - Must book Afterhours pick up - Delivery goal by 10 am,1,11,0,8,1,1,1,NULL,128,0,2,NULL,NULL,NULL,NULL
Auckland > Rotorua Evening Booking Delivery #2,Auckland > Rotorua Evening Booking Delivery,No,1,13713,13713,"6405, 6406, 6407, 6408, 6409",,"1, 2, 3, 4, 5",07:05:00,09:00:00,10000,4,128,11,No Collection - Must book 5pm pick up,1,11,0,8,1,1,1,NULL,128,1,2,NULL,NULL,NULL,NULL
Auckland > Taupo Baggage Morning Delivery,,No,1,12764,12764,"7240, 7241, 7242",,"1, 3, 5",07:00:00,12:00:00,10000,4,128,62,Baggage delivery to Taupo,0,11,1,8,NULL,NULL,127,NULL,128,1,NULL,NULL,NULL,NULL,NULL
Auckland > Tauranga 3-6:30pm Run,,No,1,1088,1088,"4522, 4523, 4524, 4525, 4526",,"1, 2, 3, 4, 5",15:00:00,18:30:00,10000,3,129,5,NULL,1,12,1,8,1,1,1,NULL,129,1,2,NULL,NULL,NULL,NULL
Auckland > Tauranga 9-11AM Run,,No,1,1088,1088,"5865, 5866, 5867, 5868, 5869",,"1, 2, 3, 4, 5",09:00:00,11:00:00,10000,3,129,61,NULL,1,12,1,8,1,1,1,NULL,129,1,2,NULL,NULL,NULL,NULL
Auckland > Tauranga Afternoon Run Baggage 3-6:30pm,,No,1,16166,16166,"13128, 13129, 13130, 13131, 13132",,"1, 2, 3, 4, 5",15:30:00,18:00:00,10000,3,129,6,Book by 930am for Same Day Delivery,1,12,1,8,NULL,NULL,127,NULL,129,1,NULL,0,NULL,NULL,NULL
Auckland > Tauranga Baggage Afternoon Run,,No,1,12764,12764,"7225, 7226, 7227, 7228, 7229",,"1, 2, 3, 4, 5",15:30:00,18:00:00,10000,3,129,6,Same-day baggage delivery to Tauranga,1,12,1,8,1,1,127,NULL,129,1,2,NULL,NULL,NULL,NULL
Auckland > Tauranga Baggage Morning Run,,No,1,12764,12764,"7230, 7231, 7232, 7233, 7234",,"1, 2, 3, 4, 5",09:00:00,14:00:00,10000,3,129,14,Next-day baggage delivery to Tauranga,1,12,1,8,1,1,127,NULL,129,1,2,NULL,NULL,NULL,NULL
Auckland > Tauranga Evening Booking Delivery,,No,1,1088,1088,"5897, 5898, 5899, 5900, 5901",,"1, 2, 3, 4, 5",09:05:00,11:00:00,10000,3,129,13,No Collection - Must book Afterhours pick up,1,12,0,8,1,1,1,NULL,129,1,2,NULL,NULL,NULL,NULL
Auckland > Tauranga Evening Booking Delivery #2,Auckland > Tauranga Evening Booking Delivery,No,1,13713,13713,"6410, 6411, 6412, 6413, 6414",,"1, 2, 3, 4, 5",09:05:00,11:00:00,10000,3,129,13,No Collection - Must book 5pm pick up,1,12,0,8,1,1,1,NULL,129,1,2,NULL,NULL,NULL,NULL
Auckland > Tauranga Express 3pm - 6:30pm,,No,1,32896,32896,"5022, 5023, 5024, 5025, 5026",,"1, 2, 3, 4, 5",15:00:00,18:00:00,10000,3,129,5,Paddock to Pantry Tauranga Deliveries,1,12,0,8,1,1,127,NULL,129,1,2,NULL,NULL,NULL,NULL
Auckland > Tauranga Express 3pm-6:30pm,,No,1,32335,32335,"4985, 4986, 4987, 4988, 4989",,"1, 2, 3, 4, 5",15:00:00,18:30:00,10000,3,129,5,Meat Box Tauranga Deliveries,1,12,0,8,1,1,127,NULL,129,NULL,2,NULL,NULL,NULL,NULL
Auckland > Tauranga Morning Baggage Run 9-5,,No,1,16166,16166,"13123, 13124, 13125, 13126, 13127",,"1, 2, 3, 4, 5",09:00:00,17:00:00,10000,3,129,16,Book by 5pm for Next Business Day Delivery,1,12,1,8,NULL,NULL,127,NULL,129,1,NULL,0,NULL,NULL,NULL
Auckland > Tauranga Overnight - Delivery 9-5pm,,No,1,12671,12671,"5709, 5710, 5711, 5712, 5713",,"1, 2, 3, 4, 5",09:00:00,17:00:00,10000,3,129,15,NULL,1,12,1,8,1,1,127,NULL,129,1,2,NULL,NULL,NULL,NULL
Auckland > Tauranga Regional Run 9-5,,No,1,33014,33014,"4466, 4467, 4468, 4469, 4470",,"1, 2, 3, 4, 5",09:00:00,17:00:00,10000,3,129,15,NULL,1,12,1,8,1,1,4,NULL,129,1,2,NULL,NULL,NULL,NULL
Auckland > Tauranga Regional Run 9-5 #2,Auckland > Tauranga Regional Run 9-5,No,1,36813,36813,"8828, 8829, 8830, 8831, 8832",,"1, 2, 3, 4, 5",09:00:00,17:00:00,10000,3,129,0,NULL,1,12,1,8,1,1,4,NULL,129,0,2,NULL,NULL,NULL,NULL
Auckland > Tauranga Regional Run 9-5 Express #2,Auckland > Tauranga Regional Run 9-5 Express,No,1,33014,33014,"4471, 4472, 4473, 4474, 4475",,"1, 2, 3, 4, 5",09:00:00,17:00:00,10000,3,129,63,NULL,1,12,1,8,1,1,1,NULL,129,1,2,NULL,NULL,NULL,NULL
Auckland > Tauranga Regional Run 9-5 Express #3,Auckland > Tauranga Regional Run 9-5 Express,No,1,36813,36813,"8823, 8824, 8825, 8826, 8827",,"1, 2, 3, 4, 5",09:00:00,17:00:00,10000,3,129,0,NULL,1,12,1,8,1,1,1,NULL,129,0,2,NULL,NULL,NULL,NULL
Auckland > Tauranga Run 3-6:30pm #2,Auckland > Tauranga Run 3-6:30pm,No,1,33014,33014,"4476, 4477, 4478, 4479, 4480",,"1, 2, 3, 4, 5",15:00:00,18:00:00,10000,3,129,8,NULL,1,12,1,8,1,1,4,NULL,129,1,2,NULL,NULL,NULL,NULL
Auckland > Tauranga Run 3-6:30pm #3,Auckland > Tauranga Run 3-6:30pm,No,1,36813,36813,"8838, 8839, 8840, 8841, 8842",,"1, 2, 3, 4, 5",15:00:00,18:00:00,10000,3,129,0,NULL,1,12,1,8,1,1,4,NULL,129,0,2,NULL,NULL,NULL,NULL
Auckland > Tauranga Run Express 4-6:30 #2,Auckland > Tauranga Run Express 4-6:30,No,1,33014,33014,"4481, 4482, 4483, 4484, 4485",,"1, 2, 3, 4, 5",16:00:00,18:30:00,10000,3,129,7,NULL,1,12,1,8,1,1,1,NULL,129,1,2,NULL,NULL,NULL,NULL
Auckland > Tauranga Run Express 4-6:30 #3,Auckland > Tauranga Run Express 4-6:30,No,1,36813,36813,"8833, 8834, 8835, 8836, 8837",,"1, 2, 3, 4, 5",16:00:00,18:30:00,10000,3,129,0,NULL,1,12,1,8,1,1,1,NULL,129,0,2,NULL,NULL,NULL,NULL
Auckland > Tauranga Same Day Delivery 3-6:30pm,,No,1,12671,12671,"5714, 5715, 5716, 5717, 5718",,"1, 2, 3, 4, 5",15:00:00,18:00:00,10000,3,129,8,NULL,1,12,1,8,1,1,127,NULL,129,1,2,NULL,NULL,NULL,NULL
Auckland > Waikato 7-9 AM Run,,No,1,1088,1088,"5855, 5856, 5857, 5858, 5859",,"1, 2, 3, 4, 5",07:00:00,09:00:00,10000,4,128,58,NULL,1,11,1,8,1,1,1,NULL,128,0,2,NULL,NULL,NULL,NULL
Auckland > Waikato Afternoon Delivery,,No,1,36813,36813,"8805, 8806, 8807, 8808, 8809",,"1, 2, 3, 4, 5",13:00:00,18:00:00,10000,4,128,0,NULL,1,11,1,8,1,1,4,NULL,128,0,2,NULL,NULL,NULL,NULL
Auckland > Waikato Afternoon Express #2,Auckland > Waikato Afternoon Express,No,1,36813,36813,"8800, 8801, 8802, 8803, 8804",,"1, 2, 3, 4, 5",13:00:00,18:00:00,10000,4,128,0,NULL,1,11,1,8,1,1,1,NULL,128,0,2,NULL,NULL,NULL,NULL
Auckland > Waikato Baggage Afternoon Run,,No,1,12764,12764,"7248, 7249, 7250, 7251, 7252",,"1, 2, 3, 4, 5",13:30:00,18:00:00,10000,4,128,4,Same-day baggage delivery to Waikato,1,11,1,8,1,1,127,NULL,128,1,2,NULL,NULL,NULL,NULL
Auckland > Waikato Baggage Morning Run,,No,1,12764,12764,"7253, 7254, 7255, 7256, 7257",,"1, 2, 3, 4, 5",07:00:00,12:00:00,10000,4,128,12,Next-day baggage delivery to Waikato,1,11,1,8,1,1,127,NULL,128,1,2,NULL,NULL,NULL,NULL
Auckland > Waikato Morning Delivery #2,Auckland > Waikato Morning Delivery,No,1,36813,36813,"8815, 8816, 8817, 8818, 8819",,"1, 2, 3, 4, 5",07:00:00,12:00:00,10000,4,128,0,NULL,1,11,1,8,1,1,4,NULL,128,0,2,NULL,NULL,NULL,NULL
Auckland > Waikato Morning Express #2,Auckland > Waikato Morning Express,No,1,36813,36813,"8810, 8811, 8812, 8813, 8814",,"1, 2, 3, 4, 5",07:00:00,12:00:00,10000,4,128,0,NULL,1,11,1,8,1,1,1,NULL,128,0,2,NULL,NULL,NULL,NULL
Auckland > Waikato Regional Run 1-6,,No,1,33014,33014,"4451, 4452, 4453, 4454, 4455",,"1, 2, 3, 4, 5",13:00:00,18:00:00,10000,4,129,6,NULL,1,11,1,8,1,1,4,NULL,129,1,2,NULL,NULL,NULL,NULL
Auckland > Waikato Regional Run 1-6 #2,Auckland > Waikato Regional Run 1-6,No,1,36266,36266,"6247, 6248, 6249, 6250, 6251",,"1, 2, 3, 4, 5",13:00:00,18:00:00,10000,4,128,6,NULL,1,11,1,8,1,1,4,NULL,128,1,2,NULL,NULL,NULL,NULL
Auckland > Waikato Regional Run 7-12,,No,1,33014,33014,"4456, 4457, 4458, 4459, 4460",,"1, 2, 3, 4, 5",07:00:00,12:00:00,10000,4,129,12,NULL,1,11,1,8,1,1,1,NULL,129,1,2,NULL,NULL,NULL,NULL
Auckland > Waikato Regional Run 7-12 #2,Auckland > Waikato Regional Run 7-12,No,1,36266,36266,"6252, 6253, 6254, 6255, 6256",,"1, 2, 3, 4, 5",07:00:00,12:00:00,10000,4,128,16,NULL,1,11,1,8,1,1,4,NULL,128,1,2,NULL,NULL,NULL,NULL
Auckland > Waikato Regional Run Delivery 1-6pm,,No,1,12671,12671,"5699, 5700, 5701, 5702, 5703",,"1, 2, 3, 4, 5",13:00:00,18:00:00,10000,4,129,6,NULL,1,11,1,8,1,1,127,NULL,129,1,2,NULL,NULL,NULL,NULL
Auckland > Waikato Regional Run Delivery 7am-12pm,,No,1,12671,12671,"5704, 5705, 5706, 5707, 5708",,"1, 2, 3, 4, 5",07:00:00,12:00:00,10000,4,129,16,NULL,1,11,1,8,1,1,127,NULL,129,1,2,NULL,NULL,NULL,NULL
Auckland > Waikato Regional Run Express 1-6,,No,1,33014,33014,"4461, 4462, 4463, 4464, 4465",,"1, 2, 3, 4, 5",13:00:00,18:00:00,10000,4,129,4,NULL,1,11,1,8,1,1,1,NULL,129,1,2,NULL,NULL,NULL,NULL
Auckland > Waikato Regional Run Express 1-6 #2,Auckland > Waikato Regional Run Express 1-6,No,1,36266,36266,"6257, 6258, 6259, 6260, 6261",,"1, 2, 3, 4, 5",13:00:00,18:00:00,10000,4,128,4,NULL,1,11,1,8,1,1,1,NULL,128,1,2,NULL,NULL,NULL,NULL
Auckland > Waikato Regional Run Express 7-12,,No,1,36266,36266,"6262, 6263, 6264, 6265, 6266",,"1, 2, 3, 4, 5",07:00:00,12:00:00,10000,4,128,13,NULL,1,11,1,8,1,1,1,NULL,128,1,2,NULL,NULL,NULL,NULL
Auckland > Whangarei Baggage Morning Run,,No,1,12764,12764,"7235, 7236, 7237, 7238, 7239",,"1, 2, 3, 4, 5",07:00:00,12:00:00,10000,21,129,12,Next-day baggage delivery to Whangarei,1,NULL,1,8,NULL,NULL,127,NULL,129,1,2,NULL,NULL,NULL,NULL
Auckland > Whangarei Morning Baggage Run 7-12pm,,No,1,16166,16166,"13133, 13134, 13135, 13136, 13137",,"1, 2, 3, 4, 5",07:00:00,12:00:00,10000,21,129,14,Book by 5pm for Next Business Day Delivery,1,NULL,1,8,NULL,NULL,127,NULL,129,1,NULL,0,NULL,NULL,NULL
Auckland > Whangarei Regional Run Delivery 7-9am,,No,1,12671,12671,"5694, 5695, 5696, 5697, 5698",,"1, 2, 3, 4, 5",07:00:00,09:00:00,10000,21,129,62,Regional Run to Whangarei,1,NULL,1,8,1,1,127,NULL,129,1,2,NULL,NULL,360,NULL
Auckland Afternoon Baggage Delivery,,No,1,16166,16166,"13450, 13451, 13452, 13453, 13454",,"1, 2, 3, 4, 5",12:00:00,18:00:00,10000,8,140,66,Book by 6pm | Bookings made after 5pm Friday will be collected for delivery on Monday from 8am,NULL,62,1,8,NULL,NULL,127,62,140,1,NULL,NULL,NULL,NULL,NULL
Auckland Afternoon Chilled #2,Auckland Afternoon Chilled,No,1,9673,9673,"7693, 7694, 7695, 7696, 7697",,"1, 2, 3, 4, 5",13:00:00,17:00:00,10000,8,123,2,NULL,0,27,NULL,8,2,2,NULL,NULL,123,NULL,NULL,NULL,NULL,NULL,NULL
Auckland Afternoon Chilled Delivery,,No,1,32973,32973,"603, 604, 605, 606, 607",,"1, 2, 3, 4, 5",12:00:00,17:00:00,10000,8,123,2,NULL,0,NULL,NULL,8,NULL,NULL,NULL,NULL,123,NULL,NULL,NULL,NULL,NULL,NULL
Auckland Afternoon Cool,,No,1,33105,33105,"1075, 1076, 1077, 1078, 1079",,"1, 2, 3, 4, 5",13:00:00,17:00:00,10000,8,123,22,NULL,0,NULL,0,8,NULL,NULL,NULL,NULL,123,NULL,NULL,NULL,NULL,NULL,NULL
Auckland Afternoon Delivery (DBOX),,No,1,35329,35329,"3033, 3034, 3035, 3036, 3037",,"1, 2, 3, 4, 5",12:00:00,17:00:00,10000,8,94,12,NULL,0,NULL,NULL,4,NULL,NULL,NULL,NULL,94,NULL,NULL,NULL,NULL,NULL,NULL
Auckland Afternoon Delivery - Friday,,No,1,33077,33077,836,,5,12:00:00,17:00:00,10000,8,94,12,Auckland Afternoon Delivery - Friday,0,NULL,0,8,NULL,NULL,NULL,NULL,94,NULL,NULL,NULL,NULL,NULL,NULL
Auckland Afternoon Delivery - Monday,,No,1,33077,33077,832,,1,12:00:00,17:00:00,10000,8,94,12,Auckland Afternoon Delivery - Monday,0,NULL,0,8,NULL,NULL,NULL,NULL,94,NULL,NULL,NULL,NULL,NULL,NULL
Auckland Afternoon Delivery - Thursday,,No,1,33077,33077,835,,4,12:00:00,17:00:00,10000,8,94,12,Auckland Afternoon Delivery - Thursday,0,NULL,0,8,NULL,NULL,NULL,NULL,94,NULL,NULL,NULL,NULL,NULL,NULL
Auckland Afternoon Delivery - Tuesday,,No,1,33077,33077,833,,2,12:00:00,17:00:00,10000,8,94,12,Auckland Afternoon Delivery - Tuesday,0,NULL,0,8,NULL,NULL,NULL,NULL,94,NULL,NULL,NULL,NULL,NULL,NULL
Auckland Afternoon Delivery - Wednesday,,No,1,33077,33077,834,,3,12:00:00,17:00:00,10000,8,94,12,Auckland Afternoon Delivery - Wednesday,0,NULL,0,8,NULL,NULL,NULL,NULL,94,NULL,NULL,NULL,NULL,NULL,NULL
Auckland Afternoon Home,,No,1,33095,33095,1353,,1,12:00:00,17:00:00,10000,8,94,2,"Premium, live-tracked delivery from 12-5pm",0,NULL,0,8,NULL,NULL,NULL,NULL,94,NULL,NULL,NULL,NULL,NULL,NULL
Auckland Afternoon Home Delivery,,No,1,33149,33149,"1153, 1154, 1155, 1156, 1157",,"1, 2, 3, 4, 5",12:00:00,17:00:00,10000,8,94,15,NULL,0,NULL,0,8,NULL,NULL,NULL,NULL,94,NULL,NULL,NULL,NULL,NULL,NULL
Auckland Afternoons,,No,2,"17761, 13681",17761,"5476, 5477, 5478, 5479, 5480, 5481","8244, 8245, 8246, 8247, 8248, 8249","1, 2, 3, 4, 5, 6",12:00:00,17:00:00,10000,8,94,2,NULL,NULL,62,NULL,8,NULL,NULL,NULL,NULL,94,NULL,NULL,NULL,NULL,NULL,NULL
Auckland Council II Internal Tracking,,No,1,17273,17273,79,,1,13:00:00,17:00:00,10000,8,85,1,NULL,NULL,NULL,NULL,8,NULL,NULL,NULL,NULL,85,NULL,NULL,NULL,NULL,NULL,NULL
Auckland Council II Tracking,,No,1,17273,17273,80,,4,13:00:00,17:00:00,10000,8,85,0,NULL,NULL,NULL,NULL,8,NULL,NULL,NULL,NULL,85,NULL,NULL,NULL,NULL,NULL,NULL
Auckland Council Internal,,No,1,17273,17273,"74, 75, 78",,"2, 3, 5",13:00:00,17:00:00,10000,8,85,1,NULL,NULL,NULL,NULL,8,NULL,NULL,NULL,NULL,85,NULL,NULL,NULL,NULL,NULL,NULL
Auckland Evening Delivery (DBOX),,No,1,35329,35329,"3038, 3039, 3040, 3041, 3042",,"1, 2, 3, 4, 5",18:00:00,21:00:00,10000,8,110,6,NULL,0,NULL,NULL,8,NULL,NULL,NULL,NULL,110,NULL,NULL,NULL,NULL,NULL,NULL
Auckland Evening Home,,No,1,33149,33149,"1158, 1159, 1160, 1161, 1162",,"1, 2, 3, 4, 5",18:00:00,21:00:00,10000,8,110,2,NULL,0,NULL,0,8,NULL,NULL,NULL,NULL,110,NULL,NULL,NULL,NULL,NULL,NULL
Auckland Express,,No,1,33049,33049,652,,4,12:00:00,17:00:00,10000,8,94,24,Premium live tracked delivery service,0,NULL,NULL,8,NULL,NULL,NULL,NULL,94,NULL,NULL,NULL,NULL,NULL,NULL
Auckland Fresh Express,,No,1,33099,33099,921,,3,12:00:00,17:00:00,10000,8,94,45,"Overnight guaranteed, live-tracked delivery. Wednesday delivery from 1-5pm",0,NULL,0,4,NULL,NULL,NULL,NULL,94,NULL,NULL,NULL,NULL,NULL,NULL
Auckland Friday Delivery,,No,1,33098,33098,926,,5,12:00:00,17:00:00,10000,8,94,24,NULL,0,NULL,0,8,NULL,NULL,NULL,NULL,94,NULL,2,NULL,NULL,NULL,NULL
Auckland Morning Chilled (Ham - AKL),,No,1,33127,33127,"1658, 1659, 1660, 1661",,"2, 3, 4, 5",07:00:00,12:00:00,10000,8,122,16,,0,27,0,4,NULL,NULL,NULL,NULL,122,NULL,NULL,NULL,NULL,NULL,NULL
Auckland Sunday 12pm - 6pm,,No,1,32335,32335,4990,,7,12:00:00,18:00:00,10000,8,95,2,Sunday delivery between 12pm & 6pm,0,14,1,8,2,1,127,NULL,95,1,2,1,150,NULL,NULL
Auckland Two Hour,,No,1,1815,1815,115,,5,17:00:00,18:00:00,10000,8,24,1,On demand Two Hour Delivery,0,NULL,NULL,8,NULL,NULL,NULL,NULL,24,NULL,NULL,NULL,NULL,NULL,NULL
Auckland Wednesday Delivery,,No,1,33098,33098,923,,3,12:00:00,17:00:00,10000,8,94,24,NULL,0,NULL,0,8,NULL,NULL,NULL,NULL,94,NULL,NULL,NULL,NULL,NULL,NULL
Baggage Run,,No,1,12764,12764,790,,3,09:30:00,12:00:00,10000,8,94,0,NULL,0,NULL,NULL,8,NULL,NULL,NULL,NULL,94,NULL,NULL,NULL,NULL,NULL,NULL
Bay of Plenty Fresh Express,,No,1,33099,33099,922,,3,10:00:00,14:00:00,10000,3,112,43,"Overnight guaranteed, live-tracked delivery. Wednesday delivery from 3-6pm",0,12,0,4,NULL,NULL,NULL,NULL,112,NULL,NULL,NULL,NULL,NULL,NULL
Best Industries - Auckland,,No,1,35004,35004,"6512, 6513, 6514, 6515, 6516, 6517",,"1, 2, 3, 4, 5, 6",12:00:00,17:00:00,10000,8,94,2,NULL,NULL,62,NULL,8,3,1,NULL,NULL,94,NULL,NULL,NULL,NULL,NULL,NULL
Best Industries - Napier,,No,1,35004,35004,"6518, 6519, 6520",,"2, 3, 5",12:00:00,17:00:00,10000,10,94,24,NULL,0,65,0,6,3,1,NULL,NULL,94,NULL,NULL,NULL,NULL,NULL,NULL
Best Industries - Palmerston North,,No,1,35004,35004,"6521, 6522, 6523",,"2, 3, 5",12:00:00,17:00:00,10000,6,94,24,NULL,0,66,0,8,3,1,NULL,NULL,94,NULL,NULL,NULL,NULL,NULL,NULL
Best Industries - Taupo,,No,1,35004,35004,"6534, 6535, 6536",,"1, 3, 5",07:00:00,12:00:00,10000,4,112,16,NULL,0,11,0,8,3,1,NULL,NULL,112,NULL,NULL,NULL,NULL,NULL,NULL
Best Industries - Tauranga,,No,1,35004,35004,"6537, 6538, 6539, 6540, 6541",,"1, 2, 3, 4, 5",07:00:00,12:00:00,10000,3,112,16,NULL,0,12,0,4,3,1,NULL,NULL,112,NULL,NULL,NULL,NULL,NULL,NULL
Best Industries - Waikato,,No,1,35004,35004,"6529, 6530, 6531, 6532, 6533",,"1, 2, 3, 4, 5",07:00:00,12:00:00,10000,4,112,16,NULL,0,11,0,8,3,1,NULL,NULL,112,NULL,NULL,NULL,NULL,NULL,NULL
Best Industries - Wellington,,No,1,35004,35004,"6524, 6525, 6526, 6527, 6528",,"1, 2, 3, 4, 5",10:00:00,17:00:00,10000,16,94,24,NULL,0,26,0,8,3,1,NULL,NULL,94,NULL,NULL,NULL,NULL,NULL,NULL
Best Industries - Whangarei,,No,1,35004,35004,"6542, 6543, 6544, 6545, 6546",,"1, 2, 3, 4, 5",07:00:00,12:00:00,10000,21,112,16,NULL,1,NULL,0,21,3,1,NULL,NULL,112,NULL,NULL,NULL,NULL,360,NULL
Betschart - Tauranga Chilled Pallets,,No,1,34111,34111,"6877, 6878, 6879, 6881, 6882",,"1, 2, 3, 4, 5",06:00:00,11:00:00,10000,3,131,19,,0,29,0,8,2,2,NULL,NULL,131,NULL,NULL,NULL,NULL,NULL,NULL
"Betscharts - Taupo, Tokoroa, Putaruru, TeAwamutu",,No,1,34111,34111,"13053, 13054, 13055",,"1, 3, 5",07:00:00,17:00:00,10000,4,130,8,NULL,0,11,0,8,2,2,NULL,NULL,130,NULL,NULL,NULL,NULL,NULL,NULL
Betscharts Auckland - Wellington Chilled,,No,1,34111,34111,"7735, 7736, 7737, 7738, 7739",,"1, 2, 3, 4, 5",09:00:00,15:00:00,10000,16,147,21,Chilled Delivery in Wellington,0,26,0,8,2,2,NULL,NULL,147,1,NULL,NULL,NULL,NULL,NULL
Betscharts Auckland Afternoon Chilled,,No,1,34111,34111,"1910, 1911, 1912, 1913, 1914",,"1, 2, 3, 4, 5",12:00:00,17:00:00,10000,8,123,21,Auckland Afternoon Chilled Delivery 1pm - 5pm,0,27,0,8,2,2,NULL,NULL,123,NULL,NULL,NULL,NULL,NULL,NULL
Betscharts Auckland Morning Chilled,,No,1,34111,34111,"1905, 1906, 1907, 1908, 1909",,"1, 2, 3, 4, 5",07:00:00,12:00:00,10000,8,122,16,Auckland Morning Chilled Delivery 7am - 12pm,0,27,0,8,2,2,NULL,NULL,122,NULL,NULL,NULL,NULL,NULL,NULL
BHE XMAS HF,,No,1,17921,17921,"6415, 6416",,"1, 2",07:00:00,19:00:00,10000,15,121,2,,0,NULL,NULL,15,NULL,NULL,NULL,NULL,121,NULL,NULL,NULL,NULL,NULL,NULL
Bikaner WLG Pallets,,No,1,35312,35312,"6108, 6109, 6110, 6111, 6112, 6113, 6114, 6115, 6116",,"1, 2, 3, 4, 5",06:00:00,12:00:00,10000,16,147,17,Wellington Chilled Pallets,0,26,0,8,NULL,NULL,NULL,27,147,NULL,NULL,0,NULL,NULL,NULL
BLABO Auckland,,No,1,34807,34807,"3947, 3948, 3949, 3950, 4756, 13330, 13331",,"1, 2, 3, 4, 5, 6, 7",11:11:00,16:45:00,10000,8,96,1,NULL,0,62,0,8,2,1,NULL,NULL,96,NULL,NULL,NULL,NULL,NULL,NULL
BookerBlooms Cambridge To Whangarei - Chilled,,No,1,37028,37028,"12291, 12292, 12293, 12294, 12295",,"1, 2, 3, 4, 5",07:00:00,12:00:00,10000,21,147,21,NULL,1,82,1,4,2,2,127,90,147,1,3,NULL,NULL,NULL,NULL
BOP - Urgent Delivery,,No,1,17951,17951,"640, 641, 642, 643, 659",,"1, 2, 3, 4, 5",12:00:00,17:00:00,10000,3,112,12,Live tracked delivery service with Urgent Couriers,0,NULL,NULL,3,NULL,NULL,NULL,NULL,112,NULL,NULL,NULL,NULL,NULL,NULL
BOP > Waikato Morning Run,,Yes,1,9196,NULL,"2377, 2378, 2379, 2380, 2381","7422, 7423, 7424, 7425, 7426, 7497, 7498, 7499, 7500, 7501","1, 2, 3, 4, 5",07:00:00,12:00:00,10000,4,129,21,NULL,1,11,1,3,1,1,127,53,129,1,6,NULL,NULL,NULL,NULL
BOP > Waikato Morning Run #2,BOP > Waikato Morning Run,No,1,36813,36813,"8858, 8859, 8860, 8861, 8862",,"1, 2, 3, 4, 5",07:00:00,12:00:00,10000,4,129,0,NULL,1,11,1,3,1,1,127,53,129,1,6,NULL,NULL,NULL,NULL
BOP Express Service,,No,1,18232,18232,"489, 490, 491, 492",,"2, 3, 4, 5",08:00:00,17:30:00,10000,3,112,26,Express delivery service with live tracking,0,12,NULL,8,NULL,NULL,NULL,NULL,112,NULL,NULL,NULL,NULL,NULL,NULL
BOP Outer > Auckland Express Run 11-1,,Yes,1,9196,NULL,"2038, 2039, 2098, 2099, 2100","7427, 7428, 7429, 7430, 7431, 7502, 7503, 7504, 7505, 7506","1, 2, 3, 4, 5",11:00:00,13:00:00,10000,8,145,71,NULL,1,NULL,1,3,1,1,127,53,145,1,6,NULL,NULL,NULL,NULL
BOP Outer > Auckland Express Run 11-1 #2,BOP Outer > Auckland Express Run 11-1,No,1,36813,36813,"8950, 8951, 8952, 8953, 8954",,"1, 2, 3, 4, 5",11:00:00,13:00:00,10000,8,145,0,NULL,1,NULL,1,3,1,1,127,53,145,1,6,NULL,NULL,NULL,NULL
BOP Outer > Auckland Express Run 4-6 #2,BOP Outer > Auckland Express Run 4-6,No,1,9196,9196,"7432, 7433, 7434, 7435, 7436, 7507, 7508, 7509, 7510, 7511",,"1, 2, 3, 4, 5",16:00:00,18:00:00,10000,8,145,76,NULL,1,NULL,1,3,1,1,127,NULL,145,1,6,NULL,NULL,NULL,NULL
BOP Outer > Auckland Express Run 4-6 #3,BOP Outer > Auckland Express Run 4-6,No,1,36813,36813,"8955, 8956, 8957, 8958, 8959",,"1, 2, 3, 4, 5",16:00:00,18:00:00,10000,8,145,0,NULL,1,NULL,1,3,1,1,127,NULL,145,1,6,NULL,NULL,NULL,NULL
BOP Outer > Auckland Run 12-5pm,,No,1,9196,9196,"7437, 7438, 7439, 7440, 7441, 7512, 7513, 7514, 7515, 7516",,"1, 2, 3, 4, 5",12:00:00,17:00:00,10000,8,140,24,NULL,0,NULL,1,3,1,1,127,53,140,1,6,NULL,NULL,NULL,NULL
BOP Outer > Auckland Run 12-5pm #2,BOP Outer > Auckland Run 12-5pm,No,1,36813,36813,"8960, 8961, 8962, 8963, 8964",,"1, 2, 3, 4, 5",12:00:00,17:00:00,10000,8,140,0,NULL,0,NULL,1,3,1,1,127,53,140,1,6,NULL,NULL,NULL,NULL
BOP Outer > Auckland Run 6-9pm,,No,1,9196,9196,"7442, 7443, 7444, 7445, 7446, 7517, 7518, 7519, 7520, 7521",,"1, 2, 3, 4, 5",18:00:00,21:00:00,10000,8,141,30,NULL,0,NULL,1,3,1,1,127,53,110,1,6,NULL,NULL,NULL,NULL
BOP Outer > Auckland Run 6-9pm #2,BOP Outer > Auckland Run 6-9pm,No,1,36813,36813,"8965, 8966, 8967, 8968, 8969",,"1, 2, 3, 4, 5",18:00:00,21:00:00,10000,8,141,0,NULL,0,NULL,1,3,1,1,127,53,110,1,6,NULL,NULL,NULL,NULL
BOP Regional Home Delivery 11am #2,BOP Regional Home Delivery 11am,No,2,"16298, 9196",16298,"4593, 4594, 4595, 4596, 4597","7447, 7448, 7449, 7450, 7451, 7522, 7523, 7524, 7525, 7526","1, 2, 3, 4, 5",13:00:00,18:00:00,10000,3,112,4,NULL,0,12,0,4,1,1,NULL,NULL,112,NULL,NULL,NULL,NULL,NULL,NULL
BOP Regional Home Delivery 5am #2,BOP Regional Home Delivery 5am,No,2,"9196, 33149",9196,"7452, 7453, 7454, 7455, 7456, 7527, 7528, 7529, 7530, 7531","10533, 10534, 10535, 10536, 10537","1, 2, 3, 4, 5",07:00:00,12:00:00,10000,3,112,16,NULL,0,12,0,4,NULL,NULL,NULL,NULL,112,NULL,NULL,NULL,NULL,NULL,NULL
BOP Regional Home Delivery 5am #3,BOP Regional Home Delivery 5am,No,1,16298,16298,"4598, 4599, 4600, 4601, 4602",,"1, 2, 3, 4, 5",07:00:00,12:00:00,10000,3,112,64,NULL,0,12,0,4,NULL,NULL,NULL,NULL,112,NULL,NULL,NULL,NULL,NULL,NULL
Brambles Florist Tauranga > Whakatane Run,,No,1,33057,33057,"12148, 12149, 12150, 12151, 12152",,"1, 2, 3, 4, 5",11:00:00,14:00:00,10000,3,129,1,Book by 10:00am for same day delivery 2pm,1,12,1,3,NULL,NULL,127,52,129,1,6,0,NULL,NULL,NULL
BTB - Evening Home,,No,1,36601,36601,6813,,5,18:00:00,21:00:00,10000,8,110,3,Evening Home,NULL,62,NULL,8,NULL,NULL,NULL,NULL,110,NULL,NULL,NULL,NULL,NULL,NULL
BTB - Sunday Auckland,,No,1,36601,36601,6807,,7,12:00:00,18:00:00,10000,8,95,70,NULL,NULL,14,NULL,8,NULL,NULL,NULL,NULL,95,NULL,NULL,NULL,NULL,NULL,NULL
BTB - Sunday Hamilton,,No,1,36601,36601,6808,,7,12:00:00,18:00:00,10000,4,95,74,NULL,NULL,19,NULL,8,NULL,NULL,NULL,NULL,95,NULL,NULL,NULL,NULL,NULL,NULL
BTB - Sunday Napier,,No,1,36601,36601,6810,,7,12:00:00,18:00:00,10000,10,95,0,NULL,NULL,23,NULL,8,NULL,NULL,NULL,NULL,95,NULL,NULL,NULL,NULL,NULL,NULL
BTB - Sunday Palmy,,No,1,36601,36601,6812,,7,12:00:00,18:00:00,10000,6,95,74,NULL,NULL,22,NULL,8,NULL,NULL,NULL,NULL,95,NULL,NULL,NULL,NULL,NULL,NULL
BTB - Sunday Tauranga,,No,1,36601,36601,6809,,7,12:00:00,18:00:00,10000,3,95,74,NULL,NULL,20,NULL,8,NULL,NULL,NULL,NULL,95,NULL,NULL,NULL,NULL,NULL,NULL
BTB - Sunday Wellington,,No,1,36601,36601,6811,,7,12:00:00,18:00:00,10000,16,95,74,NULL,NULL,21,NULL,8,NULL,NULL,NULL,NULL,95,NULL,NULL,NULL,NULL,NULL,NULL
BTBWL - Auckland Afternoons,,No,1,37006,37006,"13764, 13765, 13766, 13767, 13768, 13769",,"1, 2, 3, 4, 5, 6",12:00:00,17:00:00,10000,8,94,2,NULL,NULL,62,NULL,8,NULL,NULL,NULL,NULL,94,NULL,NULL,NULL,NULL,NULL,NULL
Bush to Bowl Chilled Transfer,,No,1,37006,37006,"11441, 11442, 11443, 11444, 11445",,"1, 2, 3, 4, 5",11:00:00,15:00:00,10000,8,147,3,Chilled Transfer into UCL Services,1,NULL,0,21,NULL,NULL,127,NULL,147,1,4,NULL,NULL,NULL,NULL
Cal Isuzu Tauranga > Whakatane Run,,No,1,32200,32200,"12087, 12088, 12089, 12090, 12091",,"1, 2, 3, 4, 5",11:00:00,14:00:00,10000,3,129,1,Book by 10:00am for same day delivery 2pm,1,12,1,3,NULL,NULL,127,52,129,1,6,0,180,NULL,NULL
Cambridge > BOP,,No,1,31952,31952,"12513, 12514, 12515, 12516, 12517",,"1, 2, 3, 4, 5",09:00:00,12:00:00,10000,3,129,65,NULL,1,12,1,4,1,1,127,38,129,1,3,NULL,NULL,NULL,NULL
Cambridge > Waikato Afternoon,,No,1,31952,31952,"12178, 12179, 12180, 12181, 12182",,"1, 2, 3, 4, 5",12:00:00,17:00:00,10000,4,128,1,NULL,1,11,1,4,1,1,127,38,128,1,NULL,0,NULL,NULL,NULL
Cambridge > Waikato Morning,,No,1,31952,31952,"12188, 12189, 12190, 12191, 12192",,"1, 2, 3, 4, 5",07:00:00,13:00:00,10000,4,128,14,NULL,1,11,1,4,1,1,127,38,128,1,NULL,0,NULL,NULL,NULL
Camridge > Auckland 11am-1pm,,No,1,31952,31952,"12528, 12529, 12530, 12531, 12532",,"1, 2, 3, 4, 5",11:00:00,13:00:00,10000,8,145,20,NULL,1,NULL,1,4,1,1,127,38,145,1,3,NULL,NULL,NULL,NULL
CB Auckland > Hamilton Express 1pm - 5pm,,No,1,32893,32893,"4970, 4971, 4972, 4973, 4974",,"1, 2, 3, 4, 5",13:00:00,17:00:00,10000,4,128,4,Celebration Box Waikato Deliveries,1,11,1,8,1,1,127,NULL,128,1,2,1,210,NULL,NULL
CB Auckland > Taupo (Mon),,No,1,32893,32893,7709,,1,07:30:00,12:00:00,10000,4,128,22,NULL,0,11,1,8,2,1,127,NULL,128,1,NULL,1,1275,NULL,NULL
CB Auckland > Taupo (Wed & Fri),,No,1,32893,32893,"7710, 7711",,"3, 5",07:30:00,12:00:00,10000,4,128,17,NULL,0,11,1,8,2,1,127,NULL,128,1,NULL,1,1020,NULL,NULL
CB Auckland > Tauranga Express 3-6:30pm,,No,1,32893,32893,"4975, 4976, 4977, 4978, 4979",,"1, 2, 3, 4, 5",15:00:00,18:00:00,10000,3,129,6,Celebration Box Tauranga Deliveries,1,12,1,8,1,1,127,NULL,129,1,2,1,330,NULL,NULL
CB Auckland Afternoon Delivery,,No,1,32893,32893,"5012, 5013, 5014, 5015, 5016",,"1, 2, 3, 4, 5",12:00:00,17:00:00,10000,8,140,2,Celebration Box Auckland Afternoon Delivery,NULL,62,1,8,2,1,127,62,140,1,2,1,90,NULL,NULL
CB Auckland Evening Delivery 6pm - 9pm,,No,1,32893,32893,"5177, 5178, 5179, 5180, 5181",,"1, 2, 3, 4, 5",18:00:00,21:00:00,10000,8,141,3,Celebration Box Auckland Evening Delivery,NULL,62,1,8,2,1,127,62,141,1,2,1,210,NULL,NULL
CB Auckland Saturday Delivery 12pm - 5pm,,No,1,32893,32893,6904,,6,12:00:00,17:00:00,10000,8,140,3,Celebration Box Auckland Afternoon Delivery,NULL,62,1,8,2,1,127,62,140,1,2,1,1230,NULL,NULL
CB Auckland Sunday 12pm - 6pm,,No,1,32893,32893,4996,,7,12:00:00,18:00:00,10000,8,95,2,Sunday delivery between 12pm & 6pm,0,14,1,8,2,1,127,NULL,95,1,2,1,90,NULL,NULL
CB Hamilton Sunday 12pm - 6pm,,No,1,32893,32893,4997,,7,12:00:00,18:00:00,10000,4,95,74,NULL,0,19,1,8,2,1,127,NULL,95,1,2,1,2670,NULL,NULL
CB Napier Afternoons,,No,1,32893,32893,"8328, 8329, 8330",,"2, 3, 5",12:00:00,17:00:00,10000,10,140,26,Napier Afternoon Home - Delivery between 12pm to 5pm,0,65,1,8,1,1,127,NULL,140,1,2,1,1590,NULL,NULL
CB Napier Sunday 12pm - 6pm,,No,1,32893,32893,4998,,7,12:00:00,18:00:00,10000,10,95,72,NULL,0,23,1,8,2,1,127,NULL,95,1,2,1,2670,NULL,NULL
CB Palmerston North Sunday 12pm - 6pm,,No,1,32893,32893,4999,,7,12:00:00,18:00:00,10000,6,95,74,NULL,0,22,1,8,2,1,127,NULL,95,1,2,1,2670,NULL,NULL
CB Tauranga Sunday 12pm - 6pm,,No,1,32893,32893,5000,,7,12:00:00,18:00:00,10000,3,95,74,NULL,0,20,1,8,2,1,127,NULL,95,1,2,1,2670,NULL,NULL
CB Wellington Sunday 12pm - 6pm,,No,1,32893,32893,5001,,7,12:00:00,18:00:00,10000,16,95,74,NULL,0,21,1,8,2,1,127,NULL,95,1,NULL,1,2670,NULL,NULL
CB Whangarei Express service,,No,1,32893,32893,"6672, 6673, 6674, 6675, 6676",,"1, 2, 3, 4, 5",06:00:00,14:00:00,10000,21,129,16,Express delivery service with live tracking,1,NULL,1,8,2,1,127,NULL,129,1,2,1,880,360,NULL
CELBO Auckland Mothers Day 8am - 1pm,,No,1,32893,32893,12848,,7,08:00:00,13:00:00,10000,8,95,2,Sunday delivery between 8am & 1pm,0,14,0,8,2,1,142,NULL,95,NULL,2,NULL,NULL,NULL,NULL
CELBO Auckland Valentines 8am - 2pm,,No,1,32893,32893,12076,,6,08:00:00,14:00:00,10000,8,95,18,Friday delivery between 8am & 2pm,0,62,0,8,2,1,142,NULL,95,NULL,2,NULL,NULL,NULL,NULL
CERES Whangarei/Mangawhai Half Pallet Booking,,No,1,36544,36544,"6583, 6584, 6585, 6586, 6587",,"1, 2, 3, 4, 5",07:00:00,14:00:00,10000,21,147,16,NULL,1,NULL,0,8,NULL,NULL,NULL,NULL,147,NULL,NULL,0,NULL,360,NULL
CHAOS Hamilton - Auckland Afternoon Chilled,,No,1,36050,36050,"12232, 12233, 12234, 12235, 12236",,"1, 2, 3, 4, 5",13:00:00,17:00:00,10000,8,123,22,NULL,0,27,0,4,2,2,NULL,NULL,123,NULL,NULL,NULL,NULL,NULL,NULL
CHAOS Hamilton - Auckland Morning Chilled,,No,1,36050,36050,"12227, 12228, 12229, 12230, 12231",,"1, 2, 3, 4, 5",07:00:00,12:00:00,10000,8,122,68,Auckland Morning Chilled Delivery 7am - 12pm Hamilton to Auckland,0,27,0,4,2,2,NULL,NULL,122,NULL,NULL,NULL,NULL,NULL,NULL
CHAOS Hamilton - Tauranga Chilled,,No,1,36050,36050,"12222, 12223, 12224, 12225, 12226",,"1, 2, 3, 4, 5",07:00:00,17:00:00,10000,3,131,16,NULL,1,29,0,4,NULL,NULL,NULL,NULL,131,NULL,NULL,NULL,NULL,NULL,NULL
CHAOS Hamilton Local Chilled,,No,1,36050,36050,"12217, 12218, 12219, 12220, 12221",,"1, 2, 3, 4, 5",07:00:00,17:00:00,10000,4,130,16,Hamilton to Hamilton Deliveries.  Zone 1 Only,0,28,0,4,2,2,NULL,NULL,130,NULL,5,NULL,NULL,NULL,NULL
"Chase HLZ > Taupo, Tokoroa, Putaruru Regional Home",,No,1,31584,31584,"13294, 13295, 13296",,"1, 3, 5",07:00:00,12:00:00,10000,4,128,16,NULL,1,92,1,4,NULL,NULL,127,90,128,1,NULL,0,NULL,NULL,NULL
CHCH > Akl Medical Returns,,No,1,35773,35773,"13067, 13068, 13069, 13070, 13071",,"1, 2, 3, 4, 5",08:00:00,12:00:00,10000,8,145,66,Book by 2 pm - Next Business Day Delivery,1,NULL,1,34,1,1,166,NULL,160,1,NULL,0,NULL,NULL,NULL
CHCH Chilled - Email CS,,No,1,37020,37020,"12483, 12484, 12485, 12486, 12487",,"1, 2, 3, 4, 5",07:00:00,17:00:00,10000,20,147,48,NULL,0,67,0,8,NULL,NULL,NULL,NULL,147,NULL,NULL,0,NULL,NULL,NULL
CHCH MONDAY,,No,1,12810,12810,334,,1,10:00:00,17:00:00,10000,20,95,1,NULL,NULL,NULL,NULL,20,NULL,NULL,NULL,NULL,95,NULL,NULL,NULL,NULL,NULL,NULL
CHCH Returns Test,,No,1,32929,32929,7941,,4,12:00:00,17:00:00,10000,8,160,40,NULL,1,62,1,20,NULL,NULL,166,67,160,1,NULL,0,NULL,NULL,NULL
CHCH TEST,,No,1,15641,15641,"6737, 6738, 6739",,5,13:30:00,16:30:00,10000,20,4,0,NULL,0,NULL,0,20,NULL,NULL,NULL,NULL,4,NULL,NULL,0,NULL,NULL,NULL
CHCH TEST 3pm,,No,1,15641,15641,6736,,5,15:00:00,18:00:00,10000,20,4,0,NULL,0,NULL,0,20,NULL,NULL,NULL,NULL,4,NULL,NULL,0,NULL,NULL,NULL
CHCH XMAS HF,,No,1,17921,17921,"6425, 6426",,"1, 2",07:00:00,19:00:00,10000,20,121,2,,0,42,NULL,20,NULL,NULL,NULL,NULL,121,NULL,NULL,NULL,NULL,NULL,NULL
ChevP - Auckland Chilled,,No,1,33149,33149,"4721, 4722, 4723, 4724, 4725",,"1, 2, 3, 4, 5",07:00:00,12:00:00,10000,8,122,16,,0,27,0,8,2,2,NULL,NULL,122,NULL,NULL,NULL,NULL,NULL,NULL
ChevP - Auckland Sunday Home Delivery,,No,1,33149,33149,1163,,7,14:00:00,20:00:00,10000,8,95,24,NULL,0,14,0,8,NULL,NULL,NULL,NULL,95,NULL,NULL,NULL,NULL,NULL,NULL
ChevP - Christchurch Chilled Cartons,,No,1,33149,33149,"9016, 9017, 9018, 9019",,"1, 2, 3, 4",06:00:00,09:00:00,10000,20,147,24,NULL,1,67,0,8,2,2,124,NULL,147,NULL,NULL,0,NULL,NULL,NULL
ChevP - Hamilton Chilled,,No,1,33149,33149,"4710, 4711, 4712, 4713, 4714",,"1, 2, 3, 4, 5",07:00:00,17:00:00,10000,4,130,19,,0,28,0,8,2,2,NULL,NULL,130,NULL,NULL,NULL,NULL,NULL,NULL
ChevP - Hamilton Home Delivery,,No,1,33149,33149,"1164, 1165, 1166, 1167, 1168",,"1, 2, 3, 4, 5",08:00:00,17:30:00,10000,4,112,24,NULL,0,11,0,8,NULL,NULL,NULL,NULL,112,NULL,NULL,NULL,NULL,NULL,NULL
ChevP - Hamilton Home Sunday,,No,1,33149,33149,10546,,7,12:00:00,18:00:00,10000,4,95,74,NULL,NULL,19,NULL,8,NULL,NULL,NULL,NULL,95,NULL,NULL,NULL,NULL,NULL,NULL
ChevP - Napier Afternoons,,No,1,33149,33149,"10543, 10544, 10545",,"2, 3, 5",12:00:00,17:00:00,10000,10,94,24,NULL,0,65,0,6,2,1,NULL,NULL,94,NULL,NULL,NULL,NULL,NULL,NULL
ChevP - Napier Sunday,,No,1,33149,33149,10548,,7,12:00:00,18:00:00,10000,10,95,74,NULL,NULL,23,NULL,8,NULL,NULL,NULL,NULL,95,NULL,NULL,NULL,NULL,NULL,NULL
ChevP - Palmerston North Sunday,,No,1,33149,33149,10549,,7,12:00:00,18:00:00,10000,6,95,74,NULL,NULL,22,NULL,8,NULL,NULL,NULL,NULL,95,NULL,NULL,NULL,NULL,NULL,NULL
ChevP - Palmy Afternoon Home,,No,1,33149,33149,"4693, 4694, 4749",,"2, 3, 5",12:00:00,17:00:00,10000,6,94,24,NULL,0,66,0,8,2,1,NULL,NULL,94,NULL,NULL,NULL,NULL,NULL,NULL
ChevP - Tauranga Chilled,,No,1,33149,33149,"4700, 4701, 4702, 4703, 4704",,"1, 2, 3, 4, 5",07:00:00,17:00:00,10000,3,131,19,,0,29,0,8,2,2,NULL,NULL,131,NULL,NULL,NULL,NULL,NULL,NULL
ChevP - Tauranga Chilled Pallets,,No,1,33149,33149,"5875, 5876, 5877, 5878, 5880",,"1, 2, 3, 4, 5",06:00:00,11:00:00,10000,3,131,19,,0,29,0,8,2,2,NULL,NULL,131,NULL,NULL,NULL,NULL,NULL,NULL
ChevP - Tauranga Chilled Saturday Provida,,No,1,33149,33149,8446,,6,07:00:00,17:00:00,10000,3,131,19,,0,29,0,3,2,2,NULL,NULL,131,NULL,NULL,NULL,NULL,NULL,NULL
ChevP - Tauranga Home Delivery,,No,1,33149,33149,"1169, 1170, 1171, 1172, 1173",,"1, 2, 3, 4, 5",08:00:00,17:30:00,10000,3,112,24,NULL,0,12,0,8,NULL,NULL,NULL,NULL,112,NULL,NULL,NULL,NULL,NULL,NULL
ChevP - Tauranga Sunday,,No,1,33149,33149,10547,,7,12:00:00,18:00:00,10000,3,95,74,NULL,NULL,20,NULL,8,NULL,NULL,NULL,NULL,95,NULL,NULL,NULL,NULL,NULL,NULL
ChevP - Wellington Afternoons,,No,1,33149,33149,"1925, 1951, 1952, 1953, 1954",,"1, 2, 3, 4, 5",10:00:00,17:00:00,10000,16,94,68,NULL,0,26,0,8,NULL,1,NULL,NULL,94,NULL,NULL,NULL,NULL,NULL,NULL
ChevP - Wellington Chilled,,No,1,33149,33149,"4705, 4706, 4707, 4708, 4709, 4716",,"1, 2, 3, 4, 5, 6",07:00:00,17:00:00,10000,16,147,67,,0,26,0,8,2,2,NULL,NULL,147,NULL,NULL,NULL,NULL,NULL,NULL
ChevP - Wellington Chilled Pallets,,No,1,33149,33149,"4762, 4763, 4764, 4766, 5844, 7375",,"1, 2, 3, 4, 5, 6",06:00:00,11:00:00,10000,16,147,1,,0,26,0,8,2,2,124,NULL,147,NULL,NULL,NULL,NULL,NULL,NULL
ChevP - Wellington Sunday,,No,1,33149,33149,10550,,7,12:00:00,18:00:00,10000,16,95,74,NULL,NULL,21,NULL,8,NULL,NULL,NULL,NULL,95,NULL,NULL,NULL,NULL,NULL,NULL
ChevP - Whangarei Chilled,,No,1,33149,33149,"5575, 5576, 5577, 5578, 5579",,"1, 2, 3, 4, 5",07:00:00,12:00:00,10000,21,147,20,NULL,1,71,0,21,NULL,NULL,NULL,NULL,147,NULL,NULL,0,NULL,360,NULL
ChevP - Whangarei Delivery,,No,1,33149,33149,"4695, 4696, 4697, 4698, 4699",,"1, 2, 3, 4, 5",08:00:00,17:00:00,10000,21,112,20,NULL,1,NULL,NULL,21,NULL,NULL,NULL,NULL,112,NULL,NULL,NULL,NULL,360,NULL
Chilled AKL > HLZ Pre 8am Medical Run,,No,1,9477,9477,"7210, 7211, 7212, 7213, 7214",,"1, 2, 3, 4, 5",07:00:00,08:00:00,10000,4,130,14,Chilled Pre 8am Medical Deliveries to Hamilton,1,11,1,8,2,2,127,NULL,128,1,2,NULL,NULL,NULL,NULL
Christchurch > Dunedin,,No,1,37249,37249,"13199, 13200, 13201, 13202, 13203",,"1, 2, 3, 4, 5",06:00:00,10:00:00,10000,17,164,63,Book by 3 pm - Next Business Day Delivery,1,NULL,1,20,NULL,NULL,166,NULL,164,1,NULL,0,NULL,NULL,NULL
Christchurch Afternoon Home,,No,1,11119,11119,"4225, 4226",,"2, 5",12:00:00,17:00:00,10000,20,94,121,Christchurch Afternoon Home - Delivery between 12pm to 5pm,0,NULL,0,8,1,1,NULL,NULL,94,NULL,NULL,NULL,NULL,NULL,NULL
Christchurch Afternoons AH,,No,1,36266,36266,"4286, 4287",,"2, 5",12:00:00,17:00:00,10000,20,94,98,NULL,0,67,1,8,NULL,NULL,4,NULL,94,0,2,NULL,NULL,NULL,NULL
Christchurch All Day Home,,No,1,12764,12764,788,,1,14:00:00,19:00:00,10000,20,96,0,NULL,0,NULL,NULL,20,NULL,NULL,NULL,NULL,96,NULL,NULL,NULL,NULL,NULL,NULL
Christchurch HD,,No,1,14691,14691,1261,,4,07:00:00,10:00:00,10000,20,95,2,NULL,0,NULL,0,20,NULL,NULL,NULL,NULL,95,NULL,NULL,NULL,NULL,NULL,NULL
Christchurch Pallet Delivery,,No,1,36354,36354,"7790, 7791, 7792",,"2, 3, 5",12:00:00,17:00:00,10000,20,96,48,NULL,0,67,0,8,NULL,NULL,NULL,NULL,96,NULL,NULL,NULL,NULL,NULL,NULL
CIlantro HAM > AKL Afternoon Chilled,,No,1,32987,32987,"7783, 7784, 7785",,"2, 3, 4",13:00:00,17:00:00,10000,8,123,22,Auckland Afternoon Chilled,0,27,0,4,2,2,NULL,NULL,123,1,5,NULL,NULL,NULL,NULL
CIlantro HAM > AKL Morning Chilled,,No,1,32987,32987,"846, 848, 3966",,"2, 3, 4",07:00:00,12:00:00,10000,8,122,19,Auckland Morning Chilled,0,27,0,4,2,2,NULL,NULL,122,1,5,NULL,NULL,NULL,NULL
CIlantro Hamilton Morning Chilled,,No,1,32987,32987,"845, 849, 4243, 4244",,"2, 3, 4, 5",07:00:00,12:00:00,10000,4,130,24,Hamilton Morning Chilled,0,28,0,4,NULL,NULL,NULL,NULL,130,NULL,5,NULL,NULL,NULL,NULL
CIlantro Tauranga Afternoon Chilled,,No,1,32987,32987,"847, 850, 4551, 4552, 4553",,"1, 2, 3, 4, 5",13:00:00,17:00:00,10000,3,131,20,Tauranga Afternoon Chilled,0,29,0,4,NULL,NULL,NULL,NULL,131,NULL,5,NULL,NULL,NULL,NULL
Cilantro Wellington Chilled,,No,1,32987,32987,"3967, 3968, 3983",,"3, 4, 5",09:00:00,15:00:00,10000,16,147,28,NULL,0,26,0,8,NULL,NULL,NULL,NULL,147,NULL,NULL,NULL,NULL,NULL,NULL
CityP Wellington,,No,1,36084,36084,"12839, 12844, 12845, 12846, 12847",,"1, 2, 3, 4, 5",06:00:00,09:00:00,10000,16,147,0,NULL,0,26,0,8,NULL,NULL,NULL,NULL,147,NULL,NULL,0,NULL,NULL,NULL
CNT - Auckland Afternoon Chilled,,No,1,37010,37010,"11466, 11467, 11468, 11469, 11470",,"1, 2, 3, 4, 5",13:00:00,17:00:00,10000,8,123,2,NULL,0,27,NULL,8,2,2,NULL,NULL,123,NULL,NULL,NULL,NULL,NULL,NULL
CNT - Auckland Afternoons AH,,No,1,37010,37010,"11511, 11512, 11513, 11514, 11515, 11516",,"1, 2, 3, 4, 5, 6",12:00:00,17:00:00,10000,8,94,2,NULL,NULL,62,NULL,8,2,1,NULL,NULL,94,NULL,NULL,NULL,NULL,NULL,NULL
CNT - Auckland Evening Home,,No,1,37010,37010,"11528, 11529, 11530, 11531, 11532",,"1, 2, 3, 4, 5",18:00:00,21:00:00,10000,8,110,3,Evening Home,NULL,62,NULL,8,2,1,NULL,NULL,110,NULL,NULL,NULL,NULL,NULL,NULL
CNT - Auckland Morning Chilled,,No,1,37010,37010,"11461, 11462, 11463, 11464, 11465",,"1, 2, 3, 4, 5",07:00:00,12:00:00,10000,8,122,5,NULL,0,27,0,8,2,2,NULL,NULL,122,1,NULL,0,NULL,NULL,NULL
CNT - BOP Home Delivery 5am,,No,1,37010,37010,"11546, 11547, 11548, 11549, 11550, 11561, 11562, 11563, 11564, 11565, 13455, 13456, 13457, 13458, 13459",,"1, 2, 3, 4, 5",07:00:00,12:00:00,10000,3,112,5,Home Delivery Between 9am and 12pm,1,12,0,8,2,1,NULL,NULL,112,NULL,NULL,NULL,NULL,NULL,NULL
CNT - Hamilton Afternoon Chilled - 11am,,No,1,37010,37010,"11489, 11490, 11491, 11492, 11493",,"1, 2, 3, 4, 5",12:00:00,17:00:00,10000,4,130,3,Chilled Delivery from Auckland to Hamilton Delivery between 1pm and 5pm,0,28,0,8,2,2,124,NULL,130,NULL,NULL,NULL,NULL,NULL,NULL
CNT - Hamilton Morning Chilled - 7am,,No,1,37010,37010,"11471, 11472, 11473, 11474, 11475, 11476, 11477, 11478, 11479, 11480",,"1, 2, 3, 4, 5",07:00:00,17:00:00,10000,4,130,5,Chilled Delivery from Auckland to Hamilton Delivery between 7am and 12pm,0,28,0,8,2,2,NULL,NULL,130,NULL,NULL,NULL,NULL,NULL,NULL
CNT - New BOP Home Delivery 5am,,No,1,37010,37010,"13460, 13461, 13462, 13463, 13464",,"1, 2, 3, 4, 5",09:00:00,17:00:00,10000,3,131,7,Home Delivery from Auckland to Tauranga delivery between 9am and 12pm,0,29,0,8,2,2,NULL,NULL,131,NULL,NULL,NULL,NULL,NULL,NULL
CNT - Palmy Afternoons AH,,No,1,37010,37010,"11520, 11521, 11522",,"2, 3, 5",12:00:00,17:00:00,10000,6,94,24,NULL,0,66,0,8,2,1,NULL,NULL,94,NULL,NULL,NULL,NULL,NULL,NULL
CNT - Taupo & Tokoroa Home Delivery,,No,1,37010,37010,"11533, 11534, 11535",,"1, 3, 5",07:00:00,12:00:00,10000,4,112,16,NULL,1,11,0,8,2,1,NULL,NULL,112,NULL,NULL,0,NULL,NULL,NULL
"CNT - Taupo, Tokoroa, Putaruru Home Delivery",,No,1,37010,37010,"11481, 11482, 11483",,"1, 3, 5",07:00:00,12:00:00,10000,4,112,5,NULL,1,11,0,8,2,1,NULL,NULL,112,NULL,NULL,0,NULL,NULL,NULL
CNT - Tauranga Chilled - 11am,,No,1,37010,37010,"13056, 13057, 13058, 13059, 13060",,"1, 2, 3, 4, 5",11:00:00,17:00:00,10000,3,131,2,Chilled Delivery from Auckland to Tauranga,0,29,0,8,2,2,NULL,NULL,131,NULL,NULL,NULL,NULL,NULL,NULL
CNT - Tauranga Chilled - 7am,,No,1,37010,37010,"11484, 11485, 11486, 11487, 11488",,"1, 2, 3, 4, 5",09:00:00,17:00:00,10000,3,131,5,Chilled Delivery from Auckland to Tauranga,0,29,0,8,2,2,NULL,NULL,131,NULL,NULL,NULL,NULL,NULL,NULL
CNT - Waikato Home Delivery 11am,,No,1,37010,37010,"11541, 11542, 11543, 11544, 11545",,"1, 2, 3, 4, 5",13:00:00,18:00:00,10000,4,112,4,NULL,1,11,0,8,2,1,NULL,NULL,112,NULL,NULL,NULL,NULL,NULL,NULL
CNT - Waikato Home Delivery 5am,,No,1,37010,37010,"11536, 11537, 11538, 11539, 11540",,"1, 2, 3, 4, 5",07:00:00,12:00:00,10000,4,112,5,NULL,1,11,0,8,2,1,NULL,NULL,112,NULL,NULL,NULL,NULL,NULL,NULL
CNT - Wellington Afternoons AH,,No,1,37010,37010,"11523, 11524, 11525, 11526, 11527",,"1, 2, 3, 4, 5",10:00:00,17:00:00,10000,16,94,68,NULL,0,26,0,8,2,1,NULL,NULL,94,NULL,NULL,0,NULL,NULL,NULL
CNT - Wellington Chilled,,No,1,37010,37010,"12296, 12297, 12298, 12299, 12300",,"1, 2, 3, 4, 5",09:00:00,15:00:00,10000,16,147,21,Chilled Delivery from Auckland to Wellington,0,26,0,8,2,2,NULL,NULL,147,NULL,NULL,NULL,NULL,NULL,NULL
CNT - WRE Chilled,,No,1,37010,37010,"12373, 12374, 12375, 12376, 12377",,"1, 2, 3, 4, 5",07:00:00,12:00:00,10000,21,147,5,NULL,0,NULL,0,8,2,1,NULL,NULL,147,NULL,NULL,NULL,NULL,NULL,NULL
CNT - WRE Home Delivery 5am,,No,1,37010,37010,"11555, 11556, 11557, 11558, 11559, 11560",,"1, 2, 3, 4, 5",13:00:00,18:00:00,10000,21,112,5,NULL,1,NULL,0,8,2,1,NULL,NULL,112,NULL,NULL,NULL,NULL,NULL,NULL
"CNT > Taupo, Tokoroa, Putaruru Chilled",,No,1,37010,37010,"12347, 12348, 12349",,"1, 3, 5",07:00:00,12:00:00,10000,4,147,5,"Chilled Delivery from Auckland to Taupo, Tokoroa & Putaruru Delivery between 7am and 12pm",0,28,0,8,2,2,124,NULL,147,NULL,NULL,NULL,NULL,NULL,NULL
CNT Return Collection Hamilton > Auckland 4-6pm,,No,1,37010,37010,"13661, 13662, 13663, 13664, 13665",,"1, 2, 3, 4, 5",12:00:00,17:00:00,10000,8,123,2,Harvest Foods HLZ Return to AKL Depot,0,NULL,1,4,2,2,130,37,145,1,3,1,120,NULL,NULL
Constantia Auckland Afternoon Chilled,,No,1,33079,33079,"813, 814, 815, 831",,"2, 3, 4, 5",13:00:00,17:00:00,10000,8,123,21,Auckland Afternoon Chilled,0,27,1,3,2,2,127,NULL,123,1,6,NULL,NULL,NULL,NULL
Constantia Auckland Morning Chilled,,No,1,33079,33079,"809, 810, 811, 812",,"2, 3, 4, 5",07:00:00,12:00:00,10000,8,122,22,Auckland Morning Chilled,0,27,1,3,2,2,127,NULL,122,1,6,NULL,NULL,NULL,NULL
Constantia Hamilton Afternoon Chilled,,No,1,33079,33079,"839, 840, 841, 842, 844",,"1, 2, 3, 4, 5",13:00:00,17:00:00,10000,4,130,16,Hamilton Afternoon Chilled,0,28,1,3,2,2,127,NULL,130,1,6,NULL,NULL,NULL,NULL
Constantia Tauranga Afternoon Chilled,,No,1,33079,33079,"824, 825, 827, 830",,"2, 3, 4, 5",13:00:00,17:00:00,10000,3,131,21,Tauranga Afternoon Chilled,0,29,0,3,2,2,NULL,NULL,131,1,6,NULL,NULL,NULL,NULL
Constantia Tauranga Morning Chilled,,No,1,33079,33079,"820, 821, 822, 823",,"2, 3, 4, 5",07:00:00,12:00:00,10000,3,131,16,Tauranga Morning Chilled,0,29,0,3,2,2,NULL,NULL,131,1,6,NULL,NULL,NULL,NULL
Construct Brands All Day Frozen,,No,1,35563,35563,"7698, 7699, 7700, 7701, 7702",,"1, 2, 3, 4, 5",07:00:00,17:00:00,10000,8,136,0,NULL,0,27,0,8,3,3,NULL,NULL,136,NULL,NULL,NULL,NULL,NULL,NULL
Cookie&Pie Afternoon Home,,No,1,36425,36425,"6182, 6183, 6184, 6185, 6186, 6187",,"1, 2, 3, 4, 5, 6",12:00:00,17:00:00,10000,8,94,3,NULL,NULL,62,NULL,8,NULL,NULL,NULL,NULL,94,NULL,NULL,NULL,NULL,NULL,NULL
Cookie&Pie Evening Home,,No,1,36425,36425,"6267, 6268, 6269, 6270, 6271",,"1, 2, 3, 4, 5",18:00:00,21:00:00,10000,8,110,3,Evening Home delivery between 6 and 9pm,NULL,62,NULL,8,NULL,NULL,NULL,NULL,110,NULL,NULL,NULL,NULL,NULL,NULL
Cory akl to ham,,No,1,33377,33377,"8470, 8471, 8472, 8473, 8474",,"1, 2, 3, 4, 5",13:00:00,18:00:00,10000,4,112,0,NULL,0,11,0,8,NULL,NULL,NULL,NULL,112,NULL,NULL,NULL,NULL,NULL,NULL
Cromwell XMAS HF,,No,1,17921,17921,"6421, 6422",,"1, 2",07:00:00,19:00:00,10000,25,121,2,,0,NULL,NULL,25,NULL,NULL,NULL,NULL,121,NULL,NULL,NULL,NULL,NULL,NULL
CupFull AKL > InnerBOP Regional Home Delivery 11am,,No,1,36488,36488,"7822, 7823, 7824, 7825, 7826",,"1, 2, 3, 4, 5",13:00:00,17:00:00,10000,3,112,4,NULL,0,12,0,8,3,1,NULL,NULL,112,1,NULL,NULL,NULL,NULL,NULL
CupFull AKL > OuterBOP Regional Home Delivery 5am,,No,1,36488,36488,"7835, 7836, 7837, 7838, 7839",,"1, 2, 3, 4, 5",08:00:00,17:00:00,10000,3,112,16,NULL,0,12,0,8,3,1,NULL,NULL,112,1,NULL,NULL,NULL,NULL,NULL
CupFull AKL > Waikato Home Delivery 11am,,No,1,36488,36488,"7817, 7818, 7819, 7820, 7821, 7830, 7831, 7832, 7833, 7834",,"1, 2, 3, 4, 5",13:00:00,17:00:00,10000,4,112,4,NULL,0,11,0,8,NULL,NULL,NULL,NULL,112,1,NULL,NULL,NULL,NULL,NULL
CupFull AKL > Waikato Home Delivery 5am,,No,1,36488,36488,"13204, 13205, 13206, 13207, 13208",,"1, 2, 3, 4, 5",07:00:00,12:00:00,10000,4,112,62,NULL,0,11,0,8,NULL,NULL,NULL,NULL,112,NULL,NULL,0,NULL,NULL,NULL
CupFull Auckland Afternoons,,No,1,36488,36488,"7803, 7804, 7805, 7806, 7807, 7808",,"1, 2, 3, 4, 5, 6",12:00:00,17:00:00,10000,8,94,2,NULL,NULL,62,NULL,8,3,1,NULL,NULL,94,1,NULL,NULL,NULL,NULL,NULL
CupFull Palmerston North Afternoons AH,,No,1,36488,36488,"4250, 4251, 6282",,"2, 3, 5",12:00:00,17:00:00,10000,6,94,24,NULL,0,66,0,8,3,1,NULL,NULL,94,1,NULL,NULL,NULL,NULL,NULL
CupFull Taupo Regional Home,,No,1,36488,36488,"7891, 7892, 7893",,"1, 3, 5",07:00:00,12:00:00,10000,4,112,16,NULL,0,11,0,8,3,1,NULL,NULL,112,NULL,NULL,0,NULL,NULL,NULL
CupFull Wellington Afternoons AH,,No,1,36488,36488,"7809, 7810, 7811, 7812, 7813",,"1, 2, 3, 4, 5",12:00:00,17:00:00,10000,16,94,68,NULL,0,26,0,8,3,1,NULL,NULL,94,1,NULL,NULL,NULL,NULL,NULL
CupFull Whangarei Regional Home,,No,1,36488,36488,"7886, 7887, 7888, 7889, 7890",,"1, 2, 3, 4, 5",07:00:00,12:00:00,10000,21,112,16,NULL,1,NULL,0,8,3,1,NULL,NULL,112,NULL,NULL,NULL,NULL,NULL,NULL
Custom Personal,,No,1,32997,32997,1575,,4,12:00:00,17:00:00,10000,8,94,1,NULL,0,NULL,0,8,NULL,NULL,NULL,NULL,94,NULL,NULL,NULL,NULL,NULL,NULL
DBM CHCH > Akl Returns,,No,1,16947,16947,"9687, 9688, 9689, 9690, 9691",,"1, 2, 3, 4, 5",08:00:00,12:00:00,10000,33,160,66,Book by 2 pm - Next Business Day Delivery | No DGs allowed,1,NULL,1,34,1,1,166,NULL,160,1,NULL,0,NULL,NULL,NULL
DBM Gisborne > Akl Returns,,No,1,16947,16947,"9707, 9708, 9709, 9710, 9711",,"1, 2, 3, 4, 5",08:00:00,12:00:00,10000,44,160,18,Book by 2 pm for next day delivery,1,NULL,1,22,1,1,166,NULL,160,1,NULL,0,NULL,NULL,NULL
DBM Masterton > Akl Returns,,No,1,16947,16947,"13005, 13006, 13007, 13008, 13009",,"1, 2, 3, 4, 5",08:30:00,12:00:00,10000,35,160,19,Book by 1:30pm for next business day delivery,1,NULL,1,38,1,1,166,NULL,160,1,NULL,0,NULL,NULL,NULL
DBM Napier > Akl Returns,,No,1,16947,16947,"9692, 9693, 9694, 9695, 9696",,"1, 2, 3, 4, 5",08:30:00,12:00:00,10000,35,160,19,Book by 1:30pm for next business day delivery,1,NULL,1,42,1,1,166,NULL,160,1,NULL,0,NULL,NULL,NULL
DBM PN > Akl Returns,,No,1,16947,16947,"9697, 9698, 9699, 9700, 9701",,"1, 2, 3, 4, 5",08:00:00,12:00:00,10000,8,160,68,Book by 12 pm for next day delivery,1,NULL,1,6,1,1,166,66,160,1,NULL,0,NULL,NULL,NULL
DBM Wellington > Akl Returns,,No,1,16947,16947,"9702, 9703, 9704, 9705, 9706",,"1, 2, 3, 4, 5",08:00:00,12:00:00,10000,8,160,20,Book by 12 pm for next day delivery,1,NULL,1,16,1,1,166,26,160,1,NULL,0,NULL,NULL,NULL
DBM Whanganui > Akl Returns,,No,1,16947,16947,"9712, 9713, 9714, 9715, 9716",,"1, 2, 3, 4, 5",08:00:00,12:00:00,10000,8,160,68,Book by 12 pm for next day delivery,1,NULL,1,6,1,1,166,NULL,160,1,NULL,0,NULL,NULL,NULL
Dedwood - Auckland,,No,1,35400,35400,"6633, 6634, 6635, 6636, 6637, 6638",,"1, 2, 3, 4, 5, 6",12:00:00,17:00:00,10000,8,94,2,NULL,NULL,62,NULL,8,2,1,NULL,NULL,94,NULL,NULL,NULL,NULL,NULL,NULL
Dedwood - Napier,,No,1,35400,35400,"6639, 6640, 6641",,"2, 3, 5",12:00:00,17:00:00,10000,10,94,24,NULL,0,65,0,6,2,1,NULL,NULL,94,NULL,NULL,NULL,NULL,NULL,NULL
Dedwood - Palmerston North,,No,1,35400,35400,"6642, 6643, 6644",,"2, 3, 5",12:00:00,17:00:00,10000,6,94,24,NULL,0,66,0,8,2,1,NULL,NULL,94,NULL,NULL,NULL,NULL,NULL,NULL
Dedwood - Taupo,,No,1,35400,35400,"6645, 6646, 6647",,"1, 3, 5",07:00:00,12:00:00,10000,4,112,16,NULL,0,11,0,8,2,1,NULL,NULL,112,NULL,NULL,NULL,NULL,NULL,NULL
Dedwood - Tauranga,,No,1,35400,35400,"6648, 6649, 6650, 6651, 6652",,"1, 2, 3, 4, 5",07:00:00,12:00:00,10000,3,112,16,NULL,0,12,0,4,2,1,NULL,NULL,112,NULL,NULL,NULL,NULL,NULL,NULL
Dedwood - Waikato,,No,1,35400,35400,"6653, 6654, 6655, 6656, 6657",,"1, 2, 3, 4, 5",07:00:00,12:00:00,10000,4,112,16,NULL,0,11,0,8,2,1,NULL,NULL,112,NULL,NULL,NULL,NULL,NULL,NULL
Dedwood - Wellington,,No,1,35400,35400,"6658, 6659, 6660, 6661, 6662",,"1, 2, 3, 4, 5",12:00:00,17:00:00,10000,16,94,24,NULL,0,26,0,8,2,1,NULL,NULL,94,NULL,NULL,NULL,NULL,NULL,NULL
Dedwood - Whangarei,,No,1,35400,35400,"6663, 6664, 6665, 6666, 6667",,"1, 2, 3, 4, 5",07:00:00,12:00:00,10000,21,112,16,NULL,1,NULL,0,21,2,1,NULL,NULL,112,NULL,NULL,NULL,NULL,360,NULL
Delivery Service,,No,1,33080,33080,"798, 799, 838",,"2, 4",12:00:00,17:00:00,10000,8,94,4,Live Tracked Delivery Service With Urgent Couriers,0,NULL,NULL,8,NULL,NULL,NULL,NULL,94,NULL,NULL,NULL,NULL,NULL,NULL
Denby Gisborne > Akl Returns,,No,1,13773,13773,"11159, 11160, 11161, 11162, 11163",,"1, 2, 3, 4, 5",08:00:00,12:00:00,10000,44,160,66,Book by 2 pm for next day delivery - Chilled Service 2-8 Degrees,1,NULL,1,22,1,1,166,NULL,160,1,NULL,0,NULL,NULL,NULL
Denby Masterton > Akl Returns,,No,1,13773,13773,"13035, 13036, 13037, 13038, 13039",,"1, 2, 3, 4, 5",08:30:00,12:00:00,10000,35,160,19,Book by 1:30pm for next business day delivery,1,NULL,1,38,1,1,166,NULL,160,1,NULL,0,NULL,NULL,NULL
Denby Napier > Akl Returns,,No,1,13773,13773,"11139, 11140, 11141, 11142, 11143",,"1, 2, 3, 4, 5",08:30:00,12:00:00,10000,35,160,67,Book by 1:30pm for next business day delivery,1,NULL,1,42,1,1,166,NULL,160,1,NULL,0,NULL,NULL,NULL
Denby PN > Akl Returns,,No,1,13773,13773,"11149, 11150, 11151, 11152, 11153",,"1, 2, 3, 4, 5",08:00:00,12:00:00,10000,8,160,20,Book by 12 pm for next day delivery - Chilled Service 2-8 Degrees,1,NULL,1,6,1,1,166,66,160,1,NULL,0,NULL,NULL,NULL
Denby Whanganui > Akl Returns,,No,1,13773,13773,"11164, 11165, 11166, 11167, 11168",,"1, 2, 3, 4, 5",08:00:00,12:00:00,10000,8,160,68,Book by 12 pm for next day delivery,1,NULL,1,6,1,1,166,NULL,160,1,NULL,0,NULL,NULL,NULL
DevTe CHCH > Akl Returns,,No,1,9477,9477,"10583, 10584, 10585, 10586, 10587",,"1, 2, 3, 4, 5",08:00:00,12:00:00,10000,33,160,66,Book by 2 pm - Next Business Day Delivery,1,NULL,1,34,1,1,166,NULL,160,1,NULL,0,NULL,NULL,NULL
DevTe Gisborne > Akl Returns,,No,1,9477,9477,"10603, 10604, 10605, 10606, 10607",,"1, 2, 3, 4, 5",08:00:00,12:00:00,10000,44,160,18,Book by 2 pm for next day delivery,1,NULL,1,22,1,1,166,NULL,160,1,NULL,0,NULL,NULL,NULL
DevTe Masterton > Akl Returns,,No,1,9477,9477,"13010, 13011, 13012, 13013, 13014",,"1, 2, 3, 4, 5",08:30:00,12:00:00,10000,35,160,19,Book by 1:30pm for next business day delivery,1,NULL,1,38,1,1,166,NULL,160,1,NULL,0,NULL,NULL,NULL
DevTe Napier > Akl Returns,,No,1,9477,9477,"10588, 10589, 10590, 10591, 10592",,"1, 2, 3, 4, 5",08:30:00,12:00:00,10000,35,160,67,Book by 1:30pm for next business day delivery,1,NULL,1,42,1,1,166,NULL,160,1,NULL,0,NULL,NULL,NULL
DevTe PN > Akl Returns,,No,1,9477,9477,"10593, 10594, 10595, 10596, 10597",,"1, 2, 3, 4, 5",08:00:00,12:00:00,10000,8,160,68,Book by 12 pm for next day delivery,1,NULL,1,6,1,1,166,66,160,1,NULL,0,NULL,NULL,NULL
DevTe Wellington > Akl Returns,,No,1,9477,9477,"10598, 10599, 10600, 10601, 10602",,"1, 2, 3, 4, 5",08:00:00,12:00:00,10000,8,160,68,Book by 12 pm for next day delivery,1,NULL,1,16,1,1,166,26,160,1,NULL,0,NULL,NULL,NULL
DevTe Whanganui > Akl Returns,,No,1,9477,9477,"10608, 10609, 10610, 10611, 10612, 10723, 10724, 10725, 10726, 10727",,"1, 2, 3, 4, 5",08:00:00,12:00:00,10000,8,160,20,Book by 12 pm for next day delivery,1,NULL,1,6,1,1,166,NULL,160,1,NULL,0,NULL,NULL,NULL
DHALL - Auckland Afternoon Delivery,,No,1,32631,32631,"4174, 4175, 4176, 4177, 4178, 6226",,"1, 2, 3, 4, 5, 6",12:00:00,17:00:00,10000,8,140,24,NULL,0,62,0,8,1,1,127,NULL,140,2,2,1,1440,NULL,NULL
DHALL - Christchurch Afternoon Home,,No,1,32631,32631,"4192, 4196, 6277, 7372, 7373",,"1, 2, 3, 4, 5",12:00:00,17:00:00,10000,20,94,96,Christchurch Afternoon Home - Delivery between 12pm to 5pm,0,67,0,8,1,1,127,NULL,94,2,2,1,2880,NULL,NULL
DHALL - Hamilton Regional Home Delivery,,No,1,32631,32631,"4169, 4170, 4171, 4172, 4173",,"1, 2, 3, 4, 5",08:00:00,17:00:00,10000,4,112,20,NULL,0,11,0,8,1,1,127,NULL,112,2,2,1,1200,NULL,NULL
DHALL - Napier Afternoon Home,,No,1,32631,32631,"4193, 4197, 6278",,"2, 3, 5",12:00:00,17:00:00,10000,10,94,24,Napier Afternoon Home - Delivery between 12pm to 5pm,0,65,0,8,1,1,127,NULL,94,2,2,1,1440,NULL,NULL
DHALL - Palmy Afternoon Home,,No,1,32631,32631,"4199, 4200, 6279",,"2, 3, 5",12:00:00,17:00:00,10000,6,94,24,Palmerston North Afternoon Home - Delivery between 12pm to 5pm,0,66,0,8,1,1,127,NULL,94,2,2,1,1440,NULL,NULL
DHALL - Queenstown Afternoon Home,,No,1,32631,32631,"4194, 4198, 6280",,"2, 3, 5",12:00:00,17:00:00,10000,23,94,94,Queenstown Afternoon Home - Delivery between 12pm to 5pm,0,NULL,0,8,1,1,NULL,NULL,94,NULL,NULL,NULL,NULL,NULL,NULL
DHALL - Tauranga Regional Home Delivery,,No,1,32631,32631,"4164, 4165, 4166, 4167, 4168",,"1, 2, 3, 4, 5",08:00:00,17:00:00,10000,3,112,20,NULL,0,12,0,8,1,1,127,NULL,112,2,2,1,1200,NULL,NULL
DHALL - Waiheke Schedule,,No,1,32631,32631,"4416, 4418, 4419, 4420, 7337",,"1, 2, 3, 4, 5",12:00:00,17:00:00,10000,8,94,24,Waiheke Deliveries,0,62,0,8,NULL,NULL,NULL,NULL,94,NULL,NULL,NULL,NULL,NULL,NULL
DHALL - Wellington Afternoon Home,,No,1,32631,32631,"1926, 1927, 1928, 1929, 1930",,"1, 2, 3, 4, 5",12:00:00,17:00:00,10000,16,94,69,Wellington Afternoon Home - Delivery between 12pm to 5pm,0,26,0,8,1,1,127,NULL,94,2,2,1,1440,NULL,NULL
DHALL - Whangarei Regional Home Delivery,,No,1,32631,32631,"4179, 4180, 4181, 4182, 4183",,"1, 2, 3, 4, 5",08:00:00,17:00:00,10000,21,112,20,NULL,1,NULL,0,8,1,1,127,NULL,112,2,2,1,1200,360,NULL
Donna Nina Central - North Run,,No,1,36816,36816,13097,,2,07:00:00,17:00:00,10000,8,136,16,NULL,0,27,0,8,3,3,NULL,NULL,136,NULL,NULL,0,NULL,NULL,NULL
Donna Nina Central - South Run,,No,1,36816,36816,13098,,3,07:00:00,17:00:00,10000,8,136,16,NULL,0,62,0,8,3,3,NULL,NULL,136,NULL,NULL,0,NULL,NULL,NULL
Donna Nina Frozen - North Run,,No,1,36816,36816,8756,,4,07:00:00,17:00:00,10000,8,136,1,NULL,0,27,0,8,3,3,NULL,NULL,136,NULL,NULL,NULL,NULL,NULL,NULL
Dont use,,No,1,32929,32929,"6041, 6043",,"1, 5",07:00:00,23:00:00,10000,8,37,0,NULL,1,62,0,8,NULL,NULL,NULL,NULL,37,1,NULL,NULL,NULL,NULL,NULL
DOPAW - Evening Home Auckland,,No,1,34927,34927,"5054, 5055, 5056, 5057, 5058",,"1, 2, 3, 4, 5",18:00:00,21:00:00,10000,8,110,7,Evening Home,NULL,62,0,4,2,1,127,NULL,110,1,NULL,NULL,NULL,NULL,NULL
DRY ICE Afternoon Segregated Vehicle 12pm to 5pm,,No,1,17126,17126,"8725, 8726, 8727, 8728, 8729",,"1, 2, 3, 4, 5",12:00:00,17:00:00,10000,8,123,1,Auckland Afternoon DRY ICE Segregated Vehicle Ready by 11:30am for 12pm - 5pm delivery,0,27,0,8,2,2,NULL,NULL,123,NULL,NULL,NULL,NULL,NULL,NULL
DRY ICE Morning Segregated Vehicle 7am to 12pm,,No,1,17126,17126,"8730, 8731, 8732, 8733, 8734",,"1, 2, 3, 4, 5",07:00:00,12:00:00,10000,8,122,14,Auckland Morning DRY ICE Segregated Vehicle Ready by 7am for 7am - 12pm delivery,0,27,0,8,2,2,NULL,NULL,122,NULL,NULL,NULL,NULL,NULL,NULL
DUD XMAS HF,,No,1,17921,17921,"6419, 6420",,"1, 2",07:00:00,19:00:00,10000,17,121,2,,0,43,NULL,17,NULL,NULL,NULL,NULL,121,NULL,NULL,NULL,NULL,NULL,NULL
E-bike Monday,,No,1,2,2,1576,,1,12:00:00,17:00:00,10000,8,25,2,NULL,0,NULL,0,8,NULL,NULL,NULL,NULL,25,NULL,NULL,NULL,NULL,NULL,NULL
EARTH - Auckland Delivery,,No,1,32899,32899,"3956, 3957, 3958, 3959, 3960",,"1, 2, 3, 4, 5",12:00:00,17:00:00,10000,8,94,12,NULL,0,NULL,NULL,4,NULL,NULL,NULL,NULL,94,NULL,NULL,NULL,NULL,NULL,NULL
EARTH - Hamilton Delivery,,No,1,32899,32899,"497, 498, 499, 500, 501",,"1, 2, 3, 4, 5",12:00:00,17:00:00,10000,4,112,8,NULL,0,11,NULL,4,NULL,NULL,NULL,NULL,112,NULL,NULL,NULL,NULL,NULL,NULL
EARTH - Tauranga Delivery,,No,1,32899,32899,"3951, 3952, 3953, 3954, 3955",,"1, 2, 3, 4, 5",12:00:00,17:00:00,10000,3,112,8,NULL,0,12,NULL,4,NULL,NULL,NULL,NULL,112,NULL,NULL,NULL,NULL,NULL,NULL
EatKinda - Frozen Pallet,,No,1,36762,36762,7954,,4,10:00:00,17:00:00,10000,8,152,2,NULL,0,27,NULL,8,3,3,NULL,NULL,152,NULL,NULL,NULL,NULL,NULL,NULL
Economy Run (7am-11am),,No,1,18245,18245,"2850, 2852, 2853, 2854, 2855, 2856",,"1, 2, 3, 4, 5, 6",07:00:00,11:00:00,10000,8,37,19,NULL,1,NULL,0,8,1,1,NULL,NULL,37,NULL,2,NULL,NULL,NULL,NULL
Eden Office > Waiheke,,No,1,14388,14388,"12625, 12626, 12627, 12628, 12629",,"1, 2, 3, 4, 5",10:00:00,17:00:00,10000,8,96,67,Waiheke Island Deliveries,0,62,0,8,NULL,NULL,4,NULL,96,0,NULL,NULL,NULL,NULL,NULL
EH QANAB,,No,1,12764,12764,784,,4,17:30:00,21:00:00,10000,8,110,0,NULL,0,NULL,NULL,8,NULL,NULL,NULL,NULL,110,NULL,NULL,NULL,NULL,NULL,NULL
EuroVintage Auckland Delivery,,No,1,35435,35435,"3119, 3120, 3121, 3122, 3123",,"1, 2, 3, 4, 5",12:00:00,17:00:00,10000,8,94,2,Delivery by 5pm,0,62,NULL,8,NULL,NULL,NULL,NULL,94,NULL,NULL,NULL,NULL,NULL,NULL
EuroVintage Hamilton Delivery 11am Run,,No,1,35435,35435,"6059, 6060, 6061, 6062, 6063",,"1, 2, 3, 4, 5",13:00:00,17:00:00,10000,4,112,4,Delivery by 5pm,0,11,0,8,NULL,NULL,NULL,NULL,112,NULL,NULL,NULL,NULL,NULL,NULL
EuroVintage Hamilton Delivery 5am Run,,No,1,35435,35435,"6044, 6045, 6046, 6047, 6048",,"1, 2, 3, 4, 5",07:00:00,12:00:00,10000,4,112,16,Delivery by 12pm,0,11,NULL,8,NULL,NULL,NULL,NULL,112,NULL,NULL,NULL,NULL,NULL,NULL
EuroVintage Taupo Delivery,,No,1,35435,35435,"3129, 3130, 3133",,"1, 3, 5",08:00:00,12:00:00,10000,4,112,16,Delivery by 12pm,0,11,NULL,8,NULL,NULL,NULL,NULL,112,NULL,NULL,NULL,NULL,NULL,NULL
EuroVintage Tauranga Delivery 11am Run,,No,1,35435,35435,"6064, 6065, 6066, 6067, 6068",,"1, 2, 3, 4, 5",13:00:00,17:00:00,10000,3,112,4,Delivery by 5pm,0,12,0,4,1,1,NULL,NULL,112,NULL,NULL,NULL,NULL,NULL,NULL
EuroVintage Tauranga Delivery 5am Run,,No,1,35435,35435,"6069, 6070, 6071, 6072, 6073",,"1, 2, 3, 4, 5",07:00:00,12:00:00,10000,3,112,16,Delivery by 12pm,0,12,0,4,NULL,NULL,NULL,NULL,112,NULL,NULL,NULL,NULL,NULL,NULL
EuroVintage Wellington Delivery,,No,1,35435,35435,"6049, 6050, 6051, 6052, 6053",,"1, 2, 3, 4, 5",12:00:00,17:00:00,10000,16,94,24,Overnight Delivery,0,26,0,8,2,1,NULL,NULL,94,NULL,NULL,NULL,NULL,NULL,NULL
EuroVintage Whangarei Delivery 5am Run,,No,1,35435,35435,"6054, 6055, 6056, 6057, 6058",,"1, 2, 3, 4, 5",07:00:00,12:00:00,10000,21,112,16,Delivery by 12pm,1,NULL,0,8,1,1,4,NULL,112,NULL,2,NULL,NULL,360,NULL
Evening Chilled - Z Stores AKL,,No,1,35920,35920,"4405, 4770",,"4, 5",15:00:00,20:00:00,10000,8,134,3,Schedule to book all chilled Z store deliveries,0,27,0,8,NULL,NULL,NULL,NULL,134,NULL,NULL,NULL,NULL,NULL,NULL
Evening Delivery,,No,1,16604,16604,"5682, 5683, 5684, 5685, 5686",,"1, 2, 3, 4, 5",18:00:00,21:00:00,10000,8,141,3,NULL,0,62,1,8,1,1,127,NULL,141,2,2,1,190,NULL,NULL
Evening Express,,No,1,14324,14324,"657, 697, 698, 699, 700",,"1, 2, 3, 4, 5",18:00:00,21:00:00,10000,8,110,5,Premium live tracked delivery service,0,NULL,NULL,8,NULL,NULL,NULL,NULL,110,NULL,NULL,NULL,NULL,NULL,NULL
Evening Express Service,,No,1,216,216,"208, 209, 210, 211, 212",,"1, 2, 3, 4, 5",18:00:00,21:00:00,10000,8,35,4,Live Tracked Auckland Delivery,0,NULL,NULL,8,NULL,NULL,NULL,NULL,35,NULL,NULL,NULL,NULL,NULL,NULL
Evening Home,,No,1,32530,32530,"100, 104, 105, 106, 107, 108",,"1, 2, 3, 4, 5",18:00:00,21:00:00,10000,8,110,3,Evening delivery to your door,NULL,NULL,NULL,8,NULL,NULL,NULL,NULL,110,NULL,NULL,NULL,NULL,NULL,NULL
Evening Home #2,Evening Home,No,1,1815,1815,"121, 122, 123, 124, 125",,"1, 2, 3, 4, 5",18:00:00,21:00:00,10000,8,110,1,Evening home to your door,NULL,NULL,NULL,8,NULL,NULL,NULL,NULL,110,NULL,NULL,NULL,NULL,NULL,NULL
Evening Home #3,Evening Home,No,1,32454,32454,"155, 156, 157, 158, 159",,"1, 2, 3, 4, 5",18:00:00,21:00:00,10000,8,110,18,Evening delivery to your door,NULL,62,NULL,8,NULL,NULL,NULL,NULL,110,NULL,NULL,NULL,NULL,NULL,NULL
Evening Home Auckland,,No,1,36326,36326,"5595, 5596, 5597, 5598, 5599",,"1, 2, 3, 4, 5",18:00:00,21:00:00,10000,8,110,3,Evening Home,NULL,62,NULL,8,NULL,NULL,NULL,NULL,110,NULL,NULL,NULL,NULL,NULL,NULL
Evening Home Delivery,,No,1,15744,15744,"327, 329, 330, 331, 6780",,"1, 2, 3, 4, 5",18:00:00,21:00:00,10000,8,110,3,Home Delivery,NULL,62,0,8,1,1,127,NULL,110,1,2,1,180,NULL,NULL
Farro Auckland Afternoons,,No,1,15829,15829,"5617, 5618, 5619, 5620, 5621, 5622",,"1, 2, 3, 4, 5, 6",12:00:00,17:00:00,10000,8,94,2,NULL,NULL,62,NULL,8,NULL,NULL,NULL,NULL,94,NULL,NULL,NULL,NULL,NULL,NULL
Farro Auckland Evening,,No,1,15829,15829,"8775, 8776, 8777, 8778, 8779",,"1, 2, 3, 4, 5",18:00:00,21:00:00,10000,8,110,3,NULL,0,62,NULL,8,2,1,NULL,NULL,110,NULL,NULL,NULL,NULL,NULL,NULL
Farro Hamilton 11am,,No,1,15829,15829,"1341, 1343, 1345, 1346, 1347",,"1, 2, 3, 4, 5",13:00:00,17:00:00,10000,4,112,4,Farro Hamilton run leaving at 11am,0,11,0,8,NULL,NULL,NULL,NULL,112,NULL,NULL,NULL,NULL,NULL,NULL
Farro Hamilton 5am,,No,1,15829,15829,"4233, 4234, 4235, 4236, 4237",,"1, 2, 3, 4, 5",09:00:00,15:00:00,10000,4,112,18,Farro Hamilton run leaving at 5am,0,11,0,8,NULL,NULL,NULL,NULL,112,NULL,NULL,NULL,NULL,NULL,NULL
Farro Monday CHCH 12-6pm,,No,1,15829,15829,2190,,1,12:00:00,18:00:00,10000,20,95,94,NULL,0,18,1,44,NULL,NULL,127,NULL,95,1,NULL,1,3060,NULL,NULL
Farro Napier Afternoons AH,,No,1,15829,15829,"4549, 4550, 6380",,"2, 3, 5",12:00:00,17:00:00,10000,10,94,24,NULL,0,65,0,8,2,1,NULL,NULL,94,NULL,NULL,NULL,NULL,NULL,NULL
Farro Palmerston North Afternoons AH,,No,1,15829,15829,"4547, 4548, 6381",,"2, 3, 5",12:00:00,17:00:00,10000,6,94,24,NULL,0,66,0,8,2,1,NULL,NULL,94,NULL,NULL,NULL,NULL,NULL,NULL
Farro Sunday 12-6pm AKL,,No,1,15829,15829,5475,,7,12:00:00,18:00:00,10000,8,95,50,NULL,NULL,14,1,8,NULL,NULL,127,NULL,95,1,NULL,1,1530,NULL,NULL
Farro Sunday HAM 12pm - 6pm,,No,1,15829,15829,3260,,7,12:00:00,18:00:00,10000,4,95,76,NULL,0,19,1,8,2,1,127,NULL,95,NULL,NULL,1,1530,NULL,NULL
Farro Sunday Napier 12-6pm,,No,1,15829,15829,2187,,7,12:00:00,18:00:00,10000,10,95,76,NULL,0,23,1,8,NULL,NULL,127,NULL,95,NULL,NULL,1,1530,NULL,NULL
Farro Sunday Palmy 12-6pm,,No,1,15829,15829,2188,,7,12:00:00,18:00:00,10000,6,95,74,NULL,0,22,1,8,NULL,NULL,127,NULL,95,1,NULL,1,1530,NULL,NULL
Farro Sunday Tauranga 12pm - 6pm,,No,1,15829,15829,3261,,7,12:00:00,18:00:00,10000,3,95,74,NULL,0,20,1,8,2,1,127,NULL,95,1,NULL,1,1530,NULL,NULL
Farro Sunday Wellington 12-6pm,,No,1,15829,15829,2186,,7,12:00:00,18:00:00,10000,16,95,74,NULL,0,21,1,8,NULL,NULL,127,NULL,95,1,NULL,1,1530,NULL,NULL
Farro Taupo & Tokoroa Regional Home Delivery,,No,1,15829,15829,"5679, 5680, 5681",,"1, 3, 5",07:00:00,12:00:00,10000,4,112,16,NULL,0,11,0,8,NULL,NULL,NULL,NULL,112,NULL,NULL,NULL,NULL,NULL,NULL
Farro Tauranga 11am,,No,1,15829,15829,"1342, 1344, 1348, 1350, 1351",,"1, 2, 3, 4, 5",13:00:00,17:00:00,10000,3,112,4,NULL,0,12,0,8,NULL,NULL,NULL,NULL,112,NULL,NULL,NULL,NULL,NULL,NULL
Farro Tauranga 5am,,No,1,15829,15829,"4238, 4239, 4240, 4241, 4242",,"1, 2, 3, 4, 5",09:00:00,15:00:00,10000,3,112,18,NULL,0,12,0,8,NULL,NULL,NULL,NULL,112,NULL,NULL,NULL,NULL,NULL,NULL
Farro Waiheke,,No,1,15829,15829,"3970, 3971, 3972",,"1, 2, 3",10:00:00,17:00:00,10000,8,96,24,Waiheke Island Deliveries,0,62,0,8,NULL,NULL,NULL,NULL,96,NULL,NULL,NULL,NULL,NULL,NULL
Farro Wellington Afternoon Home,,No,1,15829,15829,"8770, 8771, 8772, 8773, 8774",,"1, 2, 3, 4, 5",10:00:00,17:00:00,10000,16,94,24,,0,26,0,8,1,1,127,NULL,94,2,2,0,1440,NULL,NULL
Farro Whangarei Home Delivery 5am,,No,1,15829,15829,"4661, 4662, 4663, 4664, 4665",,"1, 2, 3, 4, 5",09:00:00,15:00:00,10000,21,112,18,NULL,1,NULL,0,8,NULL,NULL,NULL,NULL,112,NULL,NULL,NULL,NULL,360,NULL
FD Auckland Delivery,,No,1,37018,37018,"11737, 11738, 11739, 11740, 11741",,"1, 2, 3, 4, 5",07:00:00,12:00:00,10000,8,122,16,NULL,0,27,0,8,2,2,NULL,NULL,122,1,NULL,0,NULL,NULL,NULL
FD Tauranga Delivery,,No,1,37018,37018,"11722, 11723, 11724, 11725, 11726",,"1, 2, 3, 4, 5",09:00:00,14:00:00,10000,3,129,63,NULL,1,12,0,8,1,1,1,NULL,129,0,2,NULL,NULL,NULL,NULL
FD Waikato Delivery,,No,1,37018,37018,"11717, 11718, 11719, 11720, 11721",,"1, 2, 3, 4, 5",07:00:00,12:00:00,10000,4,128,18,NULL,1,11,0,8,1,1,4,NULL,128,0,2,NULL,NULL,NULL,NULL
FD Wellington Delivery,,No,1,37018,37018,"11727, 11728, 11729, 11730, 11731",,"1, 2, 3, 4, 5",10:00:00,17:00:00,10000,16,140,68,Overnight Delivery from Auckland to Wellington (UCL barcoded label required),0,26,0,8,1,1,4,NULL,140,0,2,NULL,NULL,NULL,NULL
FD Whangarei Delivery,,No,1,37018,37018,"11732, 11733, 11734, 11735, 11736",,"1, 2, 3, 4, 5",07:00:00,09:00:00,10000,21,129,62,Regional Run to Whangarei,1,NULL,0,8,1,1,4,NULL,129,0,2,NULL,NULL,NULL,NULL
FED - Auckland Morning Chilled,,No,1,18090,18090,"5515, 5516, 5517, 5518, 5519",,"1, 2, 3, 4, 5",07:00:00,12:00:00,10000,8,122,16,Auckland Morning Chilled Delivery 7am - 12pm,0,27,0,8,3,2,NULL,NULL,122,NULL,NULL,NULL,NULL,NULL,NULL
FED - Napier Afternoon Home,,No,1,18090,18090,"5600, 5601",,"2, 5",12:00:00,17:00:00,10000,10,94,0,NULL,0,65,0,8,3,1,NULL,NULL,94,NULL,NULL,NULL,NULL,NULL,NULL
FED - Palmerston North Afternoon,,No,1,18090,18090,"5602, 5603",,"2, 5",12:00:00,17:00:00,10000,6,94,0,NULL,0,66,0,8,3,1,NULL,NULL,94,NULL,NULL,NULL,NULL,NULL,NULL
FED - Taupo Regional Home Delivery,,No,1,18090,18090,"5643, 5644",,"3, 5",07:00:00,12:00:00,10000,4,112,16,NULL,0,11,0,8,3,2,124,NULL,112,NULL,NULL,NULL,NULL,NULL,NULL
FED Auckland Afternoon Home,,No,1,18090,18090,"4717, 5571, 5572, 5573, 5574, 5966",,"1, 2, 3, 4, 5, 6",12:00:00,17:00:00,10000,8,94,2,NULL,NULL,62,NULL,8,3,1,NULL,NULL,94,NULL,NULL,NULL,NULL,NULL,NULL
FED Christchurch Monday 12 - 6,,No,1,18090,18090,3302,,1,12:00:00,18:00:00,10000,20,95,98,NULL,0,18,0,8,3,1,NULL,NULL,95,NULL,NULL,NULL,NULL,NULL,NULL
FED Hamilton Regional Home Delivery,,No,1,18090,18090,"4719, 5568, 5569, 5570, 5604, 7719, 7720, 7721, 7722, 7723",,"1, 2, 3, 4, 5",07:00:00,17:00:00,10000,4,112,20,NULL,0,11,0,8,3,1,NULL,NULL,112,NULL,NULL,NULL,NULL,NULL,NULL
FED Hamilton Sunday 12pm - 6pm,,No,1,18090,18090,2075,,7,12:00:00,18:00:00,10000,4,95,50,NULL,0,19,0,8,3,1,NULL,NULL,95,NULL,NULL,NULL,NULL,NULL,NULL
FED Napier Sunday 12pm - 6pm,,No,1,18090,18090,2076,,7,12:00:00,18:00:00,10000,10,95,50,NULL,0,23,0,8,3,1,NULL,NULL,95,NULL,NULL,NULL,NULL,NULL,NULL
FED Palmerston North Sunday 12pm - 6pm,,No,1,18090,18090,2077,,7,12:00:00,18:00:00,10000,6,95,50,NULL,0,22,0,8,3,1,NULL,NULL,95,NULL,NULL,NULL,NULL,NULL,NULL
FED Sunday Auckland 12pm - 6pm,,No,1,18090,18090,214,,7,12:00:00,18:00:00,10000,8,95,50,NULL,NULL,14,NULL,8,3,1,NULL,NULL,95,NULL,NULL,NULL,NULL,NULL,NULL
FED Tauranga Regional Home Delivery,,No,1,18090,18090,"4718, 5564, 5565, 5566, 5567",,"1, 2, 3, 4, 5",07:00:00,17:00:00,10000,3,112,20,NULL,0,12,0,8,3,1,NULL,NULL,112,NULL,NULL,NULL,NULL,NULL,NULL
FED Tauranga Sunday 12pm - 6pm,,No,1,18090,18090,2074,,7,12:00:00,18:00:00,10000,3,95,50,NULL,0,20,0,8,3,1,NULL,NULL,95,NULL,NULL,NULL,NULL,NULL,NULL
FED Wellington Afternoon Home,,No,1,18090,18090,"4720, 5560, 5561, 5562, 5563",,"1, 2, 3, 4, 5",10:00:00,17:00:00,10000,16,94,24,NULL,NULL,26,NULL,8,3,1,NULL,NULL,94,NULL,NULL,NULL,NULL,NULL,NULL
FED Wellington Sunday 12pm - 6pm,,No,1,18090,18090,2078,,7,12:00:00,18:00:00,10000,16,95,50,NULL,0,21,0,8,3,1,NULL,NULL,95,NULL,NULL,NULL,NULL,NULL,NULL
FED Whangarei,,No,1,18090,18090,"1336, 1337, 1338, 1339, 1340",,"1, 2, 3, 4, 5",07:00:00,12:00:00,10000,21,112,0,NULL,1,NULL,0,8,3,1,NULL,NULL,112,NULL,NULL,NULL,NULL,360,NULL
FORK - AKL AH,,No,1,32924,32924,"7752, 7753, 7754, 7755, 7756",,"1, 2, 3, 4, 5",12:00:00,17:00:00,10000,8,94,2,"Live tracked, express delivery with New Zealand's premium courier company",0,NULL,NULL,8,2,1,NULL,NULL,94,NULL,NULL,NULL,NULL,NULL,NULL
FORK -  HAM DEL,,No,1,32924,32924,"7762, 7763, 7764, 7765, 7766",,"1, 2, 3, 4, 5",08:00:00,17:00:00,10000,4,112,24,"Live tracked, express delivery with New Zealand's premium courier company",0,11,NULL,8,2,1,NULL,NULL,112,NULL,NULL,NULL,NULL,NULL,NULL
FORK - SUN AKL,,No,1,32924,32924,7777,,7,12:00:00,18:00:00,10000,8,95,50,"Live tracked, express delivery with New Zealand's premium courier company",0,14,NULL,8,2,1,NULL,NULL,95,NULL,NULL,NULL,NULL,NULL,NULL
FORK - SUN HAM,,No,1,32924,32924,7781,,7,12:00:00,18:00:00,10000,4,95,50,"Live tracked, express delivery with New Zealand's premium courier company",NULL,19,NULL,8,2,1,NULL,NULL,95,NULL,NULL,NULL,NULL,NULL,NULL
FORK - SUN NPE,,No,1,32924,32924,7779,,7,12:00:00,18:00:00,10000,10,95,50,"Live tracked, express delivery with New Zealand's premium courier company",0,23,NULL,8,2,1,NULL,NULL,95,NULL,NULL,NULL,NULL,NULL,NULL
FORK - SUN PMR,,No,1,32924,32924,7780,,7,12:00:00,18:00:00,10000,6,95,50,"Live tracked, express delivery with New Zealand's premium courier company",0,22,NULL,8,2,1,NULL,NULL,95,NULL,NULL,NULL,NULL,NULL,NULL
FORK - SUN TNG,,No,1,32924,32924,7782,,7,12:00:00,18:00:00,10000,3,95,50,"Live tracked, express delivery with New Zealand's premium courier company",NULL,20,NULL,4,2,1,NULL,NULL,95,NULL,NULL,NULL,NULL,NULL,NULL
FORK - SUN WGT,,No,1,32924,32924,7778,,7,12:00:00,18:00:00,10000,16,95,50,"Live tracked, express delivery with New Zealand's premium courier company",0,21,NULL,8,2,1,NULL,NULL,95,NULL,NULL,NULL,NULL,NULL,NULL
FORK - TGA DEL,,No,1,32924,32924,"7767, 7768, 7769, 7770, 7771",,"1, 2, 3, 4, 5",11:00:00,17:00:00,10000,3,112,49,"Live tracked, express delivery with New Zealand's premium courier company",0,12,NULL,4,2,1,NULL,NULL,112,NULL,NULL,NULL,NULL,NULL,NULL
FORK - WGT AH,,No,1,32924,32924,"7757, 7758, 7759, 7760, 7761",,"1, 2, 3, 4, 5",10:00:00,17:00:00,10000,16,94,24,"Live tracked, express delivery with New Zealand's premium courier company",0,26,0,8,2,1,NULL,NULL,94,NULL,NULL,NULL,NULL,NULL,NULL
FORK - WRE DEL,,No,1,32924,32924,"7772, 7773, 7774, 7775, 7776",,"1, 2, 3, 4, 5",08:00:00,17:00:00,10000,21,112,24,"Live tracked, express delivery with New Zealand's premium courier company",1,NULL,NULL,21,2,1,NULL,NULL,112,NULL,NULL,NULL,NULL,NULL,NULL
FORKIT - Afternoon Home,,No,1,32924,32924,"484, 7751",,"3, 4",12:00:00,17:00:00,10000,8,94,62,"Live tracked, express delivery with New Zealand's premium courier company",0,NULL,NULL,8,NULL,NULL,NULL,NULL,94,NULL,NULL,NULL,NULL,NULL,NULL
ForkIt Sunday Home Delivery,,No,1,32924,32924,570,,7,12:00:00,18:00:00,10000,8,95,72,"Live tracked, express delivery with New Zealand's premium courier company",0,14,NULL,8,NULL,NULL,NULL,NULL,95,NULL,NULL,NULL,NULL,NULL,NULL
Fresh Connection - Auckland Morning Chilled,,No,1,36249,36249,"5415, 5416, 5417, 5418, 5419",,"1, 2, 3, 4, 5",07:00:00,12:00:00,10000,8,122,8,Auckland Morning Chilled Delivery 7am - 12pm,0,27,0,8,2,2,NULL,NULL,122,NULL,NULL,NULL,NULL,NULL,NULL
Fresh Connection - Waikato/Rotorua Chilled,,No,1,36249,36249,"5493, 5494, 5495, 5496, 5497",,"1, 2, 3, 4, 5",07:00:00,17:00:00,10000,4,130,8,NULL,0,11,0,8,2,2,NULL,NULL,130,NULL,NULL,NULL,NULL,NULL,NULL
Fresh Connection - Whangarei Chilled,,No,1,36249,36249,"13710, 13711, 13712, 13713, 13714",,"1, 2, 3, 4, 5",09:00:00,12:00:00,10000,21,147,7,Delivery Between 7am and 12pm,1,71,0,8,NULL,NULL,NULL,NULL,147,NULL,NULL,0,NULL,NULL,1
Fresh Connection - WRG to AKL Chilled,,No,1,36249,36249,"7294, 7295, 7296, 7297, 7298",,"1, 2, 3, 4, 5",07:00:00,12:00:00,10000,8,122,3,,0,27,0,21,2,2,127,57,122,1,NULL,NULL,NULL,NULL,NULL
"FreshConnection - Taupo, Tokoroa, Putaruru, TeAwam",,No,1,36249,36249,"5498, 5499, 5502",,"1, 3, 5",07:00:00,17:00:00,10000,4,130,8,NULL,0,87,0,8,2,2,NULL,NULL,130,NULL,NULL,NULL,NULL,NULL,NULL
FreshDirect AKL- Wellington Chilled,,No,1,16627,16627,"9842, 9843, 9844, 9845, 9846",,"1, 2, 3, 4, 5",09:00:00,15:00:00,10000,16,147,19,Chilled Delivery in Wellington,0,26,0,8,2,2,NULL,NULL,147,NULL,NULL,NULL,NULL,NULL,NULL
Friday 2 Hour Express (11:00am-1:00pm),,No,1,33096,33096,3330,,5,11:00:00,13:00:00,10000,8,24,25,,1,NULL,NULL,8,NULL,NULL,NULL,NULL,24,NULL,NULL,NULL,NULL,NULL,NULL
Friday 2 Hour Express (1:00-3pm),,No,1,33096,33096,3334,,5,13:00:00,15:00:00,10000,8,24,27,,1,NULL,NULL,8,NULL,NULL,NULL,NULL,24,NULL,NULL,NULL,NULL,NULL,NULL
Friday 2 Hour Express (9:00-11:00am),,No,1,33096,33096,3326,,5,09:00:00,11:00:00,10000,8,24,23,,1,NULL,NULL,8,NULL,NULL,NULL,NULL,24,NULL,NULL,NULL,NULL,NULL,NULL
Friday 2 hour express*08:00:00-10:00:00,,No,1,17732,17732,274,,5,08:00:00,10:00:00,10000,8,24,28,,1,NULL,NULL,8,NULL,NULL,NULL,NULL,24,NULL,NULL,NULL,NULL,NULL,NULL
Friday 2 hour express*08:00:00-10:00:00x,,No,1,17732,17732,1372,,5,08:00:00,10:00:00,10000,8,24,0,,1,NULL,NULL,8,NULL,NULL,NULL,NULL,24,NULL,NULL,NULL,NULL,NULL,NULL
Friday 2 hour express*10:00:00-12:00:00,,No,1,17732,17732,275,,5,10:00:00,12:00:00,10000,8,24,30,,1,NULL,NULL,8,NULL,NULL,NULL,NULL,24,NULL,NULL,NULL,NULL,NULL,NULL
Friday 2 hour express*10:00:00-12:00:00x,,No,1,17732,17732,1373,,5,10:00:00,12:00:00,10000,8,24,0,,1,NULL,NULL,8,NULL,NULL,NULL,NULL,24,NULL,NULL,NULL,NULL,NULL,NULL
Friday 2 hour express*13:00:00-15:00:00,,No,1,17732,17732,276,,5,13:00:00,15:00:00,10000,8,24,9,,1,NULL,NULL,8,NULL,NULL,NULL,NULL,24,NULL,NULL,NULL,NULL,NULL,NULL
Friday 2 hour express*13:00:00-15:00:00x,,No,1,17732,17732,1374,,5,13:00:00,15:00:00,10000,8,24,0,,1,NULL,NULL,8,NULL,NULL,NULL,NULL,24,NULL,NULL,NULL,NULL,NULL,NULL
Friday 2 hour express*14:00:00-16:00:00,,No,1,17732,17732,280,,5,14:00:00,16:00:00,10000,8,24,10,,1,NULL,NULL,8,NULL,NULL,NULL,NULL,24,NULL,NULL,NULL,NULL,NULL,NULL
Friday 2 hour express*14:00:00-16:00:00x,,No,1,17732,17732,1375,,5,14:00:00,16:00:00,10000,8,24,0,,1,NULL,NULL,8,NULL,NULL,NULL,NULL,24,NULL,NULL,NULL,NULL,NULL,NULL
Friday Afternoon Bay of Plenty Express,,No,1,33094,33094,1049,,5,12:00:00,17:00:00,10000,3,111,14,Live tracked - Delivery from 3-6pm,0,NULL,0,3,NULL,NULL,NULL,NULL,111,NULL,NULL,NULL,NULL,NULL,NULL
Friday Afternoon Express,,No,2,"33089, 33091",33089,880,885,5,12:00:00,14:00:00,10000,8,25,1,"Afternoon Express - Book by 11am, delivery from 12-2pm",1,NULL,0,8,NULL,NULL,NULL,NULL,25,NULL,NULL,NULL,NULL,NULL,NULL
Friday Afternoon Express #2,Friday Afternoon Express,No,1,32758,32758,187,,5,12:00:00,17:00:00,10000,8,94,3,NULL,NULL,NULL,NULL,8,NULL,NULL,NULL,NULL,94,NULL,NULL,NULL,NULL,NULL,NULL
Friday Afternoon Express #3,Friday Afternoon Express,No,1,32822,32822,306,,5,12:00:00,17:00:00,10000,8,94,2,Premium live tracked delivery service with Urgent Couriers,NULL,NULL,NULL,8,NULL,NULL,NULL,NULL,94,NULL,NULL,NULL,NULL,NULL,NULL
Friday Afternoon Express #4,Friday Afternoon Express,No,1,33093,33093,896,,5,15:00:00,17:00:00,10000,8,25,2,"Express, live-tracked delivery between 3-5pm",1,NULL,0,8,NULL,NULL,NULL,NULL,25,NULL,NULL,NULL,NULL,NULL,NULL
Friday Afternoon Express #5,Friday Afternoon Express,No,1,33094,33094,901,,5,12:00:00,17:00:00,10000,8,94,14,Live tracked - Delivery from 12-5pm,0,NULL,0,8,NULL,NULL,NULL,NULL,94,NULL,NULL,NULL,NULL,NULL,NULL
Friday afternoon express delivery,,No,1,32773,32773,291,,5,12:00:00,17:00:00,10000,8,94,3,Afternoon Home and Office delivery between 12pm and 5pm,NULL,NULL,NULL,8,NULL,NULL,NULL,NULL,94,NULL,NULL,NULL,NULL,NULL,NULL
Friday Afternoon Home,,No,1,32429,32429,173,,5,12:00:00,17:00:00,10000,8,94,22,Fast live tracked delivery with Urgent Couriers,NULL,NULL,NULL,8,NULL,NULL,NULL,NULL,94,NULL,NULL,NULL,NULL,NULL,NULL
Friday Afternoon Home #2,Friday Afternoon Home,No,1,32738,32738,"179, 12932",,"5, 6",12:00:00,17:00:00,10000,8,94,2,NULL,NULL,62,NULL,8,2,1,NULL,NULL,94,NULL,NULL,NULL,NULL,NULL,NULL
Friday Afternoon Home #3,Friday Afternoon Home,No,1,18232,18232,204,,5,12:00:00,17:00:00,10000,8,94,6,Live tracked delivery service,NULL,NULL,NULL,8,NULL,NULL,NULL,NULL,94,NULL,NULL,NULL,NULL,NULL,NULL
Friday Afternoon Home #4,Friday Afternoon Home,No,1,32799,32799,339,,5,12:00:00,17:00:00,10000,8,94,3,Express delivery to your door,NULL,NULL,NULL,8,NULL,NULL,NULL,NULL,94,NULL,NULL,NULL,NULL,NULL,NULL
Friday Afternoon Home Auckland,,No,1,34381,34381,1949,,5,12:00:00,17:00:00,10000,8,94,1,NULL,0,NULL,0,8,NULL,NULL,NULL,NULL,94,NULL,NULL,NULL,NULL,NULL,NULL
Friday Afternoon Service,,No,1,32710,32710,134,,5,12:00:00,17:00:00,10000,8,94,36,NULL,NULL,NULL,NULL,8,NULL,NULL,NULL,NULL,94,NULL,NULL,NULL,NULL,NULL,NULL
Friday Afternoon Waikato Express,,No,1,33094,33094,1044,,5,12:00:00,17:00:00,10000,4,111,14,Live tracked - Delivery from 1-6pm,0,NULL,0,4,NULL,NULL,NULL,NULL,111,NULL,NULL,NULL,NULL,NULL,NULL
Friday Afternoon Whangarei Express,,No,1,33094,33094,1050,,5,12:00:00,17:00:00,10000,21,111,14,Live tracked - Delivery from 12-5pm,1,NULL,0,21,NULL,NULL,NULL,NULL,111,NULL,NULL,NULL,NULL,360,NULL
Friday Evening Express,,No,2,"33089, 33091",33089,865,870,5,15:00:00,17:00:00,10000,8,25,1,"Evening Express - Book by 2pm, delivery from 3-5pm",1,NULL,0,8,NULL,NULL,NULL,NULL,25,NULL,NULL,NULL,NULL,NULL,NULL
Friday Evening Express #2,Friday Evening Express,No,1,32758,32758,192,,5,18:00:00,21:00:00,10000,8,110,3,NULL,NULL,NULL,NULL,8,NULL,NULL,NULL,NULL,110,NULL,NULL,NULL,NULL,NULL,NULL
Friday Evening Express #3,Friday Evening Express,No,1,32822,32822,321,,5,18:00:00,21:00:00,10000,8,110,3,Premium live tracked delivery service with Urgent Couriers,NULL,NULL,NULL,8,NULL,NULL,NULL,NULL,110,NULL,NULL,NULL,NULL,NULL,NULL
Friday Evening Express #4,Friday Evening Express,No,1,33094,33094,906,,5,18:00:00,21:00:00,10000,8,110,8,Live tracked - Delivery from 6-9pm,0,NULL,0,8,NULL,NULL,NULL,NULL,110,NULL,NULL,NULL,NULL,NULL,NULL
Friday Evening Home,,No,1,32429,32429,178,,5,18:00:00,21:00:00,10000,8,110,4,Fast live tracked delivery with Urgent Couriers,NULL,NULL,NULL,8,NULL,NULL,NULL,NULL,110,NULL,NULL,NULL,NULL,NULL,NULL
Friday Evening Home #2,Friday Evening Home,No,1,18232,18232,193,,5,18:00:00,21:00:00,10000,8,110,12,Live tracked delivery service,NULL,NULL,NULL,8,NULL,NULL,NULL,NULL,110,NULL,NULL,NULL,NULL,NULL,NULL
Friday Evening Home #3,Friday Evening Home,No,1,32770,32770,207,,5,18:00:00,21:00:00,10000,8,110,3,Express live tracked delivery service,NULL,NULL,NULL,8,NULL,NULL,NULL,NULL,110,NULL,NULL,NULL,NULL,NULL,NULL
Friday Evening Home #4,Friday Evening Home,No,1,32799,32799,345,,5,18:00:00,21:00:00,10000,8,110,3,Express delivery to your door,NULL,NULL,NULL,8,NULL,NULL,NULL,NULL,110,NULL,NULL,NULL,NULL,NULL,NULL
Friday express delivery,,No,1,32773,32773,296,,5,14:00:00,16:00:00,10000,8,25,2,Two hour delivery between 2pm - 4pm same day,1,NULL,NULL,8,NULL,NULL,NULL,NULL,25,NULL,NULL,NULL,NULL,NULL,NULL
Friday Morning 3 Hour,,No,1,216,216,1582,,5,09:00:00,13:00:00,10000,8,4,1,"Live-tracked, express service",1,NULL,0,8,NULL,NULL,NULL,NULL,4,NULL,NULL,NULL,NULL,NULL,NULL
Friday Morning Express,,No,1,33089,33089,875,,5,10:00:00,12:00:00,10000,8,25,1,"Morning Express - Book by 9am, delivery from 10am-12pm",1,NULL,0,8,NULL,NULL,NULL,NULL,25,NULL,NULL,NULL,NULL,NULL,NULL
Friday Morning Express #2,Friday Morning Express,No,1,33091,33091,890,,4,10:00:00,12:00:00,10000,8,25,1,"Morning Express - Book by 9am, delivery from 10am-12pm",1,NULL,0,8,NULL,NULL,NULL,NULL,25,NULL,NULL,NULL,NULL,NULL,NULL
Friday same day delivery,,No,1,32714,32714,166,,5,18:00:00,21:00:00,10000,8,110,4,Premium live tracked delivery service,NULL,NULL,NULL,8,NULL,NULL,NULL,NULL,110,NULL,NULL,NULL,NULL,NULL,NULL
Friday same-day delivery,,No,1,32697,32697,247,,5,12:00:00,17:00:00,10000,8,94,36,Premium same-day live tracked delivery service to residential or business addresses,NULL,NULL,NULL,8,NULL,NULL,NULL,NULL,94,NULL,NULL,NULL,NULL,NULL,NULL
Frozen - Central Run,,Yes,1,37022,NULL,9661,13686,2,07:00:00,17:00:00,10000,8,136,16,NULL,0,27,0,8,3,3,NULL,NULL,136,NULL,NULL,0,NULL,NULL,NULL
Frozen - North Run,,Yes,1,37022,NULL,1944,13687,4,07:00:00,17:00:00,10000,8,136,16,NULL,0,27,0,8,3,3,NULL,NULL,136,NULL,NULL,NULL,NULL,NULL,NULL
Frozen - South Run,,Yes,1,37022,NULL,1943,13688,3,07:00:00,17:00:00,10000,8,136,16,NULL,0,27,0,8,3,3,NULL,NULL,136,NULL,NULL,NULL,NULL,NULL,NULL
FRSHB Auckland > BoP 10am - 5pm,,No,1,36876,36876,"9877, 9878, 9879, 9880, 9881",,"1, 2, 3, 4, 5",10:00:00,17:00:00,10000,3,129,1,,1,12,0,8,2,1,127,NULL,129,1,2,NULL,NULL,NULL,NULL
FRSHB Auckland > Hamilton 1pm - 5pm,,No,1,36876,36876,"9867, 9868, 9869, 9870, 9871",,"1, 2, 3, 4, 5",13:00:00,17:00:00,10000,4,128,1,,1,80,0,8,2,1,127,NULL,128,1,2,NULL,NULL,NULL,NULL
FRSHB Auckland > Tauranga 3pm - 6pm,,No,1,36876,36876,"9872, 9873, 9874, 9875, 9876",,"1, 2, 3, 4, 5",15:00:00,18:00:00,10000,3,129,1,,1,12,0,8,2,1,127,NULL,129,1,2,NULL,NULL,NULL,NULL
FRSHB Auckland Afternoon Home,,No,1,36876,36876,"9672, 9673, 9674, 9675, 9676, 9887",,"1, 2, 3, 4, 5, 6",12:00:00,17:00:00,10000,8,94,1,NULL,0,62,0,8,2,1,NULL,NULL,94,NULL,NULL,NULL,NULL,NULL,NULL
FRSHB Auckland Evening 6pm - 9pm,,No,1,36876,36876,"9882, 9883, 9884, 9885, 9886",,"1, 2, 3, 4, 5",18:00:00,21:00:00,10000,8,110,1,,NULL,62,0,8,2,1,127,62,110,1,2,0,175,NULL,NULL
FRSHB Auckland Sunday,,No,1,36876,36876,9888,,7,12:00:00,18:00:00,10000,8,95,1,,0,62,0,8,2,1,127,NULL,95,1,2,0,105,NULL,NULL
FRSHB Christchurch Afternoons AH,,No,1,36876,36876,"10436, 10437, 10438",,"2, 3, 5",12:00:00,17:00:00,10000,20,94,0,NULL,0,67,0,8,NULL,NULL,NULL,NULL,94,NULL,NULL,NULL,NULL,NULL,NULL
FRSHB Dunedin,,No,1,36876,36876,"10440, 10441, 10442, 10443, 10444",,"1, 2, 3, 4, 5",12:00:00,18:00:00,10000,17,95,0,NULL,0,24,0,8,NULL,NULL,NULL,NULL,95,NULL,NULL,0,NULL,NULL,NULL
FRSHB Hamilton Sunday,,No,1,36876,36876,9889,,7,12:00:00,18:00:00,10000,4,95,1,NULL,0,11,0,8,2,1,127,NULL,95,1,2,0,2680,NULL,NULL
FRSHB Monday CHCH 12-6pm,,No,1,36876,36876,10439,,1,12:00:00,18:00:00,10000,20,95,0,NULL,0,18,0,8,NULL,NULL,NULL,NULL,95,NULL,NULL,NULL,NULL,NULL,NULL
FRSHB Tauranga Sunday,,No,1,36876,36876,9890,,7,12:00:00,18:00:00,10000,3,95,1,NULL,0,12,0,8,2,1,127,NULL,95,1,2,0,2680,NULL,NULL
GDT Sun Auckland,,No,1,18049,18049,2087,,7,12:00:00,18:00:00,10000,8,95,74,NULL,0,14,0,8,2,1,NULL,NULL,95,NULL,NULL,NULL,NULL,NULL,NULL
GDT Sun Hamilton,,No,1,18049,18049,2088,,7,12:00:00,18:00:00,10000,4,95,74,NULL,0,19,0,4,2,1,NULL,NULL,95,NULL,NULL,NULL,NULL,NULL,NULL
GDT Sun Napier,,No,1,18049,18049,2089,,7,12:00:00,18:00:00,10000,10,95,74,NULL,0,23,0,10,2,1,NULL,NULL,95,NULL,NULL,NULL,NULL,NULL,NULL
GDT Sun Palmerston North,,No,1,18049,18049,2090,,7,12:00:00,18:00:00,10000,6,95,74,NULL,0,22,0,6,2,1,NULL,NULL,95,NULL,NULL,NULL,NULL,NULL,NULL
GDT Sun Tauranga,,No,1,18049,18049,1941,,7,07:00:00,19:00:00,10000,3,95,69,NULL,0,20,0,3,2,1,NULL,NULL,95,NULL,NULL,NULL,NULL,NULL,NULL
GDT Sun Wellington,,No,1,18049,18049,2086,,7,12:00:00,18:00:00,10000,16,95,74,NULL,0,21,0,16,2,1,NULL,NULL,95,NULL,NULL,NULL,NULL,NULL,NULL
Genus Christchurch - Chilled,,No,1,36796,36796,"8491, 8492, 8493, 8494",,"2, 3, 4, 5",08:00:00,17:00:00,10000,20,147,45,NULL,0,18,1,4,2,2,127,28,147,1,5,NULL,NULL,NULL,NULL
Genus Christchurch - Monday Chilled,,No,1,36796,36796,8501,,1,08:00:00,17:00:00,10000,20,147,69,NULL,0,18,1,4,2,2,127,28,147,1,5,NULL,NULL,NULL,NULL
Genus Christchurch - Monday Chilled #2,Genus Christchurch - Monday Chilled,No,1,36266,36266,8505,,1,08:00:00,17:00:00,10000,20,147,87,NULL,0,18,1,4,2,2,127,28,147,1,5,NULL,NULL,NULL,NULL
George TEXT Test,,No,1,16702,16702,"3969, 4229, 4230, 4231, 4232",,"1, 2, 3, 4, 5",15:00:00,17:00:00,10000,4,128,0,George testing text messages,1,NULL,1,8,2,NULL,1,NULL,128,1,2,NULL,NULL,NULL,NULL
GIS XMAS HF,,No,1,17921,17921,"6417, 6418",,"1, 2",07:00:00,19:00:00,10000,22,121,2,,0,NULL,NULL,22,NULL,NULL,NULL,NULL,121,NULL,NULL,NULL,NULL,NULL,NULL
GMORN Auckland Afternoon Chilled,,No,1,37019,37019,"11765, 11766, 11767, 11768, 11769",,"1, 2, 3, 4, 5",13:00:00,17:00:00,10000,8,123,2,NULL,0,27,NULL,8,3,2,NULL,NULL,123,NULL,NULL,NULL,NULL,NULL,NULL
GMORN Auckland Afternoons,,No,1,37019,37019,"11886, 11887, 11888, 11889, 11890, 11891",,"1, 2, 3, 4, 5, 6",12:00:00,17:00:00,10000,8,94,2,NULL,NULL,62,NULL,8,3,1,NULL,NULL,94,NULL,NULL,0,NULL,NULL,NULL
GMORN Auckland Morning Chilled,,No,1,37019,37019,"11770, 11771, 11772, 11773, 11774",,"1, 2, 3, 4, 5",07:00:00,12:00:00,10000,8,122,16,NULL,0,27,0,8,3,2,NULL,NULL,122,1,NULL,0,NULL,NULL,NULL
GMORN BOP Home Delivery 5am,,No,1,37019,37019,"11892, 11893, 11894, 11895, 11896",,"1, 2, 3, 4, 5",07:00:00,12:00:00,10000,3,112,16,NULL,0,12,0,8,3,1,NULL,NULL,112,NULL,NULL,NULL,NULL,NULL,NULL
GMORN Evening Home Auckland,,No,1,37019,37019,"11897, 11898, 11899, 11900, 11901",,"1, 2, 3, 4, 5",18:00:00,21:00:00,10000,8,110,3,Evening Home,NULL,62,NULL,8,3,1,NULL,NULL,110,NULL,NULL,0,NULL,NULL,NULL
GMORN Hamilton Chilled,,No,1,37019,37019,"11775, 11776, 11777, 11778, 11779",,"1, 2, 3, 4, 5",07:00:00,17:00:00,10000,4,130,16,Chilled Delivery from Auckland to Hamilton,0,28,0,8,3,2,NULL,NULL,130,NULL,NULL,0,NULL,NULL,NULL
GMORN Napier Afternoons AH,,No,1,37019,37019,"11902, 11903, 11904",,"2, 3, 5",12:00:00,17:00:00,10000,10,94,24,NULL,0,65,0,8,3,1,NULL,NULL,94,NULL,NULL,NULL,NULL,NULL,NULL
GMORN Palmy Afternoons AH,,No,1,37019,37019,"11905, 11906, 11907",,"2, 3, 5",12:00:00,17:00:00,10000,6,94,24,NULL,0,66,0,8,3,1,NULL,NULL,94,NULL,NULL,NULL,NULL,NULL,NULL
GMORN Tauranga Chilled,,No,1,37019,37019,"11780, 11781, 11782, 11783, 11784",,"1, 2, 3, 4, 5",07:00:00,17:00:00,10000,3,131,16,Chilled Delivery from Auckland to Tauranga,1,29,0,8,3,2,NULL,NULL,131,NULL,NULL,NULL,NULL,NULL,NULL
GMORN TGA Home Delivery 11am,,No,1,37019,37019,"11908, 11909, 11910, 11911, 11912",,"1, 2, 3, 4, 5",13:00:00,18:00:00,10000,3,112,4,NULL,0,12,0,8,3,1,NULL,NULL,112,NULL,NULL,NULL,NULL,NULL,NULL
GMORN Waikato Home Delivery 11am,,No,1,37019,37019,"11913, 11914, 11915, 11916, 11917",,"1, 2, 3, 4, 5",13:00:00,18:00:00,10000,4,112,4,NULL,0,11,0,8,3,1,NULL,NULL,112,NULL,NULL,NULL,NULL,NULL,NULL
GMORN Wellington Afternoons AH,,No,1,37019,37019,"11918, 11919, 11920, 11921, 11922",,"1, 2, 3, 4, 5",10:00:00,17:00:00,10000,16,94,68,NULL,0,26,0,8,3,1,NULL,NULL,94,NULL,NULL,0,NULL,NULL,NULL
GMORN Whangarei Home Delivery 5am,,No,1,37019,37019,"11923, 11924, 11925, 11926, 11927",,"1, 2, 3, 4, 5",07:00:00,12:00:00,10000,21,112,16,NULL,1,NULL,0,8,3,1,NULL,NULL,112,NULL,NULL,NULL,NULL,NULL,NULL
GOLCH - AKL > Hamilton Chilled,,No,1,32837,32837,"10426, 10427, 10428, 10429, 10430",,"1, 2, 3, 4, 5",07:00:00,15:00:00,10000,4,130,16,,0,11,0,8,2,2,NULL,NULL,130,NULL,NULL,NULL,NULL,NULL,NULL
GOLCH - AKL > Tauranga Chilled,,No,1,32837,32837,"6502, 6503, 6504, 6505, 6506",,"1, 2, 3, 4, 5",07:00:00,17:00:00,10000,3,131,16,NULL,0,12,0,8,2,2,NULL,NULL,131,NULL,NULL,NULL,NULL,NULL,NULL
GOLCH - AKL Evening Home,,No,1,32837,32837,"10431, 10432, 10433, 10434, 10435",,"1, 2, 3, 4, 5",18:00:00,21:00:00,10000,8,110,3,,NULL,62,NULL,8,2,NULL,NULL,NULL,110,NULL,NULL,NULL,NULL,NULL,NULL
GOLCH - AKL Sunday,,No,1,32837,32837,797,,7,12:00:00,18:00:00,10000,8,95,76,NULL,0,14,NULL,8,2,NULL,NULL,NULL,95,NULL,NULL,NULL,NULL,NULL,NULL
GOLCH - Bay of Plenty - Express Next Day,,No,1,32837,32837,"757, 1094, 1095, 1096",,"2, 3, 4, 5",11:00:00,17:00:00,10000,3,112,21,NULL,0,12,NULL,8,NULL,NULL,NULL,NULL,112,NULL,NULL,NULL,NULL,NULL,NULL
GOLCH - Hamilton - Express Next Day,,No,1,32837,32837,"739, 1101, 1102, 1103",,"2, 3, 4, 5",11:00:00,17:00:00,10000,4,112,21,NULL,0,11,NULL,8,NULL,NULL,NULL,NULL,112,NULL,NULL,NULL,NULL,NULL,NULL
GOLCH - Hamilton - Sunday,,No,1,32837,32837,792,,7,12:00:00,18:00:00,10000,4,95,76,NULL,0,19,NULL,8,NULL,NULL,NULL,NULL,95,NULL,NULL,NULL,NULL,NULL,NULL
GOLCH - Napier - Sunday,,No,1,32837,32837,794,,7,14:00:00,20:00:00,10000,10,95,76,NULL,0,23,NULL,8,NULL,NULL,NULL,NULL,95,NULL,NULL,NULL,NULL,NULL,NULL
GOLCH - Palmerston North - Sunday,,No,1,32837,32837,795,,7,14:00:00,20:00:00,10000,6,95,76,NULL,0,22,NULL,8,NULL,NULL,NULL,NULL,95,NULL,NULL,NULL,NULL,NULL,NULL
GOLCH - Tauranga - Sunday,,No,1,32837,32837,793,,7,12:00:00,18:00:00,10000,3,95,76,NULL,0,20,NULL,8,2,NULL,NULL,NULL,95,NULL,NULL,NULL,NULL,NULL,NULL
GOLCH - Wellington - Sunday,,No,1,32837,32837,796,,7,12:00:00,18:00:00,10000,16,95,76,NULL,0,21,NULL,8,2,NULL,NULL,NULL,95,NULL,NULL,NULL,NULL,NULL,NULL
GOLCH - Whangarei - Express Next Day,,No,1,32837,32837,"1097, 1098, 1099, 1100",,"2, 3, 4, 5",07:00:00,12:00:00,10000,21,112,21,NULL,1,NULL,NULL,21,2,NULL,NULL,NULL,112,NULL,NULL,NULL,NULL,360,NULL
Halls Frozen,,No,1,35470,35470,"3961, 3962, 3963, 3964, 3965",,"1, 2, 3, 4, 5",07:00:00,17:00:00,10000,8,149,1,NULL,0,NULL,0,8,3,3,NULL,NULL,149,NULL,NULL,NULL,NULL,NULL,NULL
HAM Chilled,,No,1,32920,32920,1595,,5,12:00:00,17:00:00,10000,4,130,1,NULL,0,NULL,0,8,NULL,NULL,NULL,NULL,130,NULL,NULL,NULL,NULL,NULL,NULL
Hamilton,,No,1,33586,33586,"1517, 1518",,"2, 5",12:00:00,17:00:00,10000,4,112,21,Tuesday - Waikato premium delivery between 12 pm - 5 pm (Delivery guaranteed),0,11,0,8,NULL,NULL,NULL,NULL,112,NULL,2,NULL,NULL,NULL,NULL
Hamilton & Taupo Pallet Delivery,,No,1,36354,36354,"5976, 5977, 5978, 5979, 5980",,"1, 2, 3, 4, 5",07:00:00,12:00:00,10000,4,96,16,NULL,0,11,0,8,NULL,NULL,NULL,NULL,96,NULL,NULL,NULL,NULL,NULL,NULL
Hamilton - Auckland Afternoon Chilled #2,Hamilton - Auckland Afternoon Chilled,No,1,36991,36991,"11346, 11347, 11348, 11349, 11350",,"1, 2, 3, 4, 5",13:00:00,17:00:00,10000,8,123,22,Auckland Afternoon Chilled Delivery 1pm - 5pm Hamilton to Auckland,0,27,0,4,2,2,NULL,NULL,123,NULL,NULL,NULL,NULL,NULL,NULL
Hamilton - Auckland Morning Chilled,,Yes,1,36991,NULL,"1671, 1672, 1673, 1674, 2049","11351, 11352, 11353, 11354, 11355","1, 2, 3, 4, 5",07:00:00,12:00:00,10000,8,122,20,Auckland Morning Chilled Delivery 7am - 12pm Hamilton to Auckland,0,27,0,4,2,2,NULL,NULL,122,NULL,NULL,NULL,NULL,NULL,NULL
Hamilton - Auckland Morning Chilled #2,Hamilton - Auckland Morning Chilled,No,1,36745,36745,"12064, 12065, 12066, 12067, 12068",,"1, 2, 3, 4, 5",07:00:00,12:00:00,10000,8,122,68,Auckland Morning Chilled Delivery 7am - 12pm Hamilton to Auckland,0,27,1,4,2,2,NULL,59,122,NULL,NULL,NULL,NULL,NULL,NULL
Hamilton - Monday delivery,,No,1,32924,32924,711,,1,11:00:00,17:00:00,10000,4,111,97,"Live tracked, express delivery with New Zealand's premium courier company",0,NULL,NULL,8,NULL,NULL,NULL,NULL,111,NULL,NULL,NULL,NULL,NULL,NULL
Hamilton - Same Day,,No,1,32944,32944,"1276, 1277, 1278, 1279, 1280",,"1, 2, 3, 4, 5",11:00:00,17:00:00,10000,4,111,2,NULL,0,NULL,NULL,8,NULL,NULL,NULL,NULL,111,NULL,NULL,NULL,NULL,NULL,NULL
Hamilton - Taupo,,No,6,"31458, 31504, 31944, 31476, 31465, 31501",31458,"11943, 11944, 11945","11956, 11957, 11958, 11974, 11975, 11976, 11997, 11998, 11999, 12015, 12016, 12017, 12033, 12034, 12035","1, 3, 5",08:00:00,12:00:00,10000,4,128,16,NULL,1,11,1,4,NULL,NULL,127,90,128,1,NULL,0,NULL,NULL,NULL
Hamilton - Taupo #2,Hamilton - Taupo,No,1,36813,36813,"8876, 8877, 8878",,"1, 3, 5",08:00:00,12:00:00,10000,4,128,0,NULL,0,11,1,4,NULL,NULL,127,11,128,1,NULL,0,NULL,NULL,NULL
Hamilton - Taupo #3,Hamilton - Taupo,No,1,32587,32587,"12061, 12062, 12063",,"1, 3, 5",08:00:00,12:00:00,10000,4,128,16,NULL,1,11,0,4,NULL,NULL,127,90,128,1,NULL,0,NULL,NULL,NULL
Hamilton - Taupo Chilled,,No,1,36813,36813,"8879, 8880, 8881",,"1, 3, 5",08:00:00,12:00:00,10000,4,147,0,NULL,0,28,1,4,2,2,127,37,147,1,NULL,0,NULL,NULL,NULL
Hamilton - Thursday delivery,,No,1,32924,32924,710,,4,07:00:00,17:00:00,10000,4,112,45,"Live tracked, express delivery with New Zealand's premium courier company",0,11,NULL,8,NULL,NULL,NULL,NULL,112,NULL,NULL,NULL,NULL,NULL,NULL
Hamilton - Waikato Afternoon,,No,5,"31504, 31944, 31476, 31465, 31501",31504,"11959, 11960, 11961, 11962, 11963","11977, 11978, 11979, 11980, 11981, 12000, 12001, 12002, 12003, 12004, 12018, 12019, 12020, 12021, 12022, 12036, 12037, 12038, 12039, 12040","1, 2, 3, 4, 5",12:00:00,17:00:00,10000,4,128,3,NULL,1,11,1,4,1,1,127,90,128,1,NULL,0,NULL,NULL,NULL
Hamilton - Waikato Afternoon #2,Hamilton - Waikato Afternoon,No,2,"31796, 36813",31796,"11800, 11801, 11802, 11803, 11804","12311, 12312, 12313, 12314, 12315","1, 2, 3, 4, 5",12:00:00,17:00:00,10000,4,128,3,NULL,1,11,1,4,1,1,127,37,128,1,NULL,0,NULL,NULL,NULL
Hamilton - Waikato Afternoon #3,Hamilton - Waikato Afternoon,No,1,31458,31458,"11946, 11947, 11948, 11949, 11950",,"1, 2, 3, 4, 5",12:00:00,17:00:00,10000,4,128,1,NULL,1,11,1,4,1,1,127,90,128,1,NULL,0,NULL,NULL,NULL
Hamilton - Waikato Morning,,No,5,"31504, 31944, 31476, 31465, 31501",31504,"11964, 11965, 11966, 11967, 11968","11982, 11983, 11984, 11985, 11986, 11987, 11988, 11989, 11990, 11991, 12005, 12006, 12007, 12008, 12009, 12023, 12024, 12025, 12026, 12027, 12041, 12042, 12043, 12044, 12045","1, 2, 3, 4, 5",07:00:00,13:00:00,10000,4,128,16,NULL,1,11,1,4,1,1,127,90,128,1,NULL,0,NULL,NULL,NULL
Hamilton - Waikato Morning #2,Hamilton - Waikato Morning,No,1,31796,31796,"11707, 11708, 11709, 11710, 11711",,"1, 2, 3, 4, 5",07:30:00,13:00:00,10000,4,128,65,NULL,1,11,1,4,1,1,127,37,128,1,NULL,0,NULL,NULL,NULL
Hamilton - Waikato Morning #3,Hamilton - Waikato Morning,No,1,31458,31458,"11951, 11952, 11953, 11954, 11955, 12183, 12184, 12185, 12186, 12187",,"1, 2, 3, 4, 5",07:00:00,13:00:00,10000,4,128,14,NULL,1,11,1,4,1,1,127,90,128,1,NULL,0,NULL,NULL,NULL
Hamilton - Waikato Morning #4,Hamilton - Waikato Morning,No,1,36813,36813,"12316, 12317, 12318, 12319, 12320",,"1, 2, 3, 4, 5",07:00:00,13:00:00,10000,4,128,16,NULL,1,11,1,4,1,1,127,37,128,1,NULL,0,NULL,NULL,NULL
Hamilton 1 hour*10:00:00-11:00:00,,No,1,12671,12671,"1739, 1756, 1763, 1770, 1777, 1784, 1791",,"1, 2, 3, 4, 5, 6, 7",10:00:00,11:00:00,10000,4,99,0,Urgent Couriers 1 Hour carbon-neutral delivery with live tracking,1,16,0,4,NULL,NULL,NULL,NULL,99,NULL,NULL,NULL,NULL,NULL,NULL
Hamilton 1 hour*11:00:00-12:00:00,,No,1,12671,12671,"1740, 1757, 1764, 1771, 1778, 1785, 1792",,"1, 2, 3, 4, 5, 6, 7",11:00:00,12:00:00,10000,4,99,0,Urgent Couriers 1 Hour carbon-neutral delivery with live tracking,1,16,0,4,NULL,NULL,NULL,NULL,99,NULL,NULL,NULL,NULL,NULL,NULL
Hamilton 1 hour*12:00:00-13:00:00,,No,1,12671,12671,"1741, 1758, 1765, 1772, 1779, 1786, 1793",,"1, 2, 3, 4, 5, 6, 7",12:00:00,13:00:00,10000,4,99,0,Urgent Couriers 1 Hour carbon-neutral delivery with live tracking,1,16,0,4,NULL,NULL,NULL,NULL,99,NULL,NULL,NULL,NULL,NULL,NULL
Hamilton 1 hour*13:00:00-14:00:00,,No,1,12671,12671,"1742, 1759, 1766, 1773, 1780, 1787, 1794",,"1, 2, 3, 4, 5, 6, 7",13:00:00,14:00:00,10000,4,99,0,Urgent Couriers 1 Hour carbon-neutral delivery with live tracking,1,16,0,4,NULL,NULL,NULL,NULL,99,NULL,NULL,NULL,NULL,NULL,NULL
Hamilton 1 hour*14:00:00-15:00:00,,No,1,12671,12671,"1743, 1760, 1767, 1774, 1781, 1788, 1795",,"1, 2, 3, 4, 5, 6, 7",14:00:00,15:00:00,10000,4,99,0,Urgent Couriers 1 Hour carbon-neutral delivery with live tracking,1,16,0,4,NULL,NULL,NULL,NULL,99,NULL,NULL,NULL,NULL,NULL,NULL
Hamilton 1 hour*15:00:00-16:00:00,,No,1,12671,12671,"1744, 1761, 1768, 1775, 1782, 1789, 1796",,"1, 2, 3, 4, 5, 6, 7",15:00:00,16:00:00,10000,4,99,0,Urgent Couriers 1 Hour carbon-neutral delivery with live tracking,1,16,0,4,NULL,NULL,NULL,NULL,99,NULL,NULL,NULL,NULL,NULL,NULL
Hamilton 1 hour*16:00:00-17:00:00,,No,1,12671,12671,"1745, 1762, 1769, 1776, 1783, 1790, 1797",,"1, 2, 3, 4, 5, 6, 7",16:00:00,17:00:00,10000,4,99,0,Urgent Couriers 1 Hour carbon-neutral delivery with live tracking,1,16,0,4,NULL,NULL,NULL,NULL,99,NULL,NULL,NULL,NULL,NULL,NULL
Hamilton 12pm > AKL Next Day Run,,No,1,33103,33103,"3615, 3616, 3617, 3618, 3619",,"1, 2, 3, 4, 5",16:00:00,18:00:00,10000,8,145,4,Next Business Day Medical Delivery to Auckland,1,NULL,1,4,NULL,NULL,127,37,129,1,3,NULL,NULL,NULL,NULL
Hamilton 6pm > AKL Next Day Run,,No,1,33103,33103,"3610, 3611, 3612, 3613, 3614",,"1, 2, 3, 4, 5",11:00:00,13:00:00,10000,8,145,19,Next Business Day Medical Delivery to Auckland,1,NULL,1,4,NULL,NULL,127,37,129,1,3,NULL,NULL,NULL,NULL
Hamilton 8am > AKL Next Day Run,,No,1,33103,33103,"3605, 3606, 3607, 3608, 3609",,"1, 2, 3, 4, 5",11:00:00,13:00:00,10000,8,145,3,Next Business Day Medical Delivery to Auckland,1,NULL,1,4,NULL,NULL,127,37,129,1,3,NULL,NULL,NULL,NULL
Hamilton > Auckland Evening Delivery 6-9pm,,No,1,31721,31721,"8915, 8916, 8917, 8918, 8919",,"1, 2, 3, 4, 5",18:00:00,21:00:00,10000,8,141,6,NULL,0,62,1,4,1,1,127,37,141,1,NULL,NULL,NULL,NULL,NULL
Hamilton > Auckland Express 11am-1pm,,Yes,1,9196,NULL,"2303, 2304, 2305, 2306, 2307","7392, 7393, 7394, 7395, 7396, 7537, 7538, 7539, 7540, 7541","1, 2, 3, 4, 5",11:00:00,13:00:00,10000,8,145,68,NULL,1,NULL,1,4,1,1,127,37,145,1,3,NULL,NULL,NULL,NULL
Hamilton > Auckland Express 11am-1pm #2,Hamilton > Auckland Express 11am-1pm,No,1,36813,36813,"8920, 8921, 8922, 8923, 8924",,"1, 2, 3, 4, 5",11:00:00,13:00:00,10000,8,145,0,NULL,1,NULL,1,4,1,1,127,37,145,1,3,NULL,NULL,NULL,NULL
Hamilton > Auckland Express 4pm-6pm,,Yes,2,"9196, 31721",NULL,"2308, 2309, 2310, 2311, 2312","7397, 7398, 7399, 7400, 7401, 7542, 7543, 7544, 7545, 7546, 7607, 7608, 7609, 7610, 7611, 11697, 11698, 11699, 11700, 11701","1, 2, 3, 4, 5",16:00:00,18:00:00,10000,8,145,4,NULL,1,NULL,1,4,1,1,127,37,145,1,3,NULL,NULL,NULL,NULL
Hamilton > Auckland Express 4pm-6pm #2,Hamilton > Auckland Express 4pm-6pm,No,1,36813,36813,"8925, 8926, 8927, 8928, 8929",,"1, 2, 3, 4, 5",16:00:00,18:00:00,10000,8,145,0,NULL,1,NULL,1,4,1,1,127,37,145,1,3,NULL,NULL,NULL,NULL
Hamilton > Auckland Run 12pm-5pm,,No,1,9196,9196,"7402, 7403, 7404, 7405, 7406, 7547, 7548, 7549, 7550, 7551",,"1, 2, 3, 4, 5",12:00:00,17:00:00,10000,8,140,20,NULL,0,NULL,1,4,1,1,127,37,140,1,3,NULL,NULL,NULL,NULL
Hamilton > Auckland Run 6-9pm,,No,1,9196,9196,"7407, 7408, 7409, 7410, 7411, 7552, 7553, 7554, 7555, 7556",,"1, 2, 3, 4, 5",18:00:00,21:00:00,10000,8,141,6,NULL,0,61,1,4,1,1,127,37,141,1,3,NULL,NULL,NULL,NULL
Hamilton  > Aucland,,No,1,33108,33108,"12212, 12213, 12214, 12215, 12216",,"1, 2, 3, 4, 5",11:00:00,14:00:00,10000,4,129,1,Tauranga > Whakatane Run Book by 10:00am for same day delivery 2pm,1,NULL,1,4,NULL,NULL,127,NULL,129,1,NULL,1,90,NULL,NULL
Hamilton > BOP,,Yes,2,"9196, 36813",NULL,"2362, 2363, 2364, 2365, 2366","7457, 7458, 7459, 7460, 7461, 7532, 7533, 7534, 7535, 7536, 9000, 9001, 9002, 9003, 9004","1, 2, 3, 4, 5",09:00:00,12:00:00,10000,3,129,65,NULL,1,12,1,4,1,1,127,37,129,1,3,NULL,NULL,NULL,NULL
Hamilton > BOP #2,Hamilton > BOP,No,6,"31458, 31504, 31944, 31476, 31465, 31501",31458,"11938, 11939, 11940, 11941, 11942","11969, 11970, 11971, 11972, 11973, 11992, 11993, 11994, 11995, 11996, 12010, 12011, 12012, 12013, 12014, 12028, 12029, 12030, 12031, 12032, 12046, 12047, 12048, 12049, 12050","1, 2, 3, 4, 5",09:00:00,12:00:00,10000,3,129,65,NULL,1,12,1,4,1,1,127,90,129,1,3,NULL,NULL,NULL,NULL
Hamilton > BOP Morning,,No,1,31796,31796,"11702, 11703, 11704, 11705, 11706",,"1, 2, 3, 4, 5",09:30:00,12:00:00,10000,3,129,17,NULL,1,12,1,4,1,1,127,37,129,1,3,NULL,NULL,NULL,NULL
Hamilton > Tauranga afternoon,,Yes,3,"31796, 9196, 36813",NULL,"3099, 3100, 3101, 3102, 3103","5007, 5008, 5009, 5010, 5011, 7412, 7413, 7414, 7415, 7416, 7557, 7558, 7559, 7560, 7561, 9010, 9011, 9012, 9013, 9014","1, 2, 3, 4, 5",16:00:00,18:00:00,10000,3,129,4,NULL,1,12,1,4,1,1,127,37,129,1,3,NULL,NULL,NULL,NULL
Hamilton > Tauranga Chilled,,No,1,33127,33127,"1667, 11624, 11625, 11626",,"2, 3, 4, 5",07:00:00,17:00:00,10000,3,131,16,NULL,0,12,0,4,2,2,NULL,NULL,131,NULL,NULL,NULL,NULL,NULL,NULL
Hamilton > Waikato Local (NO Collection),,No,1,36266,36266,"8194, 8195, 8196, 8197, 8198",,"1, 2, 3, 4, 5",07:00:00,17:00:00,10000,4,128,16,Hamilton to Waikato Deliveries (No Collection),1,11,0,4,NULL,NULL,127,NULL,128,NULL,3,NULL,NULL,NULL,NULL
Hamilton > Waikato Morning,,Yes,1,32587,NULL,"10388, 10389, 10390, 10391, 10392","13671, 13672, 13673, 13674, 13675","1, 2, 3, 4, 5",07:00:00,13:00:00,10000,4,128,16,NULL,1,11,1,4,1,1,127,90,128,1,NULL,0,NULL,NULL,NULL
Hamilton Afternoon Cool,,No,1,33105,33105,"1056, 1057, 1058, 1059, 1061",,"1, 2, 3, 4, 5",13:00:00,17:00:00,10000,4,123,22,NULL,0,11,0,8,NULL,NULL,NULL,NULL,123,NULL,NULL,NULL,NULL,NULL,NULL
Hamilton Afternoon Home,,No,1,33095,33095,"1354, 1355",,"1, 2",11:00:00,17:00:00,10000,4,111,18,"Premium, live-tracked delivery",0,NULL,0,8,NULL,NULL,NULL,NULL,111,NULL,NULL,NULL,NULL,NULL,NULL
Hamilton Chilled 5am Run,,No,2,"33710, 34623",33710,"3262, 3263, 3264, 3265, 3266","6888, 6889, 6890, 6891, 6892","1, 2, 3, 4, 5",07:00:00,15:00:00,10000,4,130,16,Chilled delivery into Waikato leaving Akl 5am,0,28,0,8,2,2,NULL,NULL,130,NULL,NULL,NULL,NULL,NULL,NULL
Hamilton Chilled Pallet 5am Run,,No,1,18246,18246,"8287, 8288, 8289, 8291",,"2, 3, 4, 5",07:00:00,15:00:00,10000,4,130,24,Chilled delivery into Waikato leaving Akl 5am,0,28,0,8,2,2,NULL,NULL,130,NULL,NULL,NULL,NULL,NULL,NULL
Hamilton Express,,No,1,33049,33049,653,,4,12:00:00,17:00:00,10000,4,111,24,Premium live tracked delivery service,0,NULL,NULL,4,NULL,NULL,NULL,NULL,111,NULL,NULL,NULL,NULL,NULL,NULL
Hamilton Friday Delivery,,No,1,33098,33098,927,,5,12:00:00,17:00:00,10000,4,111,24,NULL,0,11,0,8,NULL,NULL,NULL,NULL,111,NULL,2,NULL,NULL,NULL,NULL
Hamilton Home Delivery,,No,1,34807,34807,"3910, 3911, 3912, 3913, 3914",,"1, 2, 3, 4, 5",08:00:00,17:00:00,10000,4,112,24,NULL,0,11,NULL,8,NULL,NULL,NULL,NULL,112,NULL,NULL,NULL,NULL,NULL,NULL
Hamilton Local Chilled #2,Hamilton Local Chilled,No,1,36459,36459,"6288, 6289, 6290, 6291, 6292",,"1, 2, 3, 4, 5",07:00:00,17:00:00,10000,4,130,16,Hamilton to Hamilton Deliveries.  Zone 1 Only,0,28,0,4,2,2,NULL,NULL,130,NULL,5,NULL,NULL,NULL,NULL
Hamilton Local Chilled #3,Hamilton Local Chilled,No,1,36813,36813,"8882, 8883, 8884, 8885, 8886",,"1, 2, 3, 4, 5",07:00:00,17:00:00,10000,4,130,0,Hamilton to Hamilton Deliveries.  Zone 1 Only,0,28,0,4,2,2,NULL,NULL,130,NULL,5,NULL,NULL,NULL,NULL
Hamilton Local Chilled - Friday,,No,1,33127,33127,1666,,5,07:00:00,17:00:00,10000,4,130,16,,0,11,0,4,NULL,NULL,NULL,NULL,130,NULL,NULL,NULL,NULL,NULL,NULL
Hamilton Local Chilled - Monday,,No,1,33127,33127,1662,,1,07:00:00,17:00:00,10000,4,130,16,,0,11,0,4,NULL,NULL,NULL,NULL,130,NULL,NULL,NULL,NULL,NULL,NULL
Hamilton Local Chilled - Thursday,,No,1,33127,33127,1665,,4,07:00:00,17:00:00,10000,4,130,16,,0,11,0,4,NULL,NULL,NULL,NULL,130,NULL,NULL,NULL,NULL,NULL,NULL
Hamilton Local Chilled - Tuesday,,No,1,33127,33127,1663,,2,07:00:00,17:00:00,10000,4,130,16,,0,11,0,4,NULL,NULL,NULL,NULL,130,NULL,NULL,NULL,NULL,NULL,NULL
Hamilton Local Chilled - Wednesday,,No,1,33127,33127,1664,,3,07:00:00,17:00:00,10000,4,130,16,,0,11,0,4,NULL,NULL,NULL,NULL,130,NULL,NULL,NULL,NULL,NULL,NULL
Hamilton P2P 180 min 10am,,No,1,33772,33772,"1609, 1615, 1623, 1630, 1637",,"1, 2, 3, 4, 5",10:00:00,13:00:00,10000,4,101,1,NULL,1,NULL,0,4,NULL,NULL,NULL,NULL,101,NULL,NULL,NULL,NULL,NULL,NULL
Hamilton P2P 180 min 11am,,No,1,33772,33772,"1610, 1616, 1624, 1631, 1638",,"1, 2, 3, 4, 5",11:00:00,14:00:00,10000,4,101,1,NULL,1,NULL,0,4,NULL,NULL,NULL,NULL,101,NULL,NULL,NULL,NULL,NULL,NULL
Hamilton P2P 180 min 12pm,,No,1,33772,33772,"1611, 1618, 1625, 1632, 1639",,"1, 2, 3, 4, 5",12:00:00,15:00:00,10000,4,101,1,NULL,1,NULL,0,4,NULL,NULL,NULL,NULL,101,NULL,NULL,NULL,NULL,NULL,NULL
Hamilton P2P 180 min 1pm,,No,1,33772,33772,"1612, 1619, 1626, 1633, 1640",,"1, 2, 3, 4, 5",13:00:00,16:00:00,10000,4,101,1,NULL,1,NULL,0,4,NULL,NULL,NULL,NULL,101,NULL,NULL,NULL,NULL,NULL,NULL
Hamilton P2P 180 min 2pm,,No,1,33772,33772,"1613, 1620, 1627, 1634, 1641",,"1, 2, 3, 4, 5",14:00:00,17:00:00,10000,4,101,1,NULL,1,NULL,0,4,NULL,NULL,NULL,NULL,101,NULL,NULL,NULL,NULL,NULL,NULL
Hamilton P2P 180 min 3pm,,No,1,33772,33772,"1614, 1621, 1628, 1635, 1642",,"1, 2, 3, 4, 5",15:00:00,18:00:00,10000,4,101,1,NULL,1,NULL,0,4,NULL,NULL,NULL,NULL,101,NULL,NULL,NULL,NULL,NULL,NULL
Hamilton P2P 180 min 9am,,No,1,33772,33772,"1608, 1617, 1622, 1629, 1636",,"1, 2, 3, 4, 5",09:00:00,12:00:00,10000,4,101,1,NULL,1,NULL,0,4,NULL,NULL,NULL,NULL,101,NULL,NULL,NULL,NULL,NULL,NULL
Hamilton Same day,,No,1,15521,15521,"930, 931, 932, 933, 934",,"1, 2, 3, 4, 5",12:00:00,17:00:00,10000,4,111,2,NULL,0,11,1,8,NULL,NULL,NULL,NULL,111,1,2,NULL,NULL,NULL,NULL
Hamilton Same Day Run,,No,1,12671,12671,"1746, 1798, 1799, 1800, 1801, 1802, 1803",,"1, 2, 3, 4, 5, 6, 7",12:00:00,17:00:00,10000,4,53,0,Urgent Couriers Same Day carbon neutral delivery with live tracking,1,16,0,4,NULL,NULL,NULL,NULL,53,NULL,NULL,NULL,NULL,NULL,NULL
Hamilton Sunday 12pm - 6pm,,No,1,32335,32335,4995,,7,12:00:00,18:00:00,10000,4,95,45,NULL,0,19,1,8,2,1,127,NULL,95,1,2,1,2670,NULL,NULL
Hamilton Thursday Delivery,,No,1,33098,33098,1398,,4,12:00:00,17:00:00,10000,4,111,24,NULL,0,NULL,0,8,NULL,NULL,NULL,NULL,111,NULL,2,NULL,NULL,NULL,NULL
Hamilton to CHCH,,No,1,32929,32929,7374,,4,12:00:00,17:00:00,10000,20,94,56,NULL,0,67,0,4,NULL,NULL,NULL,NULL,94,NULL,NULL,0,NULL,NULL,NULL
Hamilton Wednesday Delivery,,No,1,33098,33098,925,,3,12:00:00,17:00:00,10000,4,111,24,NULL,0,NULL,0,8,NULL,NULL,NULL,NULL,111,NULL,2,NULL,NULL,NULL,NULL
Hamilton Weds Regional,,No,2,"32853, 31654",32853,502,503,3,08:00:00,17:00:00,10000,4,112,24,NULL,0,NULL,NULL,4,NULL,NULL,NULL,NULL,112,NULL,NULL,NULL,NULL,NULL,NULL
HB - Hamilton to BOP,,No,1,37339,37339,"13532, 13533, 13534, 13535, 13536",,"1, 2, 3, 4, 5",09:00:00,12:00:00,10000,3,129,65,NULL,1,12,1,4,1,1,127,37,129,1,3,NULL,NULL,NULL,NULL
HB - Hamilton to Tauranga Afternoon,,No,1,37339,37339,"13537, 13538, 13539, 13540, 13541",,"1, 2, 3, 4, 5",16:00:00,18:00:00,10000,3,129,4,NULL,1,12,1,4,1,1,127,37,129,1,3,NULL,NULL,NULL,NULL
HB - Hamilton to Waikato Afternoon,,No,1,37339,37339,"13527, 13528, 13529, 13530, 13531",,"1, 2, 3, 4, 5",12:00:00,17:00:00,10000,4,128,3,NULL,1,11,1,4,1,1,127,37,128,1,NULL,0,NULL,NULL,NULL
HB - Hamilton to Waikato Morning,,No,1,37339,37339,"13522, 13523, 13524, 13525, 13526",,"1, 2, 3, 4, 5",07:00:00,13:00:00,10000,4,128,16,NULL,1,11,1,4,1,1,127,37,128,1,NULL,0,NULL,NULL,NULL
HB - Tauranga to Waikato Afternoon,,No,2,"37352, 37354",37352,"13502, 13503, 13504, 13505, 13506","13542, 13543, 13544, 13545, 13546","1, 2, 3, 4, 5",12:30:00,18:00:00,10000,4,129,3,NULL,1,11,1,3,1,1,127,52,129,1,6,NULL,NULL,NULL,NULL
HB - Tauranga to Waikato Morning,,No,2,"37352, 37354",37352,"13492, 13493, 13494, 13495, 13496","13547, 13548, 13549, 13550, 13551","1, 2, 3, 4, 5",07:00:00,12:00:00,10000,4,129,64,NULL,1,11,1,3,1,1,127,52,129,1,6,NULL,NULL,NULL,NULL
HB - Tauranga to Whakatane,,No,2,"37354, 37352",37354,"13512, 13513, 13514, 13515, 13516","13517, 13518, 13519, 13520, 13521","1, 2, 3, 4, 5",11:00:00,14:00:00,10000,3,129,1,NULL,1,12,1,3,NULL,NULL,127,NULL,129,1,NULL,0,NULL,NULL,NULL
HB - Whakatane to Tauranga,,No,2,"37352, 37354",37352,"13562, 13563, 13564, 13565, 13566","13567, 13568, 13569, 13570, 13571","1, 2, 3, 4, 5",12:00:00,17:00:00,10000,3,129,1,NULL,1,12,1,3,NULL,NULL,127,53,129,1,NULL,0,NULL,NULL,NULL
HD Welly,,No,1,34079,34079,1880,,7,14:00:00,20:00:00,10000,16,95,10,NULL,0,NULL,0,16,NULL,NULL,NULL,NULL,95,NULL,NULL,NULL,NULL,NULL,NULL
Henning Harder - Napier Chilled Pallets,,No,1,34106,34106,"7317, 7318, 7319, 7320, 7321, 7322",,"1, 2, 3, 4, 5, 6",06:00:00,11:00:00,10000,10,147,17,,0,NULL,0,10,2,2,124,NULL,147,NULL,NULL,NULL,NULL,NULL,NULL
Henning Harder - Wellington Chilled Pallets,,No,1,34106,34106,"7058, 7059, 7060, 7061, 7062, 7063",,"1, 2, 3, 4, 5, 6",06:00:00,11:00:00,10000,16,147,17,,0,26,0,16,2,2,124,NULL,147,NULL,NULL,NULL,NULL,NULL,NULL
HF last Minute,,No,1,33094,33094,1688,,3,07:00:00,19:00:00,10000,8,96,1,NULL,0,NULL,0,8,NULL,NULL,NULL,NULL,96,NULL,NULL,NULL,NULL,NULL,NULL
HF Monday Home Delivery Auckland,,No,1,17921,17921,2133,,1,07:00:00,17:00:00,10000,8,96,48,NULL,NULL,41,NULL,8,NULL,NULL,NULL,NULL,96,NULL,NULL,NULL,NULL,NULL,NULL
HF Monday Tauranga Special,,No,1,17921,17921,4748,,1,08:00:00,17:00:00,10000,3,96,48,NULL,NULL,47,NULL,3,NULL,1,NULL,NULL,96,NULL,NULL,NULL,NULL,NULL,NULL
HF Monday Waiheke,,No,1,17921,17921,2123,,1,10:00:00,17:00:00,10000,8,96,24,NULL,NULL,41,NULL,8,NULL,NULL,NULL,NULL,96,NULL,NULL,NULL,NULL,NULL,NULL
HF Saturday Home Delivery Auckland,,No,1,17921,17921,2132,,6,08:00:00,17:00:00,10000,8,96,24,NULL,NULL,41,NULL,8,NULL,NULL,NULL,NULL,96,NULL,NULL,NULL,NULL,NULL,NULL
HF Saturday Home Delivery Hamilton,,No,1,17921,17921,2126,,6,08:00:00,17:00:00,10000,4,96,36,NULL,NULL,44,NULL,4,NULL,NULL,NULL,NULL,96,NULL,NULL,NULL,NULL,NULL,NULL
HF Saturday Home Delivery Napier,,No,1,17921,17921,2127,,6,08:00:00,17:00:00,10000,10,96,24,NULL,NULL,45,NULL,10,NULL,NULL,NULL,NULL,96,NULL,NULL,NULL,NULL,NULL,NULL
HF Saturday Home Delivery Tauranga,,No,1,17921,17921,2129,,6,08:00:00,17:00:00,10000,3,96,8,NULL,NULL,47,NULL,3,NULL,NULL,NULL,NULL,96,NULL,NULL,NULL,NULL,NULL,NULL
HF Saturday Home Delivery Wellington,,No,1,17921,17921,2128,,6,08:00:00,17:00:00,10000,16,96,24,NULL,NULL,48,NULL,16,NULL,NULL,NULL,NULL,96,NULL,NULL,NULL,NULL,NULL,NULL
HF Sunday Cromwell,,No,1,17921,17921,2140,,7,07:30:00,17:00:00,10000,25,96,48,NULL,0,NULL,NULL,25,NULL,NULL,NULL,NULL,96,NULL,NULL,NULL,NULL,NULL,NULL
HF Sunday HF Taranaki,,No,1,17921,17921,89,,7,08:00:00,19:00:00,10000,12,96,48,NULL,NULL,NULL,NULL,12,NULL,NULL,NULL,NULL,96,NULL,NULL,NULL,NULL,NULL,NULL
HF Sunday Home Delivery Auckland,,No,1,17921,17921,2115,,7,08:00:00,20:00:00,10000,8,96,48,NULL,NULL,41,NULL,8,NULL,NULL,NULL,NULL,96,NULL,NULL,NULL,NULL,NULL,NULL
HF Sunday Home Delivery Blenheim,,No,1,17921,17921,"2121, 4747",,7,09:00:00,20:00:00,10000,15,96,47,NULL,NULL,NULL,NULL,15,NULL,NULL,NULL,NULL,96,NULL,NULL,NULL,NULL,NULL,NULL
HF Sunday Home Delivery Christchurch,,No,1,17921,17921,2120,,7,09:00:00,20:00:00,10000,20,96,48,NULL,NULL,42,NULL,20,NULL,NULL,NULL,NULL,96,NULL,NULL,NULL,NULL,NULL,NULL
HF Sunday Home Delivery Dunedin,,No,1,17921,17921,2122,,7,09:00:00,20:00:00,10000,17,96,48,NULL,NULL,43,NULL,17,NULL,NULL,NULL,NULL,96,NULL,NULL,NULL,NULL,NULL,NULL
HF Sunday Home Delivery Hamilton,,No,1,17921,17921,2116,,7,08:00:00,20:00:00,10000,4,96,36,NULL,NULL,44,NULL,4,NULL,NULL,NULL,NULL,96,NULL,NULL,NULL,NULL,NULL,NULL
HF Sunday Home Delivery Invercargill,,No,1,17921,17921,2130,,7,08:00:00,17:00:00,10000,19,96,48,NULL,NULL,NULL,NULL,19,NULL,NULL,NULL,NULL,96,NULL,NULL,NULL,NULL,NULL,NULL
HF Sunday Home Delivery Napier,,No,1,17921,17921,2125,,7,09:00:00,20:00:00,10000,10,96,36,NULL,NULL,45,NULL,10,NULL,1,NULL,NULL,96,NULL,NULL,NULL,NULL,NULL,NULL
HF Sunday Home Delivery Nelson,,No,1,17921,17921,2124,,7,08:00:00,17:00:00,10000,24,96,48,NULL,NULL,NULL,NULL,24,NULL,NULL,NULL,NULL,96,NULL,NULL,NULL,NULL,NULL,NULL
HF Sunday Home Delivery Palmerston North,,No,1,17921,17921,2119,,7,09:00:00,20:00:00,10000,6,96,36,NULL,NULL,46,NULL,6,NULL,NULL,NULL,NULL,96,NULL,NULL,NULL,NULL,NULL,NULL
HF Sunday Home Delivery Tauranga,,No,1,17921,17921,2118,,7,08:00:00,20:00:00,10000,3,96,8,NULL,NULL,47,NULL,3,NULL,NULL,NULL,NULL,96,NULL,NULL,NULL,NULL,NULL,NULL
HF Sunday Home Delivery Timaru,,No,1,17921,17921,4746,,7,08:00:00,17:00:00,10000,26,96,12,NULL,NULL,NULL,NULL,26,NULL,NULL,NULL,NULL,96,NULL,NULL,NULL,NULL,NULL,NULL
HF Sunday Home Delivery Wellington,,No,1,17921,17921,"2117, 6717",,"2, 7",07:00:00,19:00:00,10000,16,96,36,NULL,NULL,48,NULL,16,NULL,NULL,NULL,NULL,96,NULL,NULL,NULL,NULL,NULL,NULL
HF Sunday Queenstown,,No,1,17921,17921,2139,,7,07:30:00,17:00:00,10000,23,96,48,NULL,0,NULL,NULL,23,NULL,NULL,NULL,NULL,96,NULL,NULL,NULL,NULL,NULL,NULL
HF Thursday Home Delivery Auckland,,No,1,17921,17921,2136,,4,08:00:00,17:00:00,10000,8,96,48,NULL,NULL,41,NULL,8,NULL,NULL,NULL,NULL,96,NULL,NULL,NULL,NULL,NULL,NULL
HF Tue CHC Special,,No,1,17921,17921,461,,2,08:00:00,19:00:00,10000,20,96,0,Monday Special,0,42,NULL,20,NULL,NULL,NULL,NULL,96,NULL,NULL,NULL,NULL,NULL,NULL
HF Tue Cromwell Special,,No,1,17921,17921,1861,,2,07:00:00,19:00:00,10000,25,96,24,,0,NULL,NULL,25,NULL,NULL,NULL,NULL,96,NULL,NULL,NULL,NULL,NULL,NULL
HF Tue DUD Special,,No,1,17921,17921,460,,2,08:00:00,18:00:00,10000,17,96,0,Monday Special for Dunedin,0,43,NULL,17,NULL,NULL,NULL,NULL,96,NULL,NULL,NULL,NULL,NULL,NULL
HF Tue IVC Special,,No,1,17921,17921,459,,2,08:00:00,18:00:00,10000,19,96,0,Monday Special for Invercargill,0,NULL,NULL,19,NULL,NULL,NULL,NULL,96,NULL,NULL,NULL,NULL,NULL,NULL
HF Tue NSN Special,,No,1,17921,17921,1863,,2,07:00:00,19:00:00,10000,24,96,24,,0,NULL,NULL,24,NULL,NULL,NULL,NULL,96,NULL,NULL,NULL,NULL,NULL,NULL
HF Tuesday HF Hamilton,,No,1,17921,17921,48,,2,08:00:00,17:00:00,10000,4,96,24,NULL,NULL,44,NULL,4,NULL,NULL,NULL,NULL,96,NULL,NULL,NULL,NULL,NULL,NULL
HF Tuesday Home Delivery Auckland,,No,1,17921,17921,2134,,2,07:00:00,17:00:00,10000,8,96,48,NULL,NULL,41,NULL,8,NULL,NULL,NULL,NULL,96,NULL,NULL,NULL,NULL,NULL,NULL
HF Tuesday NPR Special,,No,1,17921,17921,463,,2,08:00:00,18:00:00,10000,10,96,0,Tuesday Special for Napier,0,45,NULL,10,NULL,NULL,NULL,NULL,96,NULL,NULL,NULL,NULL,NULL,NULL
HF Tuesday PMR Special,,No,1,17921,17921,462,,2,08:00:00,18:00:00,10000,6,96,0,Tuesday Special for Palmy,0,46,NULL,6,NULL,NULL,NULL,NULL,96,NULL,NULL,NULL,NULL,NULL,NULL
HF Tuesday Waiheke,,No,1,17921,17921,2131,,2,10:00:00,17:00:00,10000,8,96,24,NULL,NULL,41,NULL,8,NULL,NULL,NULL,NULL,96,NULL,NULL,NULL,NULL,NULL,NULL
HF Wed Home Delivery Gisborne,,No,1,17921,17921,2137,,3,08:30:00,16:00:00,10000,22,96,48,NULL,0,NULL,NULL,22,NULL,NULL,NULL,NULL,96,NULL,NULL,NULL,NULL,NULL,NULL
HF Wednesday Home Delivery Auckland,,No,1,17921,17921,2135,,3,07:00:00,17:00:00,10000,8,96,48,NULL,NULL,41,NULL,8,NULL,NULL,NULL,NULL,96,NULL,NULL,NULL,NULL,NULL,NULL
HF Wednesday Whangarei,,No,1,17921,17921,2138,,3,08:00:00,16:00:00,10000,21,96,48,NULL,1,NULL,NULL,21,NULL,NULL,NULL,NULL,96,NULL,NULL,NULL,NULL,360,NULL
HLZ > AKL Day Run,,No,15,"3191, 16947, 16513, 18188, 13713, 504, 9477, 14763, 18185, 13822, 13773, 35755, 169, 36672, 36739",3191,"3073, 3074, 3075, 3076, 3077","3425, 3426, 3427, 3428, 3429, 3470, 3471, 3472, 3473, 3474, 3515, 3516, 3517, 3518, 3519, 3560, 3561, 3562, 3563, 3564, 3650, 3651, 3652, 3653, 3654, 3740, 3741, 3742, 3743, 3744, 3785, 3786, 3787, 3788, 3789, 3830, 3831, 3832, 3833, 3834, 4827, 4828, 4829, 4830, 4831, 4902, 4903, 4904, 4905, 4906, 6333, 6334, 6335, 6336, 6337, 6938, 6939, 6940, 6941, 6942, 7094, 7095, 7096, 7097, 7098, 8640, 8641, 8642, 8643, 8644","1, 2, 3, 4, 5",11:00:00,13:00:00,10000,8,145,3,Sameday Medical Delivery to Auckland.,1,NULL,1,4,NULL,NULL,127,60,129,1,3,NULL,NULL,NULL,NULL
HLZ > AKL Day Run #2,HLZ > AKL Day Run,No,2,"14582, 14578",14582,"3380, 3381, 3382, 3383, 3384","3695, 3696, 3697, 3698, 3699","1, 2, 3, 4, 5",11:00:00,13:00:00,10000,8,145,3,Book by 8 am for Same-day Medical Delivery to Auckland.,1,NULL,1,4,NULL,NULL,127,60,129,1,3,NULL,NULL,NULL,NULL
HLZ > AKL Day Run #3,HLZ > AKL Day Run,No,1,14927,14927,"3335, 3336, 3337, 3338, 3339",,"1, 2, 3, 4, 5",11:00:00,13:00:00,10000,8,145,3,Book by 8am | Sameday Medical Delivery to Auckland.,1,NULL,1,4,NULL,NULL,127,60,129,1,3,NULL,NULL,NULL,NULL
HLZ > AKL Day Run #4,HLZ > AKL Day Run,No,1,32946,32946,"10114, 10115, 10116, 10117, 10118",,"1, 2, 3, 4, 5",11:00:00,13:00:00,10000,8,145,3,Sameday Medical Delivery to Auckland,1,NULL,1,4,NULL,NULL,127,60,129,1,3,NULL,NULL,NULL,NULL
HLZ > AKL Next Day Run,,No,17,"3191, 14582, 16947, 16513, 18188, 13713, 504, 9477, 14763, 18185, 13822, 13773, 35755, 169, 36672, 36739, 32946",3191,"3287, 3288, 3289, 3290, 3291","3385, 3386, 3387, 3388, 3389, 3430, 3431, 3432, 3433, 3434, 3475, 3476, 3477, 3478, 3479, 3520, 3521, 3522, 3523, 3524, 3565, 3566, 3567, 3568, 3569, 3655, 3656, 3657, 3658, 3659, 3745, 3746, 3747, 3748, 3749, 3790, 3791, 3792, 3793, 3794, 3835, 3836, 3837, 3838, 3839, 4832, 4833, 4834, 4835, 4836, 4907, 4908, 4909, 4910, 4911, 6338, 6339, 6340, 6341, 6342, 6943, 6944, 6945, 6946, 6947, 7099, 7100, 7101, 7102, 7103, 8645, 8646, 8647, 8648, 8649, 10119, 10120, 10121, 10122, 10123","1, 2, 3, 4, 5",11:00:00,13:00:00,10000,8,145,19,Next Business Day Medical Delivery to Auckland,1,NULL,1,4,NULL,NULL,127,60,129,1,3,NULL,NULL,NULL,NULL
HLZ > AKL Next Day Run #2,HLZ > AKL Next Day Run,No,1,14927,14927,"3340, 3341, 3342, 3343, 3344",,"1, 2, 3, 4, 5",11:00:00,13:00:00,10000,8,145,19,Book by 4pm | Next Business Day Medical Delivery to Auckland,1,NULL,1,4,NULL,NULL,127,60,129,1,3,NULL,NULL,NULL,NULL
HLZ > AKL Next Day Run #3,HLZ > AKL Next Day Run,No,1,14578,14578,"3700, 3701, 3702, 3703, 3704",,"1, 2, 3, 4, 5",11:00:00,13:00:00,10000,8,145,19,Book by 4 pm for Next Business Day Medical Delivery to Auckland,1,NULL,1,4,NULL,NULL,127,60,129,1,3,NULL,NULL,NULL,NULL
HLZ > AKL PM Day Run,,No,16,"3191, 14582, 16947, 16513, 18188, 13713, 504, 9477, 14763, 18185, 13822, 13773, 35755, 169, 36672, 36739",3191,"3109, 3110, 3111, 3112, 3113","3390, 3391, 3392, 3393, 3394, 3435, 3436, 3437, 3438, 3439, 3480, 3481, 3482, 3483, 3484, 3525, 3526, 3527, 3528, 3529, 3570, 3571, 3572, 3573, 3574, 3660, 3661, 3662, 3663, 3664, 3750, 3751, 3752, 3753, 3754, 3795, 3796, 3797, 3798, 3799, 3840, 3841, 3842, 3843, 3844, 4837, 4838, 4839, 4840, 4841, 4912, 4913, 4914, 4915, 4916, 6343, 6344, 6345, 6346, 6347, 6948, 6949, 6950, 6951, 6952, 7104, 7105, 7106, 7107, 7108, 8650, 8651, 8652, 8653, 8654","1, 2, 3, 4, 5",16:00:00,18:00:00,10000,8,145,4,Sameday Afternoon Medical Delivery to Auckland,1,NULL,1,4,NULL,NULL,127,60,129,1,3,NULL,NULL,NULL,NULL
HLZ > AKL PM Day Run #2,HLZ > AKL PM Day Run,No,1,14927,14927,"3345, 3346, 3347, 3348, 3349",,"1, 2, 3, 4, 5",16:00:00,18:00:00,10000,8,145,4,Book by 12pm | Sameday Afternoon Medical Delivery to Auckland,1,NULL,1,4,NULL,NULL,127,60,145,1,3,NULL,NULL,NULL,NULL
HLZ > AKL PM Day Run #3,HLZ > AKL PM Day Run,No,1,14578,14578,"3705, 3706, 3707, 3708, 3709",,"1, 2, 3, 4, 5",16:00:00,18:00:00,10000,8,145,4,Book by 12 pm for Same-day Afternoon Medical Delivery to Auckland,1,NULL,1,4,NULL,NULL,127,60,129,1,3,NULL,NULL,NULL,NULL
HLZ > AKL PM Day Run #4,HLZ > AKL PM Day Run,No,1,32946,32946,"10124, 10125, 10126, 10127, 10128",,"1, 2, 3, 4, 5",16:00:00,18:00:00,10000,8,145,4,Sameday Afternoon Medical Delivery to Auckland,1,NULL,1,4,NULL,NULL,127,60,145,1,3,NULL,NULL,NULL,NULL
HLZ HD Service,,No,1,32777,32777,714,,4,08:30:00,17:30:00,10000,4,111,0,NULL,0,NULL,NULL,4,NULL,NULL,NULL,NULL,111,NULL,NULL,NULL,NULL,NULL,NULL
HLZ XMAS HF,,No,1,17921,17921,"6427, 6428",,"1, 2",07:00:00,19:00:00,10000,4,121,2,,0,44,NULL,4,NULL,1,NULL,NULL,121,NULL,NULL,NULL,NULL,NULL,NULL
Hobbs Global - Waikato/Rotorua Chilled,,No,1,1212,1212,"9909, 9910, 9911, 9912, 9913",,"1, 2, 3, 4, 5",07:00:00,17:00:00,10000,4,130,16,NULL,1,28,0,8,2,2,NULL,NULL,130,NULL,NULL,NULL,NULL,NULL,NULL
HTOWN ROAD RUN TEST,,No,1,32929,32929,13444,,5,10:00:00,12:00:00,10000,4,102,0,NULL,0,NULL,0,8,NULL,NULL,NULL,NULL,102,NULL,NULL,0,NULL,NULL,NULL
Hyper Ride 2 - 3 Hour Service 10am,,No,2,"15744, 32929",15744,"2983, 2984, 2986, 2987, 6781","13332, 13333, 13334, 13335, 13336","1, 2, 3, 4, 5",10:00:00,12:00:00,10000,8,153,1,NULL,1,62,0,8,1,1,NULL,NULL,25,NULL,NULL,NULL,NULL,NULL,NULL
Hyper Ride 2 - 3 Hour Service 10am #2,Hyper Ride 2 - 3 Hour Service 10am,No,1,17827,17827,"2919, 2920, 2921, 2922, 6790",,"1, 2, 3, 4, 5",10:00:00,12:00:00,10000,8,25,1,NULL,1,NULL,0,8,1,1,NULL,NULL,25,NULL,NULL,NULL,NULL,NULL,NULL
Hyper Ride 2 - 3 Hour Service 11am,,No,1,17827,17827,"2923, 2924, 2925, 2926, 6791",,"1, 2, 3, 4, 5",11:00:00,13:00:00,10000,8,153,1,NULL,1,NULL,0,8,1,1,NULL,NULL,153,NULL,NULL,NULL,NULL,NULL,NULL
Hyper Ride 2 - 3 Hour Service 11am #2,Hyper Ride 2 - 3 Hour Service 11am,No,1,15744,15744,"2978, 2979, 2980, 2982, 6782",,"1, 2, 3, 4, 5",11:00:00,13:00:00,10000,8,25,1,NULL,1,NULL,0,8,1,1,NULL,NULL,25,NULL,NULL,NULL,NULL,NULL,NULL
Hyper Ride 2 - 3 Hour Service 12pm,,No,1,17827,17827,"2928, 2929, 2931, 2932, 6792",,"1, 2, 3, 4, 5",12:00:00,14:00:00,10000,8,153,1,NULL,1,NULL,0,8,1,1,NULL,NULL,153,NULL,NULL,NULL,NULL,NULL,NULL
Hyper Ride 2 - 3 Hour Service 12pm #2,Hyper Ride 2 - 3 Hour Service 12pm,No,1,15744,15744,"2973, 2975, 2976, 2977, 6783",,"1, 2, 3, 4, 5",12:00:00,14:00:00,10000,8,25,1,NULL,1,NULL,0,8,1,1,NULL,NULL,25,NULL,NULL,NULL,NULL,NULL,NULL
Hyper Ride 2 - 3 Hour Service 1pm,,No,1,17827,17827,"2933, 2934, 2935, 2937, 6793",,"1, 2, 3, 4, 5",13:00:00,15:00:00,10000,8,153,1,NULL,1,NULL,0,8,1,1,NULL,NULL,153,NULL,NULL,NULL,NULL,NULL,NULL
Hyper Ride 2 - 3 Hour Service 1pm #2,Hyper Ride 2 - 3 Hour Service 1pm,No,1,15744,15744,"2968, 2969, 2970, 2972, 6784",,"1, 2, 3, 4, 5",13:00:00,15:00:00,10000,8,25,1,NULL,1,NULL,0,8,1,1,NULL,NULL,25,NULL,NULL,NULL,NULL,NULL,NULL
Hyper Ride 2 - 3 Hour Service 2pm,,No,1,17827,17827,"2938, 2940, 2941, 2942, 6794",,"1, 2, 3, 4, 5",14:00:00,16:00:00,10000,8,153,1,NULL,1,NULL,0,8,1,1,NULL,NULL,153,NULL,NULL,NULL,NULL,NULL,NULL
Hyper Ride 2 - 3 Hour Service 2pm #2,Hyper Ride 2 - 3 Hour Service 2pm,No,1,15744,15744,"2963, 2964, 2965, 2967, 6785",,"1, 2, 3, 4, 5",14:00:00,16:00:00,10000,8,25,1,NULL,1,NULL,0,8,1,1,NULL,NULL,25,NULL,NULL,NULL,NULL,NULL,NULL
Hyper Ride 2 - 3 Hour Service 3pm,,No,1,17827,17827,"2943, 2944, 2946, 2947, 6795",,"1, 2, 3, 4, 5",15:00:00,17:00:00,10000,8,153,1,NULL,1,NULL,0,8,1,1,NULL,NULL,153,NULL,NULL,NULL,NULL,NULL,NULL
Hyper Ride 2 - 3 Hour Service 3pm #2,Hyper Ride 2 - 3 Hour Service 3pm,No,1,15744,15744,"2958, 2959, 2960, 2962, 6786",,"1, 2, 3, 4, 5",15:00:00,17:00:00,10000,8,25,1,NULL,1,NULL,0,8,1,1,NULL,NULL,25,NULL,NULL,NULL,NULL,NULL,NULL
Hyper Ride 2 - 3 Hour Service 4pm,,No,1,17827,17827,"2948, 2950, 2951, 2952, 6796",,"1, 2, 3, 4, 5",16:00:00,18:00:00,10000,8,153,1,NULL,1,NULL,0,8,1,1,NULL,NULL,153,NULL,NULL,NULL,NULL,NULL,NULL
Hyper Ride 2 - 3 Hour Service 4pm #2,Hyper Ride 2 - 3 Hour Service 4pm,No,1,15744,15744,"2953, 2954, 2955, 2957, 6787",,"1, 2, 3, 4, 5",16:00:00,18:00:00,10000,8,25,1,NULL,1,NULL,0,8,1,1,NULL,NULL,25,NULL,NULL,NULL,NULL,NULL,NULL
Hyper Ride 2 - 3 Hour Service 9am,,No,1,15744,15744,"2898, 2899, 2900, 2901, 6788",,"1, 2, 3, 4, 5",09:00:00,11:00:00,10000,8,25,1,NULL,1,NULL,0,8,1,1,NULL,NULL,25,NULL,NULL,NULL,NULL,NULL,NULL
Hyper Ride 2 - 3 Hour Service 9am #2,Hyper Ride 2 - 3 Hour Service 9am,No,1,17827,17827,"2903, 2904, 2905, 2907, 6797",,"1, 2, 3, 4, 5",09:00:00,11:00:00,10000,8,153,1,NULL,1,NULL,0,8,1,1,NULL,NULL,153,NULL,NULL,NULL,NULL,NULL,NULL
Hyper Ride AKL > BOP Home Delivery 11am,,No,1,17827,17827,"4620, 4621, 4622, 4623, 4624",,"1, 2, 3, 4, 5",13:00:00,18:00:00,10000,3,112,3,NULL,0,12,0,8,1,1,NULL,NULL,112,NULL,NULL,NULL,NULL,NULL,NULL
Hyper Ride AKL > BOP Home Delivery 5am,,No,1,17827,17827,"4625, 4626, 4627, 4628, 4629",,"1, 2, 3, 4, 5",07:00:00,12:00:00,10000,3,112,14,NULL,0,12,0,8,NULL,NULL,NULL,NULL,112,NULL,NULL,NULL,NULL,NULL,NULL
Hyper Ride AKL > Waikato Home Delivery 11am,,No,1,17827,17827,"4610, 4611, 4612, 4613, 4614",,"1, 2, 3, 4, 5",13:00:00,18:00:00,10000,4,112,3,NULL,0,11,0,8,NULL,NULL,NULL,NULL,112,NULL,NULL,NULL,NULL,NULL,NULL
Hyper Ride AKL > Waikato Home Delivery 5am,,No,1,17827,17827,"4615, 4616, 4617, 4618, 4619",,"1, 2, 3, 4, 5",07:00:00,12:00:00,10000,4,112,14,NULL,0,11,0,8,NULL,NULL,NULL,NULL,112,NULL,NULL,NULL,NULL,NULL,NULL
Hyper Ride Auckland Afternoons,,No,1,17827,17827,"10798, 10799, 10800, 10801, 10802, 10803",,"1, 2, 3, 4, 5, 6",12:00:00,17:00:00,10000,8,94,2,NULL,NULL,62,NULL,8,NULL,NULL,NULL,NULL,94,NULL,NULL,NULL,NULL,NULL,NULL
Hyper Ride Evening Home Delivery,,No,1,17827,17827,"322, 324, 325, 326, 6789",,"1, 2, 3, 4, 5",18:00:00,21:00:00,10000,8,110,3,Evening Home Delivery,NULL,62,NULL,8,NULL,NULL,NULL,NULL,110,NULL,NULL,NULL,NULL,NULL,NULL
Hyper Ride Now*09:00:00-10:00:00,,No,1,33704,33704,1521,,1,09:00:00,10:00:00,10000,8,4,1,NULL,1,NULL,0,8,NULL,NULL,NULL,NULL,4,NULL,NULL,NULL,NULL,NULL,NULL
Hyper Ride Now*09:00:00-12:00:00,,No,1,33704,33704,"1524, 1525, 1526, 1527",,"2, 3, 4, 5",09:00:00,12:00:00,10000,8,4,1,NULL,1,NULL,0,8,NULL,NULL,NULL,NULL,4,NULL,NULL,NULL,NULL,NULL,NULL
Hyper Ride Now*10:00:00-11:00:00,,No,1,33704,33704,1522,,1,10:00:00,11:00:00,10000,8,4,1,NULL,1,NULL,0,8,NULL,NULL,NULL,NULL,4,NULL,NULL,NULL,NULL,NULL,NULL
Hyper Ride Now*11:00:00-12:00:00,,No,1,33704,33704,1523,,1,11:00:00,12:00:00,10000,8,4,1,NULL,1,NULL,0,8,NULL,NULL,NULL,NULL,4,NULL,NULL,NULL,NULL,NULL,NULL
Hyper Ride Now*12:00:00-13:00:00,,No,1,33704,33704,1645,,1,12:00:00,13:00:00,10000,8,4,1,NULL,1,NULL,0,8,NULL,NULL,NULL,NULL,4,NULL,NULL,NULL,NULL,NULL,NULL
Hyper Ride Now*12:00:00-15:00:00,,No,1,33704,33704,"1528, 1529, 1530, 1531",,"2, 3, 4, 5",12:00:00,15:00:00,10000,8,4,1,NULL,1,NULL,0,8,NULL,NULL,NULL,NULL,4,NULL,NULL,NULL,NULL,NULL,NULL
Hyper Ride Now*14:00:00-17:00:00,,No,1,33704,33704,"1532, 1533, 1534, 1535",,"2, 3, 4, 5",14:00:00,17:00:00,10000,8,4,1,NULL,1,NULL,0,8,NULL,NULL,NULL,NULL,4,NULL,NULL,NULL,NULL,NULL,NULL
Hyper Ride Now*15:00:00-16:00:00,,No,1,33704,33704,"1646, 1719, 1721, 1723, 1725",,"1, 2, 3, 4, 5",15:00:00,16:00:00,10000,8,1,1,NULL,1,NULL,0,8,NULL,NULL,NULL,NULL,1,NULL,NULL,NULL,NULL,NULL,NULL
Hyper Ride Now*16:00:00-17:00:00,,No,1,33704,33704,"1648, 1722, 1724, 1726",,"1, 2, 3, 5",16:00:00,17:00:00,10000,8,1,0,NULL,1,NULL,0,8,NULL,NULL,NULL,NULL,1,NULL,NULL,NULL,NULL,NULL,NULL
IGNORE,,No,1,33289,33289,6726,,5,08:00:00,14:00:00,10000,8,80,36,ignore,0,62,0,8,NULL,NULL,NULL,NULL,80,NULL,2,0,NULL,NULL,NULL
IGNORE #2,IGNORE,No,1,33149,33149,"9569, 9570, 9572, 9573",,"1, 2, 3, 5",06:00:00,12:00:00,10000,25,14,24,NULL,1,NULL,0,8,2,2,124,NULL,105,NULL,NULL,0,NULL,NULL,NULL
IGNORE #3,IGNORE,No,1,33047,33047,"11866, 11867, 11868, 11870, 11871, 11872, 11873, 11874, 11875, 11876, 11877, 11878, 11879, 11880, 11881, 11882, 11883, 11884, 11885",,"1, 2, 3, 4, 5",13:00:00,17:00:00,10000,8,123,2,NULL,0,27,NULL,8,2,2,NULL,NULL,123,NULL,NULL,NULL,NULL,NULL,NULL
IlCasaro - Auckland Afternoon Chilled,,No,1,18201,18201,"4140, 4141, 4142, 4143, 4144",,"1, 2, 3, 4, 5",12:00:00,17:00:00,10000,8,123,2,Auckland Afternoon Chilled Delivery Service,0,27,0,8,2,2,NULL,NULL,123,NULL,NULL,NULL,NULL,NULL,NULL
IlCasaro - Auckland Morning Chilled,,No,1,18201,18201,"4145, 4146, 4147, 4148, 4149",,"1, 2, 3, 4, 5",07:00:00,12:00:00,10000,8,122,16,Auckland Morning Chilled Delivery Service,0,27,0,8,2,2,NULL,NULL,122,NULL,NULL,NULL,NULL,NULL,NULL
IlCasaro - Hamilton Chilled,,No,1,18201,18201,"4150, 4151, 4152, 4153, 4154",,"1, 2, 3, 4, 5",07:00:00,15:00:00,10000,4,130,16,Chilled delivery into Waikato leaving Akl 5am,0,28,0,8,2,2,NULL,NULL,130,NULL,NULL,NULL,NULL,NULL,NULL
IlCasaro - Tauranga Chilled,,No,1,18201,18201,"4155, 4156, 4157, 4158, 4159",,"1, 2, 3, 4, 5",07:00:00,15:00:00,10000,3,131,16,Chilled delivery into Tauranga leaving Akl 5am,0,29,0,8,2,2,NULL,NULL,131,NULL,NULL,NULL,NULL,NULL,NULL
IVC XMAS HF,,No,1,17921,17921,"6429, 6430",,"1, 2",07:00:00,19:00:00,10000,19,121,2,,0,NULL,NULL,19,NULL,NULL,NULL,NULL,121,NULL,NULL,NULL,NULL,NULL,NULL
JnJ AKL > CHCH Pre 10am Medical,,No,1,14821,14821,"8169, 8170, 8171, 8172, 8173",,"1, 2, 3, 4, 5",08:00:00,10:00:00,10000,20,164,65,,0,67,1,8,1,1,127,NULL,164,1,2,0,NULL,NULL,NULL
JnJ AKL > CHCH Pre 8am Medical,,No,1,14821,14821,"8164, 8165, 8166, 8167, 8168",,"1, 2, 3, 4, 5",06:00:00,08:00:00,10000,20,165,65,,0,67,1,8,1,1,127,NULL,165,1,2,0,NULL,NULL,NULL
JNJ AKL > Gisborne pre 10am,,No,1,14821,14821,"9395, 9396, 9397, 9398, 9399",,"1, 2, 3, 4, 5",06:00:00,10:00:00,10000,22,164,17,Book by 1pm for overnight to Gisborne delivered before 10am,0,NULL,1,44,1,1,127,NULL,164,1,NULL,NULL,NULL,NULL,NULL
JNJ AKL > Gisborne pre 8 am,,No,1,14821,14821,"9390, 9391, 9392, 9393, 9394",,"1, 2, 3, 4, 5",06:00:00,08:00:00,10000,22,165,65,Book by 1pm for overnight to Gisborne delivered before 8am,0,NULL,1,44,1,1,127,NULL,165,1,NULL,NULL,NULL,NULL,NULL
JnJ AKL > Masterton,,No,1,14821,14821,"9405, 9406, 9407, 9408, 9409",,"1, 2, 3, 4, 5",09:00:00,11:00:00,10000,30,164,68,Book by 1 pm for overnight to Masterton delivery goal 11 am,0,NULL,1,8,1,1,127,NULL,164,1,2,0,NULL,NULL,NULL
JNJ AKL > Napier pre 10am,,No,1,14821,14821,"8139, 8140, 8141, 8142, 8143",,"1, 2, 3, 4, 5",06:00:00,10:00:00,10000,10,164,17,Book by 1pm for overnight to Napier delivered before 10am,0,NULL,1,8,1,1,127,NULL,164,1,2,NULL,NULL,NULL,NULL
JNJ AKL > Napier pre 8am,,No,1,14821,14821,"8134, 8135, 8136, 8137, 8138",,"1, 2, 3, 4, 5",06:00:00,08:00:00,10000,10,165,17,Book by 1pm for overnight to Napier delivered before 8am,0,65,1,8,1,1,127,NULL,165,1,2,NULL,NULL,NULL,NULL
JNJ AKL > New Plymouth pre 10am,,No,1,14821,14821,"10403, 10404, 10405, 10406, 10407",,"1, 2, 3, 4, 5",06:00:00,10:00:00,10000,12,164,17,Book by 1pm for overnight to New Plymouth delivered before 10am,0,NULL,1,8,1,1,127,NULL,164,1,2,NULL,NULL,NULL,NULL
JNJ AKL > Palmerston North pre 10am,,No,1,14821,14821,"8129, 8130, 8131, 8132, 8133",,"1, 2, 3, 4, 5",06:00:00,10:00:00,10000,6,164,17,Book by 1pm for overnight to Palmerston North delivered before 8am,0,66,1,8,1,1,127,NULL,164,1,2,NULL,NULL,NULL,NULL
JNJ AKL > Palmerston North pre 8am,,No,1,14821,14821,"8124, 8125, 8126, 8127, 8128",,"1, 2, 3, 4, 5",06:00:00,08:00:00,10000,6,165,17,Book by 1pm for overnight to Palmerston North delivered before 8am,0,66,1,8,1,1,127,NULL,165,1,2,NULL,NULL,NULL,NULL
JNJ AKL > Rotorua Pre 9:30am Medical Run,,No,1,14821,14821,"7987, 7988, 7989, 7990, 7991",,"1, 2, 3, 4, 5",10:00:00,14:00:00,10000,4,128,63,Pre 10m Medical Deliveries to Rotorua,1,11,1,8,1,1,127,NULL,128,1,2,NULL,NULL,NULL,NULL
JNJ AKL > Tauranga Afternoon Medical Run,,No,1,14821,14821,"7992, 7993, 7994, 7995, 7996",,"1, 2, 3, 4, 5",15:00:00,17:00:00,10000,3,129,5,Pre 5pm Medical Deliveries to Tauranga,1,12,1,8,1,1,127,NULL,129,1,2,NULL,NULL,NULL,NULL
JNJ AKL > Tauranga Pre 9:30am Medical Run,,No,1,14821,14821,"7997, 7998, 7999, 8000, 8001",,"1, 2, 3, 4, 5",09:00:00,14:00:00,10000,3,129,62,Medical Deliveries to Tauranga Pre 9 am,1,12,1,8,1,1,127,NULL,129,1,2,NULL,NULL,NULL,NULL
JNJ AKL > Whakatane Pre 12:30pm Medical Run,,No,1,14821,14821,"3292, 3293, 3294, 3295, 3296",,"1, 2, 3, 4, 5",11:00:00,12:00:00,10000,3,129,16,Medical Deliveries to Whakatane Pre 12:30 pm,1,12,1,8,1,1,127,NULL,129,1,2,NULL,NULL,NULL,NULL
JNJ AKL > Whanganui Pre 10am,,No,1,14821,14821,"10398, 10399, 10400, 10401, 10402",,"1, 2, 3, 4, 5",06:00:00,10:00:00,10000,6,164,17,Book by 1pm for overnight to Whanganui delivered before 10am,0,NULL,1,8,1,1,127,NULL,164,1,2,NULL,NULL,NULL,NULL
JNJ AKL > Whangarei Pre 8am Medical Run,,No,1,14821,14821,"8007, 8008, 8009, 8010, 8011",,"1, 2, 3, 4, 5",07:00:00,14:00:00,10000,21,129,12,Pre 8 am Medical Deliveries to Whangarei,1,NULL,1,8,1,1,127,NULL,129,1,2,NULL,NULL,NULL,NULL
JNJ AKL > WHK Pre 12:30pm Medical Run,,No,1,14821,14821,"8002, 8003, 8004, 8005, 8006",,"1, 2, 3, 4, 5",11:00:00,12:00:00,10000,3,129,62,Medical Deliveries to Whakatane Pre 12:30 pm,1,12,1,8,1,1,127,NULL,129,1,2,NULL,NULL,NULL,NULL
JNJ AKL > WLG Pre 10am,,No,1,14821,14821,"8119, 8120, 8121, 8122, 8123",,"1, 2, 3, 4, 5",06:00:00,10:00:00,10000,16,164,17,Book by 1pm for overnight to Wellington delivered before 10am,0,26,1,8,1,1,127,NULL,164,1,2,NULL,NULL,NULL,NULL
JNJ AKL > WLG Pre 8am,,No,1,14821,14821,"8114, 8115, 8116, 8117, 8118",,"1, 2, 3, 4, 5",06:00:00,08:00:00,10000,16,165,65,Book by 1pm for overnight to Wellington delivered by 8am,0,26,1,8,1,1,127,NULL,165,1,2,NULL,NULL,NULL,NULL
JNJ AKL to Hamilton Afternoon Run,,No,1,14821,14821,"7972, 7973, 7974, 7975, 7976",,"1, 2, 3, 4, 5",13:00:00,17:00:00,10000,4,128,3,Pre 5pm Medical Deliveries to Hamilton,1,11,1,8,1,1,127,NULL,128,1,2,NULL,NULL,NULL,NULL
JNJ AKL to Hamilton Pre 8am,,No,1,14821,14821,"7977, 7978, 7979, 7980, 7981",,"1, 2, 3, 4, 5",07:00:00,14:00:00,10000,4,128,12,Pre 8am Medical Deliveries to Hamilton,1,11,1,8,1,1,127,NULL,128,1,2,NULL,NULL,NULL,NULL
JnJ CHCH > Akl Returns,,No,1,14821,14821,"8159, 8160, 8161, 8162, 8163",,"1, 2, 3, 4, 5",08:00:00,12:00:00,10000,8,160,93,Book by 11 am - 2 Business Day Delivery,0,NULL,1,20,1,1,166,67,160,1,NULL,0,NULL,NULL,NULL
JNJ Gisborne > Akl Returns,,No,1,14821,14821,"9400, 9401, 9402, 9403, 9404",,"1, 2, 3, 4, 5",08:00:00,12:00:00,10000,44,160,66,Book by 2 pm for next day delivery,1,NULL,1,22,1,1,166,NULL,160,1,NULL,0,NULL,NULL,NULL
JNJ HLZ > AKL Day Run,,No,1,14821,14821,"8012, 8013, 8014, 8015, 8016",,"1, 2, 3, 4, 5",11:00:00,13:00:00,10000,8,145,3,Sameday Medical Delivery to Auckland.,1,NULL,1,4,NULL,NULL,127,60,129,1,3,NULL,NULL,NULL,NULL
JNJ HLZ > AKL Next Day Run,,No,1,14821,14821,"8017, 8018, 8019, 8020, 8021",,"1, 2, 3, 4, 5",11:00:00,13:00:00,10000,8,145,19,Next Business Day Medical Delivery to Auckland,1,NULL,1,4,NULL,NULL,127,60,129,1,3,NULL,NULL,NULL,NULL
JNJ HLZ > AKL PM Day Run,,No,1,14821,14821,"8022, 8023, 8024, 8025, 8026",,"1, 2, 3, 4, 5",16:00:00,18:00:00,10000,8,145,4,Sameday Afternoon Medical Delivery to Auckland,1,NULL,1,4,NULL,NULL,127,60,129,1,3,NULL,NULL,NULL,NULL
JnJ Napier > Akl Returns,,No,1,14821,14821,"8154, 8155, 8156, 8157, 8158",,"1, 2, 3, 4, 5",08:00:00,12:00:00,10000,8,160,22,NULL,0,NULL,1,10,1,1,166,NULL,160,1,NULL,0,NULL,NULL,NULL
JnJ PN > Akl Returns,,No,1,14821,14821,"8149, 8150, 8151, 8152, 8153",,"1, 2, 3, 4, 5",08:00:00,12:00:00,10000,8,160,66,NULL,0,NULL,1,6,1,1,166,NULL,160,1,NULL,0,NULL,NULL,NULL
JNJ ROT > AKL Day Run,,No,1,14821,14821,"8027, 8028, 8029, 8030, 8031",,"1, 2, 3, 4, 5",16:00:00,18:00:00,10000,8,145,6,Sameday Medical Delivery to Auckland,1,NULL,1,4,NULL,NULL,127,39,129,1,3,NULL,NULL,NULL,NULL
JNJ ROT > AKL Next Day Run,,No,1,14821,14821,"8032, 8033, 8034, 8035, 8036",,"1, 2, 3, 4, 5",11:00:00,16:00:00,10000,8,145,20,Next Business Day Medical Delivery to Auckland,1,NULL,1,4,NULL,NULL,127,39,129,1,3,NULL,NULL,NULL,NULL
JNJ TRG > AKL Day Run,,No,1,14821,14821,"10804, 10805, 10806, 10807, 10808",,"1, 2, 3, 4, 5",16:00:00,18:00:00,10000,8,145,7,Sameday Medical Delivery to Auckland,1,NULL,1,3,NULL,NULL,127,12,129,1,6,NULL,NULL,NULL,NULL
JNJ TRG > AKL Next Day Run,,No,1,14821,14821,"10809, 10810, 10811, 10812, 10813",,"1, 2, 3, 4, 5",11:00:00,13:00:00,10000,8,145,18,Next Business Day Medical Delivery to Auckland,1,NULL,1,3,NULL,NULL,127,12,129,1,6,NULL,NULL,NULL,NULL
JnJ Wellington > Akl Returns,,No,1,14821,14821,"8144, 8145, 8146, 8147, 8148",,"1, 2, 3, 4, 5",08:00:00,12:00:00,10000,8,160,22,NULL,0,NULL,1,16,1,1,166,NULL,160,1,NULL,0,NULL,NULL,NULL
JnJ Whanganui > Akl Returns,,No,1,14821,14821,"10408, 10409, 10410, 10411, 10412",,"1, 2, 3, 4, 5",08:00:00,12:00:00,10000,8,160,20,Book by 12 pm for next day delivery,1,NULL,1,6,1,1,166,NULL,160,1,NULL,0,NULL,NULL,NULL
JNJ WRG > AKL Day Run,,No,1,14821,14821,"8052, 8053, 8054, 8055, 8056",,"1, 2, 3, 4, 5",13:00:00,15:00:00,10000,8,145,3,Sameday Medical Deliveries to Auckland,1,NULL,1,21,NULL,NULL,127,57,129,1,4,NULL,NULL,NULL,NULL
JOY - Auckland Afternoon Chilled,,No,1,37298,37298,"13401, 13402, 13403, 13404, 13405",,"1, 2, 3, 4, 5",13:00:00,17:00:00,10000,8,123,2,NULL,0,27,NULL,8,2,2,NULL,NULL,123,NULL,NULL,NULL,NULL,NULL,NULL
JOY - Auckland Morning Chilled,,No,1,37298,37298,"13406, 13407, 13408, 13409, 13410",,"1, 2, 3, 4, 5",07:00:00,12:00:00,10000,8,122,5,NULL,0,27,0,8,2,2,NULL,NULL,122,1,NULL,0,NULL,NULL,NULL
JOY - Hamilton Chilled - 11am,,No,1,37298,37298,"13411, 13412, 13413, 13414, 13415",,"1, 2, 3, 4, 5",12:00:00,17:00:00,10000,4,130,3,Chilled Delivery from Auckland to Hamilton,0,28,0,8,2,2,124,NULL,130,NULL,NULL,NULL,NULL,NULL,NULL
JOY - Hamilton Chilled - 7am,,No,1,37298,37298,"13416, 13417, 13419, 13420, 13421",,"1, 2, 3, 4, 5",07:00:00,17:00:00,10000,4,130,5,Chilled Delivery from Auckland to Hamilton,0,28,0,8,2,2,NULL,NULL,130,NULL,NULL,NULL,NULL,NULL,NULL
JOY - Tauranga Chilled - 11am,,No,1,37298,37298,"13418, 13422, 13423, 13424, 13425",,"1, 2, 3, 4, 5",11:00:00,17:00:00,10000,3,131,2,Chilled Delivery from Auckland to Tauranga,0,29,0,8,2,2,NULL,NULL,131,NULL,NULL,NULL,NULL,NULL,NULL
JOY - Tauranga Chilled - 7am,,No,1,37298,37298,"13426, 13427, 13428, 13429, 13430",,"1, 2, 3, 4, 5",09:00:00,17:00:00,10000,3,131,5,Chilled Delivery from Auckland to Tauranga,0,29,0,8,2,2,NULL,NULL,131,NULL,NULL,NULL,NULL,NULL,NULL
JOY - Wellington Chilled,,No,1,37298,37298,"13431, 13432, 13433, 13434, 13435",,"1, 2, 3, 4, 5",09:00:00,15:00:00,10000,16,147,69,Chilled Delivery from Auckland to Wellington,0,26,0,8,2,2,NULL,NULL,147,NULL,NULL,NULL,NULL,NULL,NULL
JOY - WRE Chilled,,No,1,37298,37298,"13436, 13437, 13438, 13439, 13440",,"1, 2, 3, 4, 5",07:00:00,12:00:00,10000,21,147,5,NULL,1,NULL,0,8,2,1,NULL,NULL,147,NULL,NULL,NULL,NULL,NULL,NULL
"JOY > Taupo, Tokoroa, Putaruru Chilled",,No,1,37298,37298,"13441, 13442, 13443",,"1, 3, 5",07:00:00,12:00:00,10000,4,147,5,"Chilled Delivery from Auckland to Taupo, Tokoroa & Putaruru",1,28,0,8,2,2,124,NULL,147,NULL,NULL,NULL,NULL,NULL,NULL
JR Afternoon Chilled,,No,1,33710,33710,"1536, 1537, 1538, 1539, 1540",,"1, 2, 3, 4, 5",12:00:00,17:00:00,10000,8,123,0,Auckland Afternoon Chilled Delivery Service,0,27,0,8,2,2,NULL,NULL,123,NULL,NULL,NULL,NULL,NULL,NULL
JR Morning Chilled,,No,1,33710,33710,"1541, 1542, 1543, 1544, 1545",,"1, 2, 3, 4, 5",07:00:00,12:00:00,10000,8,122,0,Auckland Morning Chilled Delivery Service,0,27,0,8,2,2,NULL,NULL,122,NULL,NULL,NULL,NULL,NULL,NULL
JR SATURDAY CHILLED,,No,1,33710,33710,2419,,6,08:00:00,17:00:00,10000,8,122,2,NULL,0,27,0,8,2,2,NULL,NULL,122,NULL,NULL,NULL,NULL,NULL,NULL
JR Whangarei Chilled,,No,1,33710,33710,"6103, 6104, 6105, 6106, 6107",,"1, 2, 3, 4, 5",02:00:00,12:00:00,10000,21,147,10,NULL,1,82,0,21,2,2,NULL,NULL,147,NULL,NULL,0,NULL,360,NULL
JUK - AKL Afternoon Ambient,,No,1,16641,16641,"6759, 6760, 6761, 6762, 6763",,"1, 2, 3, 4, 5",12:00:00,17:00:00,10000,8,94,12,For ad-hoc and ambient deliveries only,0,62,NULL,8,1,1,NULL,NULL,94,NULL,NULL,NULL,NULL,NULL,NULL
JUK - AKL Afternoon Delivery,,No,1,16641,16641,"715, 716, 717, 718, 719",,"1, 2, 3, 4, 5",12:00:00,17:00:00,10000,8,94,12,NULL,0,NULL,NULL,8,3,1,NULL,NULL,94,NULL,NULL,NULL,NULL,NULL,NULL
JUK - AKL Evening Delivery,,No,1,16641,16641,"720, 721, 722, 723, 724",,"1, 2, 3, 4, 5",18:00:00,21:00:00,10000,8,110,6,NULL,0,NULL,NULL,8,3,1,NULL,NULL,110,NULL,NULL,NULL,NULL,NULL,NULL
JUK - AKL Sunday Delivery,,No,1,16641,16641,725,,7,12:00:00,18:00:00,10000,8,95,74,NULL,0,14,NULL,8,3,1,NULL,NULL,95,NULL,NULL,NULL,NULL,NULL,NULL
JUK - Hamilton Home Delivery,,No,1,16641,16641,"729, 730, 731, 732, 733",,"1, 2, 3, 4, 5",08:00:00,17:00:00,10000,4,112,24,NULL,0,11,NULL,8,3,1,NULL,NULL,112,NULL,NULL,NULL,NULL,NULL,NULL
JUK - Hamilton Sunday,,No,1,16641,16641,6727,,7,12:00:00,18:00:00,10000,4,95,74,NULL,NULL,19,NULL,8,3,1,NULL,NULL,95,NULL,NULL,NULL,NULL,NULL,NULL
JUK - Napier Afternoons AH,,No,1,16641,16641,"4379, 4380, 6729",,"2, 3, 5",12:00:00,17:00:00,10000,10,94,24,NULL,0,65,0,6,3,1,NULL,NULL,94,NULL,NULL,NULL,NULL,NULL,NULL
JUK - Napier Sunday Delivery,,No,1,16641,16641,727,,7,12:00:00,18:00:00,10000,10,95,74,NULL,0,23,NULL,8,3,1,NULL,NULL,95,NULL,NULL,NULL,NULL,NULL,NULL
JUK - Palmerston North Afternoons AH,,No,1,16641,16641,"4381, 4382, 6730",,"2, 3, 5",12:00:00,17:00:00,10000,6,94,24,NULL,0,66,0,8,3,1,NULL,NULL,94,NULL,NULL,NULL,NULL,NULL,NULL
JUK - Palmerston North Sunday Delivery,,No,1,16641,16641,728,,7,12:00:00,18:00:00,10000,6,95,74,NULL,0,22,NULL,8,3,1,NULL,NULL,95,NULL,NULL,NULL,NULL,NULL,NULL
JUK - Taupo Home Delivery,,No,1,16641,16641,"5611, 5612, 5613",,"1, 3, 5",07:00:00,12:00:00,10000,4,112,24,NULL,0,11,0,8,3,1,124,NULL,112,NULL,NULL,NULL,NULL,NULL,NULL
JUK - Tauranga Home Delivery,,No,1,16641,16641,"734, 735, 736, 737, 738",,"1, 2, 3, 4, 5",08:00:00,17:00:00,10000,3,112,36,NULL,0,12,NULL,8,3,NULL,NULL,NULL,112,NULL,NULL,NULL,NULL,NULL,NULL
JUK - Tauranga Sunday,,No,1,16641,16641,6728,,7,12:00:00,18:00:00,10000,3,95,74,NULL,NULL,20,NULL,4,3,1,NULL,NULL,95,NULL,NULL,NULL,NULL,NULL,NULL
JUK - Waiheke Island,,No,1,16641,16641,"1297, 1298",,"2, 3",12:00:00,17:00:00,10000,8,96,24,Waiheke Island,0,15,0,8,3,1,NULL,NULL,96,NULL,2,NULL,NULL,NULL,NULL
JUK - Wellington Afternoons,,No,1,16641,16641,"6731, 6732, 6733, 6734, 6735",,"1, 2, 3, 4, 5",10:00:00,17:00:00,10000,16,94,24,NULL,0,26,0,8,2,1,NULL,NULL,94,NULL,NULL,NULL,NULL,NULL,NULL
JUK - Wellington Sunday Delivery,,No,1,16641,16641,726,,7,12:00:00,18:00:00,10000,16,95,74,NULL,0,21,NULL,8,3,1,NULL,NULL,95,NULL,NULL,NULL,NULL,NULL,NULL
JUK - Whangarei Home Delivery,,No,1,16641,16641,"758, 759, 760, 761, 762",,"1, 2, 3, 4, 5",08:00:00,17:00:00,10000,21,112,36,NULL,1,NULL,NULL,21,3,1,NULL,NULL,112,NULL,NULL,NULL,NULL,360,NULL
Kai Box Mon Christchurch,,No,1,17116,17116,1979,,1,14:00:00,20:00:00,10000,20,95,76,NULL,0,NULL,0,20,NULL,NULL,NULL,NULL,95,NULL,NULL,NULL,NULL,NULL,NULL
Kai Box Sun Auckland,,No,1,17116,17116,1872,,7,14:00:00,20:00:00,10000,8,95,48,NULL,0,NULL,0,8,NULL,NULL,NULL,NULL,95,NULL,NULL,NULL,NULL,NULL,NULL
Kai Box Sun Hamilton,,No,1,17116,17116,2082,,7,14:00:00,20:00:00,10000,4,95,76,NULL,0,19,0,4,NULL,NULL,NULL,NULL,95,NULL,NULL,NULL,NULL,NULL,NULL
Kai Box Sun Napier,,No,1,17116,17116,2084,,7,14:00:00,20:00:00,10000,10,95,76,NULL,0,23,0,10,NULL,NULL,NULL,NULL,95,NULL,NULL,NULL,NULL,NULL,NULL
Kai Box Sun Palmerston North,,No,1,17116,17116,2083,,7,14:00:00,20:00:00,10000,6,95,76,NULL,0,22,0,6,NULL,NULL,NULL,NULL,95,NULL,NULL,NULL,NULL,NULL,NULL
Kai Box Sun Tauranga,,No,1,17116,17116,2080,,7,14:00:00,20:00:00,10000,3,95,76,NULL,0,20,0,3,NULL,NULL,NULL,NULL,95,NULL,NULL,NULL,NULL,NULL,NULL
Kai Box Sun Wellington,,No,1,17116,17116,2081,,7,14:00:00,20:00:00,10000,16,95,76,NULL,0,21,0,16,NULL,NULL,NULL,NULL,95,NULL,NULL,NULL,NULL,NULL,NULL
Kaibo Xmas Dun,,No,1,17116,17116,1868,,5,14:00:00,20:00:00,10000,17,120,999,NULL,0,NULL,0,17,NULL,NULL,NULL,NULL,120,NULL,NULL,NULL,NULL,NULL,NULL
Kaibox Xmas AKL,,No,1,17116,17116,"410, 4314, 4315",,"4, 6",14:00:00,20:00:00,10000,8,120,999,NULL,0,14,NULL,8,NULL,NULL,NULL,NULL,120,NULL,NULL,NULL,NULL,NULL,NULL
Kaibox Xmas Chch,,No,1,17116,17116,415,,4,14:00:00,20:00:00,10000,13,120,999,NULL,0,NULL,NULL,13,NULL,NULL,NULL,NULL,120,NULL,NULL,NULL,NULL,NULL,NULL
Kaibox Xmas Ham,,No,1,17116,17116,"411, 4316",,"4, 6",14:00:00,20:00:00,10000,4,120,999,NULL,0,19,NULL,4,NULL,NULL,NULL,NULL,120,NULL,NULL,NULL,NULL,NULL,NULL
Kaibox Xmas Napier,,No,1,17116,17116,"437, 4319",,"4, 6",14:00:00,20:00:00,10000,10,120,999,NULL,0,23,NULL,10,NULL,NULL,NULL,NULL,120,NULL,NULL,NULL,NULL,NULL,NULL
Kaibox Xmas Palmy,,No,1,17116,17116,"4320, 4321",,"4, 6",09:00:00,15:00:00,10000,6,120,1,NULL,0,22,NULL,6,NULL,NULL,NULL,NULL,120,NULL,NULL,NULL,NULL,NULL,NULL
Kaibox Xmas Tga,,No,1,17116,17116,"412, 4317",,"4, 6",14:00:00,20:00:00,10000,3,120,999,NULL,0,20,NULL,3,NULL,NULL,NULL,NULL,120,NULL,NULL,NULL,NULL,NULL,NULL
Kaibox Xmas WLG,,No,1,17116,17116,"413, 4318",,"4, 6",18:00:00,20:00:00,10000,16,120,999,NULL,0,21,NULL,16,NULL,NULL,NULL,NULL,120,NULL,NULL,NULL,NULL,NULL,NULL
Kaimai - Auckland Afternoon Chilled,,No,1,32082,32082,"11833, 11834, 11835, 11836, 11837",,"1, 2, 3, 4, 5",13:00:00,17:00:00,10000,8,123,5,NULL,0,27,0,4,2,2,NULL,NULL,123,NULL,NULL,NULL,NULL,NULL,NULL
Kaimai - Auckland Morning Chilled,,No,1,32082,32082,"11828, 11829, 11830, 11831, 11832",,"1, 2, 3, 4, 5",07:00:00,12:00:00,10000,8,122,5,Auckland Morning Chilled Delivery 7am - 12pm Tauranga to Auckland,0,27,0,4,2,2,NULL,NULL,122,NULL,NULL,NULL,NULL,NULL,NULL
Kaimai - HAM Chilled,,No,1,32082,32082,"11838, 11839, 11840, 11841, 11842",,"1, 2, 3, 4, 5",12:00:00,17:00:00,10000,4,130,2,Chilled Delivery from Tauranga to Hamilton,1,28,0,4,NULL,NULL,NULL,NULL,130,NULL,NULL,NULL,NULL,NULL,NULL
Kaimai - Napier Chilled,,No,1,32082,32082,"11853, 11854, 11855, 11856, 11857",,"1, 2, 3, 4, 5",09:00:00,15:00:00,10000,10,147,1,Chilled Delivery in Napier,1,65,0,8,2,2,NULL,NULL,147,NULL,NULL,NULL,NULL,NULL,NULL
Kaimai - North Island Freight Collection,,No,2,"32082, 15608",32082,"11928, 11929, 11930, 11931, 11932","12092, 12093, 12094, 12095, 12096","1, 2, 3, 4, 5",10:00:00,12:00:00,10000,4,128,2,Chilled Collection for Auckland and LNI freight to HLZ Depot,1,28,0,3,NULL,NULL,NULL,NULL,128,NULL,NULL,NULL,NULL,NULL,NULL
Kaimai - Palmerston North Chilled,,No,1,32082,32082,"11858, 11859, 11860, 11861, 11862",,"1, 2, 3, 4, 5",09:00:00,15:00:00,10000,6,147,1,Chilled Delivery in Palmerston North,1,66,0,8,2,2,NULL,NULL,147,NULL,NULL,NULL,NULL,NULL,NULL
Kaimai - Tauranga Chilled,,No,1,32082,32082,"11843, 11844, 11845, 11846, 11847",,"1, 2, 3, 4, 5",12:00:00,17:00:00,10000,3,131,2,Tauranga to Tauranga Deliveries.,1,29,0,4,2,2,127,NULL,131,NULL,5,NULL,NULL,NULL,NULL
Kaimai - Wellington Morning Chilled,,No,1,32082,32082,"11848, 11849, 11850, 11851, 11852",,"1, 2, 3, 4, 5",09:00:00,15:00:00,10000,16,147,1,Chilled Delivery in Wellington,1,26,0,8,2,2,NULL,NULL,147,NULL,NULL,NULL,NULL,NULL,NULL
KANUKA - Auckland Afternoon Delivery,,No,1,35409,35409,"12890, 12891, 12892, 12893, 12894",,"1, 2, 3, 4, 5",12:00:00,17:00:00,10000,8,140,75,Overnight Delivery,0,62,1,4,2,1,127,90,140,1,3,1,1560,NULL,NULL
KANUKA - Auckland Evening Delivery,,No,1,35409,35409,"12885, 12886, 12887, 12888, 12889",,"1, 2, 3, 4, 5",18:00:00,21:00:00,10000,8,141,8,Same day delivery,0,62,1,4,2,1,127,90,141,1,3,1,480,NULL,NULL
KANUKA - Bay of Plenty Delivery,,No,1,35409,35409,"12903, 12904, 12905, 12906, 12907",,"1, 2, 3, 4, 5",09:00:00,17:00:00,10000,3,129,18,Overnight Delivery,1,12,1,4,2,1,127,90,129,1,3,1,1080,NULL,NULL
KANUKA - Hamilton Delivery,,No,1,35409,35409,"12895, 12896, 12897, 12898, 12899",,"1, 2, 3, 4, 5",13:00:00,17:00:00,10000,4,128,3,Same day delivery,1,11,1,4,2,1,127,90,128,1,NULL,1,180,NULL,NULL
"KANUKA -  Taupo, Tokoroa, Putaruru Delivery",,No,1,35409,35409,"12900, 12901, 12902",,"1, 3, 5",08:00:00,12:00:00,10000,4,128,22,Overnight Delivery,1,11,1,4,2,NULL,127,90,128,1,NULL,1,1320,NULL,NULL
Kiwifish - Waikato/Rotorua Chilled,,No,1,34467,34467,"13396, 13397, 13398, 13399, 13400",,"1, 2, 3, 4, 5",07:00:00,17:00:00,10000,4,130,4,NULL,0,11,0,8,2,2,NULL,NULL,130,NULL,NULL,NULL,NULL,NULL,NULL
Kiwifish Auckland - Hamilton 5am Chilled,,No,1,34467,34467,"13479, 13480, 13481, 13482, 13483",,"1, 2, 3, 4, 5",07:00:00,17:00:00,10000,4,130,4,Chilled Delivery from Auckland to Hamilton Book by 2am for 8am to 12pm delivery,0,28,0,8,NULL,NULL,NULL,NULL,130,NULL,NULL,NULL,NULL,NULL,NULL
Kiwifish Auckland > Hamilton Chilled 11am,,No,1,34467,34467,"2181, 2182, 2183, 2184, 2185",,"1, 2, 3, 4, 5",11:00:00,17:00:00,10000,4,130,2,NULL,0,11,0,8,2,2,NULL,NULL,130,NULL,NULL,NULL,NULL,NULL,NULL
Kiwifish Auckland > Taupo Chilled,,No,1,34467,34467,"9777, 9778, 9779",,"1, 3, 5",07:00:00,12:00:00,10000,4,130,4,NULL,0,85,0,8,2,2,124,NULL,130,NULL,NULL,NULL,NULL,NULL,NULL
Kiwifish Auckland > Tauranga Chilled 11am,,No,1,34467,34467,"4059, 4060, 4061, 4062, 4063",,"1, 2, 3, 4, 5",11:00:00,17:00:00,10000,3,131,2,NULL,0,29,0,4,2,2,NULL,NULL,131,NULL,NULL,NULL,NULL,NULL,NULL
Kiwifish Auckland > Wellington Chilled,,No,1,34467,34467,"3973, 3974, 3975, 3976, 3977",,"1, 2, 3, 4, 5",09:00:00,15:00:00,10000,16,147,67,Chilled Deliveries in Wellington,0,26,0,8,2,2,NULL,NULL,147,NULL,2,NULL,NULL,NULL,NULL
Kiwifish Auckland > Whangarei Chilled,,No,1,34467,34467,"9780, 9781, 9782, 9783, 9784",,"1, 2, 3, 4, 5",07:00:00,12:00:00,10000,21,147,7,"Book by 12am, deliver to depot by 1am, truck departs at 2am, delivery 7am to 9am",1,NULL,0,21,NULL,NULL,NULL,NULL,147,NULL,NULL,NULL,NULL,NULL,NULL
Kiwifish Auckland Afternoon Chilled,,No,1,34467,34467,"1900, 1901, 1902, 1903, 1904",,"1, 2, 3, 4, 5",12:00:00,17:00:00,10000,8,123,2,NULL,0,27,0,8,NULL,NULL,NULL,NULL,123,NULL,NULL,NULL,NULL,NULL,NULL
Kiwifish Auckland Morning Chilled,,No,1,34467,34467,"1894, 1895, 1896, 1897, 1898",,"1, 2, 3, 4, 5",07:00:00,12:00:00,10000,8,122,5,NULL,0,27,0,8,NULL,NULL,NULL,NULL,122,NULL,NULL,NULL,NULL,NULL,NULL
KIWIPC Tauranga > Waikato Morning Run,,No,1,35277,35277,"7356, 7357, 7358, 7359, 7360",,"1, 2, 3, 4, 5",07:00:00,12:00:00,10000,4,129,16,NULL,1,11,1,3,1,1,127,52,129,1,6,NULL,NULL,NULL,NULL
LI All Day Frozen,,No,1,35470,35470,"3900, 3901, 3902, 3903, 3904",,"1, 2, 3, 4, 5",07:00:00,14:00:00,10000,8,136,12,Frozen Deliveries in Auckland,0,27,0,8,3,3,NULL,NULL,136,NULL,NULL,NULL,NULL,NULL,NULL
LI Hamilton Chilled,,No,1,35470,35470,"3309, 3310, 3311, 3312, 3313",,"1, 2, 3, 4, 5",07:00:00,15:00:00,10000,4,130,64,Chilled Deliveries in Hamilton,0,28,0,8,2,2,NULL,NULL,130,NULL,NULL,NULL,NULL,NULL,NULL
LI Tauranga Chilled,,No,1,35470,35470,"3314, 3315, 3316, 3317, 3318",,"1, 2, 3, 4, 5",09:00:00,15:00:00,10000,3,131,18,Chilled Deliveries in Tauranga,0,29,0,8,2,2,NULL,NULL,131,NULL,NULL,NULL,NULL,NULL,NULL
LI Wellington Chilled,,No,1,35470,35470,"3895, 3896, 3897, 3898, 3899",,"1, 2, 3, 4, 5",09:00:00,15:00:00,10000,16,147,21,Chilled Deliveries in Wellington,0,26,0,8,2,2,NULL,NULL,147,NULL,NULL,NULL,NULL,NULL,NULL
LifeH CHCH > Akl Medical Book by 5pm | Arrives,,No,1,36963,36963,"11339, 11340, 11341, 11342, 11343",,"1, 2, 3, 4, 5",08:00:00,12:00:00,10000,33,160,15,Book by 5 pm - Next Business Day Delivery to Auckland,1,NULL,1,20,1,1,166,67,160,1,NULL,0,NULL,NULL,NULL
LifeH CHCH > Akl Pre 8am Book by 5pm | Arrives,,No,1,36963,36963,"11334, 11335, 11336, 11337, 11338",,"1, 2, 3, 4, 5",06:00:00,08:00:00,10000,33,145,63,Book by 5 pm - Next Business Day Delivery to Auckland,1,NULL,1,20,1,1,166,67,145,1,NULL,0,NULL,NULL,NULL
LifeH CHCH > Akl Returns,,No,1,14582,14582,"11034, 11035, 11036, 11037, 11038",,"1, 2, 3, 4, 5",08:30:00,12:00:00,10000,33,160,64,Book by 4:30 pm - Next Business Day Delivery,1,NULL,1,34,1,1,166,NULL,160,1,NULL,0,NULL,NULL,NULL
LifeH CHCH > DUD,,No,1,36963,36963,"11408, 11409, 11410, 11411, 11412",,"1, 2, 3, 4, 5",06:00:00,10:00:00,10000,17,164,63,Book by 3 pm - Next Business Day Delivery,1,NULL,1,20,NULL,NULL,166,NULL,164,1,NULL,0,NULL,NULL,NULL
LifeH CHCH > Napier Pre 10am,,No,1,36963,36963,"13723, 13724, 13725, 13726, 13727",,"1, 2, 3, 4, 5",06:00:00,10:00:00,10000,10,164,88,Book by 2pm for 2-day service to Napier delivered before 10am,0,65,1,34,1,1,166,NULL,164,1,NULL,NULL,NULL,NULL,NULL
LifeH CHCH > Palmerston North pre 10am,,No,1,36963,36963,"12286, 12287, 12288, 12289, 12290",,"1, 2, 3, 4, 5",06:00:00,10:00:00,10000,6,164,40,Book by 2pm for 2-day service to Palmerston North delivered before 10am,0,66,1,34,1,1,166,NULL,164,1,NULL,NULL,NULL,NULL,NULL
LifeH CHCH > TGA Book by 2pm | Arrives,,No,1,36963,36963,"12434, 12435, 12436, 12437, 12438",,"1, 2, 3, 4, 5",14:00:00,17:00:00,10000,3,129,72,Book by 2 pm - Next Business Day Delivery to Tauranga,1,12,1,34,1,1,166,NULL,129,1,NULL,NULL,NULL,NULL,NULL
LifeH CHCH > WLG Medical Book by 5pm | Arrives,,No,1,36963,36963,"11401, 11402, 11403, 11404, 11405",,"1, 2, 3, 4, 5",08:00:00,12:00:00,10000,16,160,63,Book by 5 pm - Next Business Day Delivery to Wellington,1,NULL,1,20,1,1,166,67,160,1,NULL,0,NULL,NULL,NULL
LifeH CHCH > WLG Returns,,No,1,36963,36963,"11294, 11295, 11296, 11297, 11298",,"1, 2, 3, 4, 5",08:00:00,12:00:00,10000,16,160,18,Book by 2 pm - Next Business Day Delivery,1,NULL,1,20,1,1,166,67,160,1,NULL,0,NULL,NULL,NULL
LifeH DUD > Akl Returns,,No,1,14582,14582,"12242, 12243, 12244, 12245, 12246",,"1, 2, 3, 4, 5",08:00:00,12:00:00,10000,33,160,41,Book by 3 pm | 2-business day Service from Dunedin to Auckland,1,NULL,1,17,NULL,NULL,166,NULL,160,1,NULL,0,NULL,NULL,NULL
LifeH DUD > CHCH,,No,1,36963,36963,"11413, 11414, 11415, 11416, 11417",,"1, 2, 3, 4, 5",06:00:00,10:00:00,10000,20,145,15,Book by 3 pm - Next Business Day Delivery,1,NULL,1,17,NULL,NULL,166,NULL,145,1,NULL,0,NULL,NULL,NULL
LifeH Gisborne > Akl Returns,,No,1,14582,14582,"11054, 11055, 11056, 11057, 11058",,"1, 2, 3, 4, 5",08:00:00,12:00:00,10000,44,160,18,Book by 2 pm for next day delivery,1,NULL,1,22,1,1,166,NULL,160,1,NULL,0,NULL,NULL,NULL
LifeH Masterton > Akl Returns,,No,1,14582,14582,"11391, 11392, 11393, 11394, 11395",,"1, 2, 3, 4, 5",08:30:00,12:00:00,10000,35,160,19,Book by 1:30pm for next business day delivery,1,NULL,1,38,1,1,166,NULL,160,1,NULL,0,NULL,NULL,NULL
LifeH Napier > Akl Returns,,No,1,14582,14582,"11039, 11040, 11041, 11042, 11043",,"1, 2, 3, 4, 5",08:30:00,12:00:00,10000,35,160,19,Book by 1:30pm for next business day delivery,1,NULL,1,42,1,1,166,NULL,160,1,NULL,0,NULL,NULL,NULL
LifeH  PN > Akl Returns,,No,1,14582,14582,"11044, 11045, 11046, 11047, 11048",,"1, 2, 3, 4, 5",08:00:00,12:00:00,10000,8,160,20,Book by 12 pm for next day delivery,1,NULL,1,6,1,1,166,66,160,1,NULL,0,NULL,NULL,NULL
LifeH Wellington > Akl Returns,,No,1,14582,14582,"11049, 11050, 11051, 11052, 11053",,"1, 2, 3, 4, 5",08:00:00,12:00:00,10000,35,160,66,Book by 2 pm for next day delivery,1,NULL,1,16,1,1,166,26,160,1,NULL,0,NULL,NULL,NULL
LifeH Whanganui > Akl Returns,,No,1,14582,14582,"11059, 11060, 11061, 11062, 11063",,"1, 2, 3, 4, 5",08:00:00,12:00:00,10000,8,160,20,Book by 12 pm for next day delivery,1,NULL,1,6,1,1,166,NULL,160,1,NULL,0,NULL,NULL,NULL
LIFET - Christchurch Afternoon Home,,No,1,36354,36354,"7800, 7801",,"2, 5",12:00:00,17:00:00,10000,20,94,48,Christchurch Afternoon Home - Delivery between 12pm to 5pm,0,67,0,8,1,1,127,NULL,94,2,2,0,2820,NULL,NULL
Lima CHCH > Akl Returns,,No,1,14578,14578,"9303, 9304, 9305, 9306, 9307",,"1, 2, 3, 4, 5",08:00:00,12:00:00,10000,33,160,18,Book by 2 pm - Next Business Day Delivery,1,NULL,1,34,1,1,166,67,160,1,NULL,0,NULL,NULL,NULL
Lima Gisborne > Akl Returns,,No,1,14578,14578,"9323, 9324, 9325, 9326, 9327",,"1, 2, 3, 4, 5",08:00:00,12:00:00,10000,44,160,18,Book by 2 pm for next day delivery,1,NULL,1,22,1,1,166,NULL,160,1,NULL,0,NULL,NULL,NULL
Lima Masterton > Akl Returns,,No,1,14578,14578,"12995, 12996, 12997, 12998, 12999",,"1, 2, 3, 4, 5",08:30:00,12:00:00,10000,35,160,19,Book by 1:30pm for next business day delivery,1,NULL,1,38,1,1,166,NULL,160,1,NULL,0,NULL,NULL,NULL
Lima Napier > Akl Returns,,No,1,14578,14578,"9308, 9309, 9310, 9311, 9312",,"1, 2, 3, 4, 5",08:30:00,12:00:00,10000,35,160,67,Book by 1:30pm for next business day delivery,1,NULL,1,42,1,1,166,NULL,160,1,NULL,0,NULL,NULL,NULL
Lima New Plymouth > Akl Returns,,No,1,14578,14578,"13092, 13093, 13094, 13095, 13096",,"1, 2, 3, 4, 5",08:30:00,12:00:00,10000,35,160,19,Book by 1:30pm for next business day delivery,1,NULL,1,41,1,1,166,NULL,160,1,NULL,0,NULL,NULL,NULL
Lima PN > Akl Returns,,No,1,14578,14578,"9313, 9314, 9315, 9316, 9317",,"1, 2, 3, 4, 5",08:00:00,12:00:00,10000,8,160,68,Book by 12 pm for next day delivery,1,NULL,1,6,1,1,166,66,160,1,NULL,0,NULL,NULL,NULL
Lima Wellington > Akl Returns,,No,1,14578,14578,"9318, 9319, 9320, 9321, 9322",,"1, 2, 3, 4, 5",08:00:00,12:00:00,10000,8,160,68,Book by 12 pm for next day delivery,1,NULL,1,16,1,1,166,26,160,1,NULL,0,NULL,NULL,NULL
LIQLI Wellington 12pm-6pm,,No,1,35549,35549,11424,,7,12:00:00,18:00:00,10000,16,95,74,NULL,NULL,21,NULL,8,2,1,NULL,NULL,95,NULL,NULL,NULL,NULL,NULL,NULL
Little Birds Evening Home,,No,1,16298,16298,"233, 234, 235, 236, 237",,"1, 2, 3, 4, 5",18:00:00,21:00:00,10000,8,110,3,NULL,NULL,62,NULL,8,NULL,NULL,NULL,NULL,35,NULL,NULL,NULL,NULL,NULL,NULL
Luna - Afternoon Home (AUCKLAND),,No,1,17944,17944,"4252, 4253",,"2, 4",12:00:00,17:00:00,10000,8,94,25,NULL,0,NULL,NULL,8,NULL,NULL,NULL,NULL,94,NULL,NULL,NULL,NULL,NULL,NULL
Made Whole - Taupo Regional Home Delivery,,No,1,35363,35363,"7871, 7872, 7873",,"1, 3, 5",07:00:00,12:00:00,10000,4,112,21,NULL,0,11,0,3,3,1,NULL,NULL,112,NULL,NULL,0,NULL,NULL,NULL
Made Whole > Auckland Afternoon Home,,No,1,35363,35363,"12645, 12646, 12647, 12648, 12649, 12823",,"1, 2, 3, 4, 5, 6",12:00:00,17:00:00,10000,8,94,12,Overnight Afternoon Delivery to Auckland,0,62,0,3,3,1,127,52,94,1,NULL,0,NULL,NULL,NULL
Made Whole > Auckland Evening Home,,No,1,35363,35363,"13655, 13656, 13657, 13658, 13660",,"1, 2, 3, 4, 5",18:00:00,21:00:00,10000,8,110,12,,0,62,0,3,3,1,127,52,110,1,NULL,0,NULL,NULL,NULL
Made Whole > BOP Regional Home Delivery 5am,,No,1,35363,35363,"12640, 12641, 12642, 12643, 12644",,"1, 2, 3, 4, 5",07:00:00,12:00:00,10000,3,112,7,NULL,0,12,0,3,3,1,NULL,NULL,112,NULL,NULL,NULL,NULL,NULL,NULL
Made Whole > Napier Afternoons,,No,1,35363,35363,"12804, 12805, 12806",,"2, 3, 5",10:00:00,17:00:00,10000,10,94,96,NULL,0,65,0,3,3,1,NULL,NULL,94,NULL,NULL,NULL,NULL,NULL,NULL
Made Whole > Palmy Afternoons,,No,1,35363,35363,"12815, 12816, 12817",,"2, 3, 5",10:00:00,17:00:00,10000,6,94,96,NULL,0,66,0,3,3,1,NULL,NULL,94,NULL,NULL,NULL,NULL,NULL,NULL
Made Whole > Waikato Home Delivery 5am,,No,1,35363,35363,"12635, 12636, 12637, 12638, 12639",,"1, 2, 3, 4, 5",07:00:00,12:00:00,10000,4,112,7,,0,11,0,3,3,1,NULL,NULL,112,NULL,NULL,NULL,NULL,NULL,NULL
Made Whole > Wellington Afternoons,,No,1,35363,35363,"12818, 12819, 12820, 12821, 12822",,"1, 2, 3, 4, 5",10:00:00,17:00:00,10000,16,94,96,NULL,0,26,0,3,3,1,NULL,NULL,94,NULL,NULL,NULL,NULL,NULL,NULL
Made Whole > Whangarei Regional Home Delivery 5am,,No,1,35363,35363,"12799, 12800, 12801, 12802, 12803",,"1, 2, 3, 4, 5",07:00:00,12:00:00,10000,21,112,70,NULL,1,NULL,0,3,3,1,NULL,NULL,112,NULL,NULL,NULL,NULL,NULL,NULL
MAPARI - Auckland Afternoon Chilled,,No,1,33278,33278,"13297, 13298, 13299, 13300, 13301",,"1, 2, 3, 4, 5",13:00:00,17:00:00,10000,8,123,2,NULL,0,27,NULL,8,2,2,NULL,NULL,123,NULL,NULL,NULL,NULL,NULL,NULL
MAPARI - Auckland Morning Chilled,,No,1,33278,33278,"13302, 13303, 13304, 13305, 13306",,"1, 2, 3, 4, 5",07:00:00,12:00:00,10000,8,122,16,NULL,0,27,0,8,2,2,NULL,NULL,122,1,NULL,0,NULL,NULL,NULL
MAPARI - Hamilton 11am Chilled,,No,1,33278,33278,"13312, 13313, 13314, 13315, 13316",,"1, 2, 3, 4, 5",12:00:00,17:00:00,10000,4,130,3,Chilled Delivery from Auckland to Hamilton,1,28,0,8,2,2,124,NULL,130,NULL,NULL,NULL,NULL,NULL,NULL
MAPARI - Hamilton 7am Chilled,,No,1,33278,33278,"13307, 13308, 13309, 13310, 13311",,"1, 2, 3, 4, 5",07:00:00,17:00:00,10000,4,130,16,Chilled Delivery from Auckland to Hamilton,0,28,0,8,NULL,NULL,NULL,NULL,130,NULL,NULL,NULL,NULL,NULL,NULL
MAPARI - Taupo Chilled,,No,1,33278,33278,"13322, 13323, 13324",,"1, 3, 5",07:00:00,12:00:00,10000,4,147,16,Chilled Delivery from Auckland to Taupo,1,28,0,8,2,2,124,NULL,147,NULL,NULL,NULL,NULL,NULL,NULL
MAPARI - Tauranga Chilled,,No,1,33278,33278,"13317, 13318, 13319, 13320, 13321",,"1, 2, 3, 4, 5",07:00:00,17:00:00,10000,3,131,16,Chilled Delivery from Auckland to Tauranga,1,29,0,8,NULL,NULL,NULL,NULL,131,NULL,NULL,NULL,NULL,NULL,NULL
MAPARI - Whangarei Chilled,,No,1,33278,33278,"13325, 13326, 13327, 13328, 13329",,"1, 2, 3, 4, 5",02:00:00,12:00:00,10000,21,147,3,NULL,1,71,0,8,NULL,NULL,NULL,NULL,147,NULL,NULL,0,NULL,NULL,NULL
Marken Ham - Rotorua,,No,1,8813,8813,"12916, 12917, 12918, 12919, 12920",,"1, 2, 3, 4, 5",07:00:00,13:00:00,10000,4,128,12,NULL,1,11,0,4,1,1,127,90,128,1,NULL,0,NULL,NULL,NULL
Marken Rotorua Returns,,No,1,8813,8813,"12911, 12912, 12913, 12914, 12915",,"1, 2, 3, 4, 5",13:00:00,17:00:00,10000,4,128,1,NULL,1,11,1,4,1,1,127,90,128,1,NULL,0,NULL,NULL,NULL
MAS & HAS Evening Delivery,,No,1,75,75,"5674, 5675, 5676, 5677, 5678",,"1, 2, 3, 4, 5",18:00:00,21:00:00,10000,8,141,3,NULL,0,62,1,8,1,1,127,NULL,141,2,2,1,180,NULL,NULL
MB Auckland > Taupo (Mon),,No,1,32335,32335,7703,,1,07:30:00,12:00:00,10000,4,128,22,NULL,0,11,1,8,2,1,127,NULL,128,1,NULL,1,1270,NULL,NULL
MB Auckland > Taupo (Wed & Fri),,No,1,32335,32335,"7704, 7705",,"3, 5",07:30:00,12:00:00,10000,4,128,17,NULL,0,11,1,8,2,1,127,NULL,128,1,NULL,1,960,NULL,NULL
MB Auckland Afternoon Delivery 12pm - 5pm,,No,1,32335,32335,"5040, 5041, 5042, 5043, 5044",,"1, 2, 3, 4, 5",12:00:00,17:00:00,10000,8,140,3,Meat Box Auckland Afternoon Deliveries,NULL,62,0,8,2,1,127,62,140,1,2,0,105,NULL,NULL
MB Auckland Evening Delivery 6pm - 9pm,,No,1,32335,32335,"5172, 5173, 5174, 5175, 5176",,"1, 2, 3, 4, 5",18:00:00,21:00:00,10000,8,141,3,Meat Box Auckland Evening Deliveries,NULL,62,0,8,2,1,127,62,141,1,2,0,175,NULL,NULL
MB Auckland Saturday Delivery 12pm - 5pm,,No,1,32335,32335,6909,,6,12:00:00,17:00:00,10000,8,140,22,Meat Box Auckland Afternoon Deliveries,NULL,62,0,8,2,1,127,62,140,1,2,0,1230,NULL,NULL
Meat Box Monday CHCH 12-6pm,,No,1,32335,32335,6489,,1,12:00:00,18:00:00,10000,20,95,50,NULL,0,18,0,8,NULL,NULL,NULL,NULL,95,NULL,NULL,NULL,NULL,NULL,NULL
Medical Napier pre 8am,,No,1,32929,32929,"4571, 4572, 4573, 4574, 4575",,"1, 2, 3, 4, 5",06:00:00,08:00:00,10000,10,145,17,Overnight delivery to Napier delivered before 8am,1,65,1,8,1,1,127,NULL,145,1,2,NULL,NULL,NULL,NULL
Medical Palmerston North pre 8am,,No,1,32929,32929,"4566, 4567, 4568, 4569, 4570",,"1, 2, 3, 4, 5",06:00:00,08:00:00,10000,6,145,17,Overnight delivery Palmerston North delivered before 8am,1,66,1,8,1,1,127,NULL,145,1,2,NULL,NULL,NULL,NULL
Medical Wellington Pre 12pm,,No,1,32929,32929,"6814, 6815, 6816, 6817, 6818",,"1, 2, 3, 4, 5",06:00:00,12:00:00,10000,34,164,17,Overnight delivery to Wellington delivered before 12pm,1,26,1,33,1,1,127,NULL,164,1,2,NULL,NULL,NULL,NULL
MF Auckland - Taupo Home Delivery 7am-12pm,,No,1,16627,16627,"6603, 6604, 6605",,"1, 3, 5",07:00:00,12:00:00,10000,4,112,16,NULL,0,11,1,8,NULL,NULL,142,NULL,112,1,NULL,NULL,NULL,NULL,NULL
MF Auckland - Waikato Home Delivery,,No,1,32907,32907,"6547, 6548, 6549, 6550, 6551",,"1, 2, 3, 4, 5",13:00:00,18:00:00,10000,4,112,4,NULL,0,11,0,8,2,NULL,NULL,NULL,112,NULL,NULL,NULL,NULL,NULL,NULL
MF Auckland - Waikato Home Delivery 12pm-5pm,,No,1,16627,16627,"6552, 6553, 6554, 6555, 6556",,"1, 2, 3, 4, 5",13:00:00,18:00:00,10000,4,112,4,NULL,0,11,1,8,2,NULL,142,NULL,112,1,NULL,NULL,NULL,NULL,NULL
MF Auckland > Tauranga Express 3-6:30pm,,No,1,16627,16627,"6562, 6563, 6564, 6565, 6566",,"1, 2, 3, 4, 5",15:00:00,18:00:00,10000,3,129,5,,1,12,1,8,1,1,142,NULL,129,1,2,NULL,NULL,NULL,NULL
MF Auckland Evening Delivery 6pm - 9pm,,No,1,16627,16627,"6573, 6574, 6575, 6576, 6577",,"1, 2, 3, 4, 5",18:00:00,21:00:00,10000,8,110,6,,NULL,62,0,8,1,1,127,62,110,2,2,NULL,NULL,NULL,NULL
MF Auckland M-Day 8am - 12pm,,No,1,32907,32907,"7724, 12285",,"6, 7",08:00:00,12:00:00,10000,8,95,5,Sunday delivery between 8am & 12pm,0,62,0,8,1,1,142,NULL,95,1,2,NULL,NULL,NULL,NULL
MF Auckland Outers,,No,1,16627,16627,"6026, 6578, 6579, 6580, 6581, 6582",,"1, 2, 3, 4, 5, 6",12:00:00,17:00:00,10000,8,94,2,NULL,NULL,84,1,8,NULL,NULL,127,NULL,94,1,NULL,1,120,NULL,NULL
MF Auckland Sunday 12pm - 6pm,,No,1,32907,32907,7880,,7,12:00:00,18:00:00,10000,8,95,6,NULL,0,14,0,8,NULL,NULL,142,NULL,95,1,2,0,-1,NULL,NULL
MF Napier Afternoons 12pm-5pm,,No,1,16627,16627,"6611, 6612, 6613",,"2, 3, 5",12:00:00,17:00:00,10000,10,94,24,NULL,0,65,1,8,2,1,142,NULL,94,1,NULL,NULL,NULL,NULL,NULL
MF Palmerston North Afternoons 12pm-5pm,,No,1,16627,16627,"6614, 6615, 6616",,"2, 3, 5",12:00:00,17:00:00,10000,6,94,24,NULL,0,66,1,8,2,1,142,NULL,94,1,NULL,NULL,NULL,NULL,NULL
MF Wellington Afternoons 12pm-5pm,,No,1,16627,16627,"6622, 6623, 6624, 6625, 6626",,"1, 2, 3, 4, 5",12:00:00,17:00:00,10000,16,94,24,NULL,0,26,1,8,2,1,142,NULL,94,1,NULL,NULL,NULL,NULL,NULL
MF Whangarei Home Delivery 7am-12pm,,No,1,16627,16627,"6606, 6607, 6608, 6609, 6610",,"1, 2, 3, 4, 5",07:00:00,12:00:00,10000,21,112,18,NULL,1,NULL,1,8,NULL,NULL,142,NULL,112,1,NULL,NULL,NULL,360,NULL
MILGY - Auckland Afternoon Chilled,,No,1,35739,35739,"4390, 4391, 4392, 4393, 4394",,"1, 2, 3, 4, 5",13:00:00,17:00:00,10000,8,123,2,NULL,0,27,NULL,8,2,2,NULL,NULL,123,NULL,NULL,NULL,NULL,NULL,NULL
MILGY -  Auckland Afternoons,,No,1,35739,35739,"4342, 4343, 4344, 4345, 4346, 4347",,"1, 2, 3, 4, 5, 6",12:00:00,17:00:00,10000,8,94,2,NULL,NULL,NULL,NULL,8,NULL,NULL,NULL,NULL,94,NULL,NULL,NULL,NULL,NULL,NULL
MILGY - Auckland Morning Chilled,,No,1,35739,35739,"4395, 4396, 4397, 4398, 4399",,"1, 2, 3, 4, 5",07:00:00,12:00:00,10000,8,122,16,Auckland Morning Chilled Delivery 7am - 12pm,0,27,0,8,2,2,NULL,NULL,122,NULL,NULL,NULL,NULL,NULL,NULL
MILGY -  Bay Of Plenty Delivery,,No,1,35739,35739,"4367, 4368, 4369, 4370, 4371",,"1, 2, 3, 4, 5",07:00:00,12:00:00,10000,3,112,16,NULL,0,12,0,8,NULL,NULL,NULL,NULL,112,NULL,NULL,NULL,NULL,NULL,NULL
MILGY -  Evening Home Auckland,,No,1,35739,35739,"4357, 4358, 4359, 4360, 4361",,"1, 2, 3, 4, 5",18:00:00,21:00:00,10000,8,110,3,Evening Home,NULL,NULL,NULL,8,NULL,NULL,NULL,NULL,110,NULL,NULL,NULL,NULL,NULL,NULL
MILGY - Hamilton Chilled,,No,1,35739,35739,"4530, 4531, 4532, 4533, 4534",,"1, 2, 3, 4, 5",07:00:00,17:00:00,10000,4,130,16,NULL,0,28,0,8,NULL,NULL,NULL,NULL,130,NULL,NULL,NULL,NULL,NULL,NULL
MILGY -  Napier Afternoon Delivery,,No,1,35739,35739,"4348, 4349",,"2, 5",12:00:00,17:00:00,10000,10,94,24,NULL,0,NULL,0,6,2,1,NULL,NULL,94,NULL,NULL,NULL,NULL,NULL,NULL
MILGY -  Palmerston North Afternoon Delivery,,No,1,35739,35739,"4350, 4351",,"2, 5",12:00:00,17:00:00,10000,6,94,24,NULL,0,NULL,0,8,2,1,NULL,NULL,94,NULL,NULL,NULL,NULL,NULL,NULL
MILGY - Tauranga Chilled,,No,1,35739,35739,"4535, 4536, 4537, 4538, 4539",,"1, 2, 3, 4, 5",07:00:00,17:00:00,10000,3,131,16,NULL,0,29,0,8,NULL,NULL,NULL,NULL,131,NULL,NULL,NULL,NULL,NULL,NULL
MILGY - Waikato Delivery,,No,1,35739,35739,"4362, 4363, 4364, 4365, 4366",,"1, 2, 3, 4, 5",07:00:00,12:00:00,10000,4,112,16,NULL,0,11,0,8,NULL,NULL,NULL,NULL,112,NULL,NULL,NULL,NULL,NULL,NULL
MILGY - Wellington Afternoon Delivery,,No,1,35739,35739,"4352, 4353, 4354, 4355, 4356",,"1, 2, 3, 4, 5",12:00:00,17:00:00,10000,16,94,24,NULL,0,26,0,8,2,1,NULL,NULL,94,NULL,NULL,NULL,NULL,NULL,NULL
MILGY - Wellington Chilled,,No,1,35739,35739,"4540, 4541, 4542, 4543, 4544",,"1, 2, 3, 4, 5",09:00:00,15:00:00,10000,16,147,21,,0,26,0,8,2,2,NULL,NULL,147,NULL,NULL,NULL,NULL,NULL,NULL
MILGY - Whangarei Delivery,,No,1,35739,35739,"4372, 4373, 4374, 4375, 4376",,"1, 2, 3, 4, 5",07:00:00,12:00:00,10000,21,112,16,NULL,1,NULL,0,21,NULL,NULL,NULL,NULL,112,NULL,NULL,NULL,NULL,360,NULL
Monday 2 hour express,,No,1,17732,17732,"262, 263, 264, 1357, 1358, 1359, 2388",,1,10:00:00,12:00:00,10000,8,24,6,,1,NULL,NULL,8,NULL,NULL,NULL,NULL,24,NULL,NULL,NULL,NULL,NULL,NULL
Monday Afternoon Bay of Plenty Express,,No,1,33094,33094,1045,,1,12:00:00,17:00:00,10000,3,111,14,Live tracked - Delivery from 3-6pm,0,NULL,0,3,NULL,NULL,NULL,NULL,111,NULL,NULL,NULL,NULL,NULL,NULL
Monday Afternoon Express,,No,2,"33089, 33091",33089,876,881,1,12:00:00,14:00:00,10000,8,25,1,"Afternoon Express - Book by 11am, delivery from 12-2pm",1,NULL,0,8,NULL,NULL,NULL,NULL,25,NULL,NULL,NULL,NULL,NULL,NULL
Monday Afternoon Express #2,Monday Afternoon Express,No,1,32758,32758,183,,1,12:00:00,17:00:00,10000,8,94,3,NULL,NULL,NULL,NULL,8,NULL,NULL,NULL,NULL,94,NULL,NULL,NULL,NULL,NULL,NULL
Monday Afternoon Express #3,Monday Afternoon Express,No,1,32822,32822,302,,1,12:00:00,17:00:00,10000,8,94,2,Premium live tracked delivery service with Urgent Couriers,NULL,NULL,NULL,8,NULL,NULL,NULL,NULL,94,NULL,NULL,NULL,NULL,NULL,NULL
Monday Afternoon Express #4,Monday Afternoon Express,No,1,33093,33093,892,,1,15:00:00,17:00:00,10000,8,25,2,"Express, live-tracked delivery between 3-5pm",1,NULL,0,8,NULL,NULL,NULL,NULL,25,NULL,NULL,NULL,NULL,NULL,NULL
Monday Afternoon Express #5,Monday Afternoon Express,No,1,33094,33094,897,,1,12:00:00,17:00:00,10000,8,94,14,Live tracked - Delivery from 12-5pm,0,NULL,0,8,NULL,NULL,NULL,NULL,94,NULL,NULL,NULL,NULL,NULL,NULL
Monday afternoon express delivery,,No,1,32773,32773,287,,1,12:00:00,17:00:00,10000,8,94,3,Afternoon Home and Office delivery between 12pm and 5pm,NULL,NULL,NULL,8,NULL,NULL,NULL,NULL,94,NULL,NULL,NULL,NULL,NULL,NULL
Monday Afternoon Home,,No,1,32429,32429,169,,1,12:00:00,17:00:00,10000,8,94,70,Fast live tracked delivery with Urgent Couriers,NULL,NULL,NULL,8,NULL,NULL,NULL,NULL,94,NULL,NULL,NULL,NULL,NULL,NULL
Monday Afternoon Home #2,Monday Afternoon Home,No,1,18232,18232,200,,1,12:00:00,17:00:00,10000,8,94,6,Live tracked delivery service,NULL,NULL,NULL,8,NULL,NULL,NULL,NULL,94,NULL,NULL,NULL,NULL,NULL,NULL
Monday Afternoon Home #3,Monday Afternoon Home,No,1,32799,32799,335,,1,12:00:00,17:00:00,10000,8,94,3,Express delivery to your door,NULL,NULL,NULL,8,NULL,NULL,NULL,NULL,94,NULL,NULL,NULL,NULL,NULL,NULL
Monday Afternoon Home Auckland,,No,1,34381,34381,1945,,1,12:00:00,17:00:00,10000,8,94,1,NULL,0,NULL,0,8,NULL,NULL,NULL,NULL,94,NULL,NULL,NULL,NULL,NULL,NULL
Monday Afternoon Service,,No,1,32710,32710,132,,1,12:00:00,17:00:00,10000,8,94,12,NULL,NULL,NULL,NULL,8,NULL,NULL,NULL,NULL,94,NULL,NULL,NULL,NULL,NULL,NULL
Monday Afternoon Waikato Express,,No,1,33094,33094,1040,,1,12:00:00,17:00:00,10000,4,111,14,Live tracked - Delivery from 1-6pm,0,NULL,0,4,NULL,NULL,NULL,NULL,111,NULL,NULL,NULL,NULL,NULL,NULL
Monday Afternoon Whangarei Express,,No,1,33094,33094,1051,,1,12:00:00,17:00:00,10000,21,111,14,Live tracked - Delivery from 12-5pm,1,NULL,0,21,NULL,NULL,NULL,NULL,111,NULL,NULL,NULL,NULL,360,NULL
Monday Evening Delivery,,No,1,32340,32340,630,,1,18:00:00,21:00:00,10000,8,110,3,NULL,0,NULL,NULL,8,NULL,NULL,NULL,NULL,110,NULL,NULL,NULL,NULL,NULL,NULL
Monday Evening Express,,No,2,"33089, 33091",33089,861,866,1,15:00:00,17:00:00,10000,8,25,1,"Evening Express - Book by 2pm, delivery from 3-5pm",1,NULL,0,8,NULL,NULL,NULL,NULL,25,NULL,NULL,NULL,NULL,NULL,NULL
Monday Evening Express #2,Monday Evening Express,No,1,32758,32758,189,,1,18:00:00,21:00:00,10000,8,110,3,NULL,NULL,NULL,NULL,8,NULL,NULL,NULL,NULL,110,NULL,NULL,NULL,NULL,NULL,NULL
Monday Evening Express #3,Monday Evening Express,No,1,32822,32822,317,,1,18:00:00,21:00:00,10000,8,110,3,Premium live tracked delivery service with Urgent Couriers,NULL,NULL,NULL,8,NULL,NULL,NULL,NULL,110,NULL,NULL,NULL,NULL,NULL,NULL
Monday Evening Express #4,Monday Evening Express,No,1,33094,33094,902,,1,18:00:00,21:00:00,10000,8,110,8,Live tracked - Delivery from 6-9pm,0,NULL,0,8,NULL,NULL,NULL,NULL,110,NULL,NULL,NULL,NULL,NULL,NULL
Monday Evening Home,,No,1,32429,32429,174,,1,18:00:00,21:00:00,10000,8,110,4,Fast live tracked delivery with Urgent Couriers,NULL,NULL,NULL,8,NULL,NULL,NULL,NULL,110,NULL,NULL,NULL,NULL,NULL,NULL
Monday Evening Home #2,Monday Evening Home,No,1,18232,18232,194,,1,18:00:00,21:00:00,10000,8,110,12,Live tracked delivery service,NULL,NULL,NULL,8,NULL,NULL,NULL,NULL,110,NULL,NULL,NULL,NULL,NULL,NULL
Monday Evening Home #3,Monday Evening Home,No,1,32770,32770,205,,1,18:00:00,21:00:00,10000,8,110,3,Express live tracked delivery service,NULL,NULL,NULL,8,NULL,NULL,NULL,NULL,110,NULL,NULL,NULL,NULL,NULL,NULL
Monday Evening Home #4,Monday Evening Home,No,1,32799,32799,341,,1,18:00:00,21:00:00,10000,8,110,3,Express delivery to your door,NULL,NULL,NULL,8,NULL,NULL,NULL,NULL,110,NULL,NULL,NULL,NULL,NULL,NULL
Monday express delivery,,No,1,32773,32773,292,,1,14:00:00,16:00:00,10000,8,25,2,Two hour delivery between 2pm - 4pm same day,1,NULL,NULL,8,NULL,NULL,NULL,NULL,25,NULL,NULL,NULL,NULL,NULL,NULL
Monday HD Napier,,No,1,1632,1632,"1884, 1885",,"1, 2",12:00:00,17:00:00,10000,10,95,2,NULL,0,23,0,10,NULL,NULL,NULL,NULL,95,NULL,NULL,NULL,NULL,NULL,NULL
Monday HF Hamilton,,No,1,17921,17921,38,,1,07:00:00,17:00:00,10000,4,96,10,NULL,NULL,44,NULL,4,NULL,NULL,NULL,NULL,96,NULL,NULL,NULL,NULL,NULL,NULL
Monday Morning 3 Hour,,No,1,216,216,1578,,1,09:00:00,13:00:00,10000,8,4,1,"Live-tracked, express service",1,NULL,0,8,NULL,NULL,NULL,NULL,4,NULL,NULL,NULL,NULL,NULL,NULL
Monday Morning Express,,No,2,"33089, 33091",33089,871,886,1,10:00:00,12:00:00,10000,8,25,1,"Morning Express - Book by 9am, delivery from 10am-12pm",1,NULL,0,8,NULL,NULL,NULL,NULL,25,NULL,NULL,NULL,NULL,NULL,NULL
Monday same day delivery,,No,1,32714,32714,162,,1,18:00:00,21:00:00,10000,8,110,4,Premium live tracked delivery service,NULL,NULL,NULL,8,NULL,NULL,NULL,NULL,110,NULL,NULL,NULL,NULL,NULL,NULL
Monday to Friday 1 Hour Express (10:30am),,No,1,35612,35612,"4020, 4021, 4022, 4023, 4024",,"1, 2, 3, 4, 5",10:30:00,11:30:00,10000,8,1,1,,1,NULL,NULL,8,NULL,NULL,NULL,NULL,1,NULL,NULL,NULL,NULL,NULL,NULL
Monday to Friday 1 Hour Express (11:30am),,No,1,35612,35612,"4025, 4026, 4027, 4028, 4029",,"1, 2, 3, 4, 5",11:30:00,12:30:00,10000,8,1,1,,1,NULL,NULL,8,NULL,NULL,NULL,NULL,1,NULL,NULL,NULL,NULL,NULL,NULL
Monday to Friday 1 Hour Express (12:30pm),,No,1,35612,35612,"4030, 4031, 4032, 4033, 4034",,"1, 2, 3, 4, 5",12:30:00,13:30:00,10000,8,1,1,,1,NULL,NULL,8,NULL,NULL,NULL,NULL,1,NULL,NULL,NULL,NULL,NULL,NULL
Monday to Friday 1 Hour Express (1:30pm),,No,1,35612,35612,"4035, 4036, 4037, 4038, 4039",,"1, 2, 3, 4, 5",13:30:00,14:30:00,10000,8,1,1,,1,NULL,NULL,8,NULL,NULL,NULL,NULL,1,NULL,NULL,NULL,NULL,NULL,NULL
Monday to Friday 1 Hour Express (2:30pm),,No,1,35612,35612,"4040, 4041, 4042, 4043, 4044",,"1, 2, 3, 4, 5",14:30:00,15:30:00,10000,8,1,1,,1,NULL,NULL,8,NULL,NULL,NULL,NULL,1,NULL,NULL,NULL,NULL,NULL,NULL
Monday to Friday 1 Hour Express (8:30am),,No,1,35612,35612,"4010, 4011, 4012, 4013, 4014",,"1, 2, 3, 4, 5",08:30:00,09:30:00,10000,8,1,21,,1,NULL,NULL,8,NULL,NULL,NULL,NULL,1,NULL,NULL,NULL,NULL,NULL,NULL
Monday to Friday 1 Hour Express (9:30am),,No,1,35612,35612,"4015, 4016, 4017, 4018, 4019",,"1, 2, 3, 4, 5",09:30:00,10:30:00,10000,8,1,1,,1,NULL,NULL,8,NULL,NULL,NULL,NULL,1,NULL,NULL,NULL,NULL,NULL,NULL
Monday to Friday 3 Hour Express (11:00am-2:00pm),,No,1,35612,35612,"4000, 4001, 4002, 4003, 4004",,"1, 2, 3, 4, 5",11:00:00,14:00:00,10000,8,4,1,,1,NULL,NULL,8,NULL,NULL,NULL,NULL,4,NULL,NULL,NULL,NULL,NULL,NULL
Monday to Friday 3 Hour Express (2:00pm-5:00pm),,No,1,35612,35612,"4005, 4006, 4007, 4008, 4009",,"1, 2, 3, 4, 5",14:00:00,17:00:00,10000,8,4,1,,1,NULL,NULL,8,NULL,NULL,NULL,NULL,4,NULL,NULL,NULL,NULL,NULL,NULL
Monday WOOP Dunedin 2-8pm,,No,1,34155,34155,1873,,1,14:00:00,20:00:00,10000,17,95,76,NULL,0,24,0,17,NULL,NULL,NULL,NULL,95,NULL,NULL,NULL,NULL,NULL,NULL
Morning Chilled,,No,1,36473,36473,"7861, 7862, 7863, 7864, 7865",,"1, 2, 3, 4, 5",07:00:00,12:00:00,10000,8,122,0,Auckland Morning Chilled Delivery Service,0,27,0,8,2,2,NULL,NULL,122,NULL,NULL,NULL,NULL,NULL,NULL
Morning Cool - AKL,,No,1,32920,32920,"1300, 1301, 1302, 1303, 1304",,"1, 2, 3, 4, 5",07:00:00,12:00:00,10000,8,122,1,NULL,0,NULL,0,8,NULL,NULL,NULL,NULL,122,NULL,NULL,NULL,NULL,NULL,NULL
Morning Cool AKL,,No,1,123,123,"1446, 1447, 1448, 1449, 1450",,"1, 2, 3, 4, 5",07:00:00,12:00:00,10000,8,122,16,NULL,0,NULL,0,8,NULL,NULL,NULL,NULL,122,NULL,NULL,NULL,NULL,NULL,NULL
Morning Delivery (Between 9am-12pm),,No,1,33242,33242,"4682, 4683, 4684, 4685, 4686, 4687",,"1, 2, 3, 4, 5, 6",09:00:00,12:00:00,10000,8,4,1,NULL,1,NULL,0,8,NULL,NULL,NULL,NULL,4,NULL,NULL,NULL,NULL,NULL,NULL
Morning Economy Run (Sat-Sun),,No,1,9673,9673,"6669, 6670",,"6, 7",09:00:00,13:00:00,10000,8,157,0,NULL,1,NULL,0,8,NULL,NULL,NULL,NULL,157,NULL,NULL,NULL,NULL,NULL,NULL
Mothers Day,,No,2,"17589, 33656",17589,4768,4769,7,08:00:00,15:00:00,10000,8,96,20,NULL,0,NULL,0,8,NULL,NULL,NULL,NULL,96,NULL,NULL,NULL,NULL,NULL,NULL
MOUMI Auckland 4hr Economy,,No,1,17589,17589,"8385, 8386, 8387, 8388, 8389",,"1, 2, 3, 4, 5",08:00:00,12:00:00,10000,8,160,20,NULL,1,62,NULL,8,NULL,NULL,NULL,NULL,160,NULL,NULL,NULL,NULL,NULL,NULL
MOUMI Auckland Afternoons,,No,1,17589,17589,"6117, 6118, 6119, 6120, 6121, 6122, 6719, 6720, 6721, 6722, 6723, 6724",,"1, 2, 3, 4, 5, 6",12:00:00,17:00:00,10000,8,94,2,NULL,NULL,62,NULL,8,NULL,NULL,NULL,NULL,94,NULL,NULL,NULL,NULL,NULL,NULL
MOUMI Napier Afternoons AH,,No,1,17589,17589,"6081, 6082, 6286",,"2, 3, 5",12:00:00,17:00:00,10000,10,94,24,NULL,0,65,0,6,2,1,NULL,NULL,94,NULL,NULL,NULL,NULL,NULL,NULL
MOUMI Palmerston North Afternoons AH,,No,1,17589,17589,"6079, 6080, 6287",,"2, 3, 5",12:00:00,17:00:00,10000,6,94,24,NULL,0,66,0,8,2,1,NULL,NULL,94,NULL,NULL,NULL,NULL,NULL,NULL
MOUMI Sunday Auckland,,No,1,17589,17589,12921,,7,12:00:00,18:00:00,10000,8,95,2,Sunday delivery,0,14,0,8,2,1,142,NULL,95,NULL,2,NULL,NULL,NULL,NULL
MOUMI Sunday HMLTN,,No,1,17589,17589,13681,,7,12:00:00,18:00:00,10000,4,95,48,NULL,NULL,19,NULL,8,NULL,NULL,NULL,NULL,95,NULL,NULL,NULL,NULL,NULL,NULL
MOUMI Sunday NPE,,No,1,17589,17589,13682,,7,12:00:00,18:00:00,10000,10,95,48,NULL,NULL,23,NULL,8,NULL,NULL,NULL,NULL,95,NULL,NULL,NULL,NULL,NULL,NULL
MOUMI Sunday Palmerston North,,No,1,17589,17589,13683,,7,12:00:00,18:00:00,10000,6,95,48,NULL,NULL,22,NULL,8,NULL,NULL,NULL,NULL,95,NULL,NULL,NULL,NULL,NULL,NULL
MOUMI Sunday TRG,,No,1,17589,17589,13685,,7,12:00:00,18:00:00,10000,3,95,48,NULL,NULL,20,NULL,8,NULL,NULL,NULL,NULL,95,NULL,NULL,NULL,NULL,NULL,NULL
MOUMI Sunday Wellington,,No,1,17589,17589,13684,,7,12:00:00,18:00:00,10000,16,95,48,NULL,NULL,21,NULL,8,NULL,NULL,NULL,NULL,95,NULL,NULL,NULL,NULL,NULL,NULL
MOUMI Taupo Regional Home Delivery,,No,1,17589,17589,"7343, 7344, 7345",,"1, 3, 5",07:00:00,12:00:00,10000,4,112,16,NULL,0,11,0,8,NULL,NULL,NULL,NULL,112,NULL,NULL,0,NULL,NULL,NULL
MOUMI Tauranga Regional Home Delivery,,No,1,17589,17589,"7346, 7347, 7348, 7349, 7350",,"1, 2, 3, 4, 5",07:00:00,12:00:00,10000,3,112,16,NULL,0,12,0,4,NULL,NULL,NULL,NULL,112,NULL,NULL,NULL,NULL,NULL,NULL
MOUMI Waikato Home Delivery,,No,1,17589,17589,"7338, 7339, 7340, 7341, 7342",,"1, 2, 3, 4, 5",07:00:00,12:00:00,10000,4,112,16,NULL,0,11,0,8,NULL,NULL,NULL,NULL,112,NULL,NULL,NULL,NULL,NULL,NULL
MOUMI Wellington Afternoons AH,,No,1,17589,17589,"6083, 6084, 6085, 6086, 6087",,"1, 2, 3, 4, 5",10:00:00,17:00:00,10000,16,94,24,NULL,0,26,0,8,2,1,NULL,NULL,94,NULL,NULL,NULL,NULL,NULL,NULL
MOUMI WRE Regional Home Delivery,,No,1,17589,17589,"7351, 7352, 7353, 7354, 7355",,"1, 2, 3, 4, 5",07:00:00,12:00:00,10000,21,112,16,NULL,1,NULL,0,21,NULL,NULL,NULL,NULL,112,NULL,NULL,NULL,NULL,NULL,NULL
Mum's DAY MORNING,,No,1,17869,17869,4767,,7,08:00:00,15:00:00,10000,8,96,8,NULL,0,NULL,0,8,NULL,1,NULL,NULL,96,NULL,NULL,NULL,NULL,NULL,NULL
NAKED - Auckland Afternoons,,No,1,33933,33933,"12850, 12851, 12852, 12853, 12854, 12855",,"1, 2, 3, 4, 5, 6",12:00:00,17:00:00,10000,8,94,2,NULL,NULL,62,NULL,8,3,NULL,NULL,NULL,94,NULL,NULL,NULL,NULL,NULL,NULL
Naked -  Auckland Evening Home Auckland,,No,1,33933,33933,"12922, 12923, 12924, 12925, 12926",,"1, 2, 3, 4, 5",18:00:00,21:00:00,10000,8,110,3,Evening Home,NULL,62,NULL,8,NULL,NULL,NULL,NULL,110,NULL,NULL,NULL,NULL,NULL,NULL
NAKED - Hamilton Delivery,,No,1,33933,33933,"12867, 12868, 12869, 12870, 12871",,"1, 2, 3, 4, 5",07:00:00,12:00:00,10000,4,112,16,,1,11,0,8,3,1,NULL,NULL,112,NULL,NULL,NULL,NULL,NULL,NULL
NAKED - Napier Afternoons AH,,No,1,33933,33933,"12856, 12857, 12858",,"2, 3, 5",10:00:00,17:00:00,10000,10,94,26,NULL,0,65,0,8,3,1,NULL,NULL,94,NULL,NULL,NULL,NULL,NULL,NULL
NAKED - Palmy Afternoons AH,,No,1,33933,33933,"12859, 12860, 12861",,"2, 3, 5",10:00:00,17:00:00,10000,6,94,26,NULL,0,66,0,8,3,1,NULL,NULL,94,NULL,NULL,NULL,NULL,NULL,NULL
NAKED - Taupo Run,,No,1,33933,33933,"12872, 12873, 12874",,"1, 3, 5",07:00:00,12:00:00,10000,4,112,16,NULL,1,11,0,8,3,1,NULL,NULL,112,NULL,NULL,0,NULL,NULL,NULL
NAKED - Tauranga Delivery,,No,1,33933,33933,"12875, 12876, 12877, 12878, 12879",,"1, 2, 3, 4, 5",07:00:00,12:00:00,10000,3,112,16,NULL,1,12,0,8,3,1,NULL,NULL,112,NULL,NULL,NULL,NULL,NULL,NULL
NAKED - Wellington Afternoons AH,,No,1,33933,33933,"12862, 12863, 12864, 12865, 12866",,"1, 2, 3, 4, 5",10:00:00,17:00:00,10000,16,94,68,NULL,0,26,0,8,3,1,NULL,NULL,94,NULL,NULL,0,NULL,NULL,NULL
Naked - Whangarei Delivery,,No,1,33933,33933,"12880, 12881, 12882, 12883, 12884",,"1, 2, 3, 4, 5",07:00:00,12:00:00,10000,21,112,16,NULL,1,NULL,0,8,3,1,NULL,NULL,112,NULL,NULL,NULL,NULL,NULL,NULL
Napier Afternoon Home,,No,1,11119,11119,"4227, 4228",,"2, 5",12:00:00,17:00:00,10000,10,94,25,Napier Afternoon Home - Delivery between 12pm to 5pm,0,NULL,0,8,1,1,NULL,NULL,94,NULL,NULL,NULL,NULL,NULL,NULL
Napier Afternoons AH #2,Napier Afternoons AH,No,1,16298,16298,"4579, 4580",,"2, 5",12:00:00,17:00:00,10000,10,94,24,NULL,0,65,0,6,2,1,NULL,NULL,94,NULL,NULL,NULL,NULL,NULL,NULL
Napier Afternoons AH #3,Napier Afternoons AH,No,1,36698,36698,"13050, 13051, 13052",,"2, 3, 5",10:00:00,17:00:00,10000,10,94,26,NULL,0,65,0,8,1,1,NULL,NULL,94,NULL,NULL,NULL,NULL,NULL,NULL
Napier Chilled Pallets,,No,1,36473,36473,"9590, 9591, 9592, 9593, 9594, 9595",,"1, 2, 3, 4, 5, 6",06:00:00,11:00:00,10000,10,147,17,,0,NULL,0,10,2,2,124,NULL,147,NULL,NULL,NULL,NULL,NULL,NULL
Napier Hastings Chilled,,No,1,35221,35221,"6883, 6884, 6885, 6886, 6887",,"1, 2, 3, 4, 5",06:00:00,17:00:00,10000,10,147,17,NULL,0,NULL,0,8,2,2,NULL,NULL,147,2,NULL,0,NULL,NULL,NULL
Napier Pallet Delivery,,No,1,36354,36354,"5967, 5968",,"2, 5",12:00:00,17:00:00,10000,10,96,24,NULL,0,65,0,6,2,1,NULL,NULL,96,NULL,NULL,NULL,NULL,NULL,NULL
Napier Sunday 12pm - 6pm,,No,1,32335,32335,4994,,7,12:00:00,18:00:00,10000,10,95,45,NULL,0,23,1,8,2,1,127,NULL,95,1,2,1,2670,NULL,NULL
Nelson Test Schedule Pre10am,,No,1,32929,32929,"12927, 12928, 12929, 12930, 12931",,"1, 2, 3, 4, 5",08:00:00,10:00:00,10000,24,164,18,Overnight delivery to Nelson. Book by 2pm,1,NULL,1,37,1,1,166,NULL,137,1,NULL,0,NULL,NULL,NULL
Nelson Test Schedule Pre8am,,No,1,32929,32929,"13699, 13700, 13701, 13702, 13703",,"1, 2, 3, 4, 5",06:00:00,08:00:00,10000,24,165,16,Overnight delivery to Nelson. Book by 2pm,1,NULL,1,37,1,1,166,NULL,137,1,NULL,0,NULL,NULL,NULL
NM Sunday 2-8pm Auckland,,No,1,32530,32530,1994,,7,12:00:00,18:00:00,10000,8,95,74,NULL,0,14,0,8,2,2,NULL,NULL,95,NULL,NULL,NULL,NULL,NULL,NULL
NM Sunday 2-8pm HAM,,No,1,32530,32530,1995,,7,12:00:00,18:00:00,10000,4,95,74,NULL,0,19,0,8,2,2,NULL,NULL,95,NULL,NULL,NULL,NULL,NULL,NULL
NM Sunday 2-8pm NPE1,,No,1,32530,32530,1998,,7,12:00:00,18:00:00,10000,10,95,74,NULL,0,23,0,8,2,2,NULL,NULL,95,NULL,NULL,NULL,NULL,NULL,NULL
NM Sunday 2-8pm PMR,,No,1,32530,32530,1999,,7,12:00:00,18:00:00,10000,6,95,74,NULL,0,22,0,8,2,2,NULL,NULL,95,NULL,NULL,NULL,NULL,NULL,NULL
NM Sunday 2-8pm TGA,,No,1,32530,32530,1996,,7,12:00:00,18:00:00,10000,3,95,74,NULL,0,20,0,4,2,2,NULL,NULL,95,NULL,NULL,NULL,NULL,NULL,NULL
NM Sunday 2-8pm WGT,,No,1,32530,32530,1997,,7,12:00:00,18:00:00,10000,16,95,74,NULL,0,21,0,8,2,2,NULL,NULL,95,NULL,NULL,NULL,NULL,NULL,NULL
NM Tauranga Same Day Delivery,,No,1,32530,32530,"581, 582, 583, 584, 585",,"1, 2, 3, 4, 5",12:00:00,17:00:00,10000,3,112,3,NULL,0,12,NULL,4,NULL,NULL,NULL,NULL,112,NULL,NULL,NULL,NULL,NULL,NULL
NM Waikato Same Day Delivery,,No,1,32530,32530,"576, 577, 578, 579, 580",,"1, 2, 3, 4, 5",12:00:00,17:00:00,10000,4,112,3,Afternoon delivery to your door,0,11,NULL,8,NULL,NULL,NULL,NULL,112,NULL,NULL,NULL,NULL,NULL,NULL
Nourished Auckland - Hamilton 11am Chilled,,No,1,36869,36869,"9824, 9825, 9826, 9827, 9828",,"1, 2, 3, 4, 5",13:00:00,17:00:00,10000,4,130,3,NULL,0,11,0,8,2,2,124,NULL,130,NULL,NULL,NULL,NULL,NULL,NULL
Nourished Auckland - Hamilton 5am Chilled,,No,1,36869,36869,"9902, 9903, 9904, 9905, 9906",,"1, 2, 3, 4, 5",07:00:00,12:00:00,10000,4,130,16,NULL,0,28,0,8,NULL,NULL,NULL,NULL,130,NULL,NULL,NULL,NULL,NULL,NULL
Nourished Auckland - Taupo Chilled,,No,1,36869,36869,"9829, 9830, 9831",,"1, 3, 5",07:00:00,12:00:00,10000,4,147,16,NULL,0,28,0,8,2,2,124,NULL,147,NULL,NULL,NULL,NULL,NULL,NULL
Nourished Auckland - Tauranga 11am Chilled,,No,1,36869,36869,"9832, 9833, 9834, 9835, 9836",,"1, 2, 3, 4, 5",07:00:00,17:00:00,10000,3,131,16,NULL,0,29,0,8,NULL,NULL,NULL,NULL,131,NULL,NULL,NULL,NULL,NULL,NULL
Nourished Auckland Afternoon Chilled,,No,1,36869,36869,"9809, 9810, 9811, 9812, 9813",,"1, 2, 3, 4, 5",13:00:00,17:00:00,10000,8,123,2,NULL,0,27,NULL,8,2,2,NULL,NULL,123,NULL,NULL,NULL,NULL,NULL,NULL
Nourished Auckland Afternoon Home,,No,1,36869,36869,"9785, 9786, 9787, 9788, 9789, 9790",,"1, 2, 3, 4, 5, 6",12:00:00,17:00:00,10000,8,94,2,NULL,NULL,62,NULL,8,NULL,NULL,NULL,NULL,94,NULL,NULL,NULL,NULL,NULL,NULL
Nourished Auckland Evening Home,,No,1,36869,36869,"9804, 9805, 9806, 9807, 9808",,"1, 2, 3, 4, 5",18:00:00,21:00:00,10000,8,110,3,,NULL,62,NULL,8,NULL,NULL,NULL,NULL,110,NULL,NULL,NULL,NULL,NULL,NULL
Nourished Taupo Regional Home Delivery,,No,1,36869,36869,"9796, 9797, 9798",,"1, 3, 5",07:00:00,12:00:00,10000,4,112,16,NULL,0,11,0,8,NULL,NULL,NULL,NULL,112,NULL,NULL,0,NULL,NULL,NULL
Nourished Tauranga Regional Home Delivery,,No,1,36869,36869,"9799, 9800, 9801, 9802, 9803",,"1, 2, 3, 4, 5",07:00:00,12:00:00,10000,3,112,16,NULL,0,12,0,4,NULL,NULL,NULL,NULL,112,NULL,NULL,NULL,NULL,NULL,NULL
Nourished Waikato Home Delivery 11am,,No,1,36869,36869,"9837, 9838, 9839, 9840, 9841",,"1, 2, 3, 4, 5",13:00:00,17:00:00,10000,4,112,16,NULL,0,11,0,8,NULL,NULL,NULL,NULL,112,NULL,NULL,NULL,NULL,NULL,NULL
Nourished Waikato Home Delivery 5am,,No,1,36869,36869,"9791, 9792, 9793, 9794, 9795",,"1, 2, 3, 4, 5",07:00:00,12:00:00,10000,4,112,16,NULL,0,11,0,8,NULL,NULL,NULL,NULL,112,NULL,NULL,NULL,NULL,NULL,NULL
NPL XMAS HF,,No,1,17921,17921,"6431, 6432",,"1, 2",07:00:00,19:00:00,10000,12,121,2,,0,NULL,NULL,12,NULL,NULL,NULL,NULL,121,NULL,NULL,NULL,NULL,NULL,NULL
NPR XMAS HF,,No,1,17921,17921,"6433, 6434",,"1, 2",07:00:00,19:00:00,10000,10,121,2,,0,45,NULL,10,NULL,NULL,NULL,NULL,121,NULL,NULL,NULL,NULL,NULL,NULL
NSN XMAS HF,,No,1,17921,17921,"6435, 6436",,"1, 2",07:00:00,19:00:00,10000,24,121,2,,0,NULL,NULL,24,NULL,NULL,NULL,NULL,121,NULL,NULL,NULL,NULL,NULL,NULL
Nutrifare Auckland > Taupo & Tokoroa Regional Home,,No,1,17106,17106,"12698, 12699, 12700",,"1, 3, 5",07:00:00,12:00:00,10000,4,112,16,NULL,1,11,0,8,3,1,NULL,NULL,112,NULL,NULL,0,NULL,NULL,NULL
Nutrifare Auckland > Waikato Home Delivery 5am,,No,1,17106,17106,"12683, 12684, 12685, 12686, 12687",,"1, 2, 3, 4, 5",07:00:00,12:00:00,10000,4,112,16,This is booked form Urgent Couriers and no pick up is included,1,11,0,8,3,1,NULL,NULL,112,NULL,NULL,NULL,NULL,NULL,NULL
Nutrifare Auckland Afternoons,,No,1,17106,17106,"12661, 12662, 12663, 12664, 12665, 12666",,"1, 2, 3, 4, 5, 6",12:00:00,17:00:00,10000,8,94,2,NULL,NULL,62,NULL,8,3,1,NULL,NULL,94,NULL,NULL,NULL,NULL,NULL,NULL
Nutrifare Auckland Evening Home,,No,1,17106,17106,"12667, 12668, 12669, 12670, 12671",,"1, 2, 3, 4, 5",18:00:00,21:00:00,10000,8,110,3,Evening Home,NULL,62,NULL,8,3,1,NULL,NULL,110,NULL,NULL,NULL,NULL,NULL,NULL
Nutrifare BOP Regional Home Delivery 5am,,No,1,17106,17106,"12688, 12689, 12690, 12691, 12692",,"1, 2, 3, 4, 5",07:00:00,12:00:00,10000,3,112,16,NULL,1,12,0,8,3,1,NULL,NULL,112,NULL,NULL,NULL,NULL,NULL,NULL
Nutrifare Napier Afternoons AH,,No,1,17106,17106,"12672, 12673, 12674",,"2, 3, 5",12:00:00,17:00:00,10000,10,94,24,NULL,0,65,0,8,3,1,NULL,NULL,94,NULL,NULL,NULL,NULL,NULL,NULL
Nutrifare Palmy Afternoons AH,,No,1,17106,17106,"12675, 12676, 12677",,"2, 3, 5",12:00:00,17:00:00,10000,6,94,24,NULL,0,66,0,8,3,1,NULL,NULL,94,NULL,NULL,NULL,NULL,NULL,NULL
Nutrifare Whangarei Regional Home Delivery 5am,,No,1,17106,17106,"12678, 12679, 12680, 12681, 12682, 12693, 12694, 12695, 12696, 12697",,"1, 2, 3, 4, 5",10:00:00,17:00:00,10000,21,112,68,NULL,1,NULL,0,8,3,1,NULL,NULL,112,NULL,NULL,NULL,NULL,NULL,NULL
NV CHCH > Akl Returns,,No,1,16513,16513,"8615, 8616, 8617, 8618, 8619",,"1, 2, 3, 4, 5",08:00:00,12:00:00,10000,33,160,18,Book by 2 pm - Next Business Day Delivery,1,NULL,1,34,1,1,166,NULL,160,1,NULL,0,NULL,NULL,NULL
NV Gisborne > Akl Returns,,No,1,16513,16513,"9110, 9111, 9112, 9113, 9114",,"1, 2, 3, 4, 5",08:00:00,12:00:00,10000,44,160,20,Book by 12 pm for next day delivery,1,NULL,1,22,1,1,166,NULL,160,1,NULL,0,NULL,NULL,NULL
NV Masterton > Akl Returns,,No,1,16513,16513,"13040, 13041, 13042, 13043, 13044",,"1, 2, 3, 4, 5",08:30:00,12:00:00,10000,35,160,19,Book by 1:30pm for next business day delivery,1,NULL,1,38,1,1,166,NULL,160,1,NULL,0,NULL,NULL,NULL
NV Napier > Akl Returns,,No,1,16513,16513,"9095, 9096, 9097, 9098, 9099",,"1, 2, 3, 4, 5",08:30:00,12:00:00,10000,35,160,19,Book by 1:30pm for next business day delivery,1,NULL,1,42,1,1,166,NULL,160,1,NULL,0,NULL,NULL,NULL
NV PN > Akl Returns,,No,1,16513,16513,"9100, 9101, 9102, 9103, 9104",,"1, 2, 3, 4, 5",08:00:00,12:00:00,10000,8,160,20,Book by 12 pm for next day delivery,1,NULL,1,6,1,1,166,66,160,1,NULL,0,NULL,NULL,NULL
NV Wellington > Akl Returns,,No,1,16513,16513,"9105, 9106, 9107, 9108, 9109",,"1, 2, 3, 4, 5",08:00:00,12:00:00,10000,8,160,20,Book by 12 pm for next day delivery,1,NULL,1,16,1,1,166,26,160,1,NULL,0,NULL,NULL,NULL
OakRange Auckland Afternoon Home (Ham to AKL),,No,1,33127,33127,"1654, 1656, 1657, 4947, 11422",,"1, 2, 3, 4, 5",12:00:00,17:00:00,10000,8,94,21,,0,62,0,4,3,1,NULL,NULL,94,NULL,NULL,NULL,NULL,NULL,NULL
Oh Goodie - Auckland > Hamilton Run 1-6,,No,1,32794,32794,"6928, 6929, 6930, 6931, 6932",,"1, 2, 3, 4, 5",13:30:00,18:00:00,10000,4,128,6,Cut Off by 7:30am,1,11,1,8,1,1,4,NULL,128,1,2,NULL,NULL,NULL,NULL
Online Meats Afternoon Express,,No,1,17960,17960,"126, 128, 129, 130, 131",,"1, 2, 3, 4, 5",12:00:00,17:00:00,10000,8,94,9,Express delivery service with live tracking,NULL,62,NULL,8,2,1,NULL,NULL,94,NULL,NULL,NULL,NULL,NULL,NULL
Online Meats BOP Express service,,No,1,17960,17960,"252, 253, 254, 255",,"2, 3, 4, 5",08:00:00,17:30:00,10000,3,112,29,Express delivery service with live tracking,0,12,NULL,8,2,1,NULL,NULL,112,NULL,NULL,NULL,NULL,NULL,NULL
Online Meats Evening Express,,No,1,17960,17960,"145, 146, 147, 148, 149",,"1, 2, 3, 4, 5",18:00:00,21:00:00,10000,8,110,15,Express delivery service with live tracking,NULL,62,NULL,8,2,1,NULL,NULL,110,NULL,NULL,NULL,NULL,NULL,NULL
Online Meats Hamilton Chilled Pallet 11am Run,,No,1,17960,17960,"11387, 11388, 11389, 11390",,"2, 3, 4, 5",13:00:00,17:00:00,10000,4,130,24,Chilled delivery into Waikato leaving Akl 11am,0,11,0,8,2,2,NULL,NULL,130,NULL,NULL,NULL,NULL,NULL,NULL
Online Meats Hamilton Chilled Pallet 5am Run,,No,1,17960,17960,"11418, 11419, 11420, 11421",,"2, 3, 4, 5",07:00:00,12:00:00,10000,4,130,24,Chilled delivery into Waikato leaving Akl 5am,0,11,0,8,2,2,NULL,NULL,130,NULL,NULL,NULL,NULL,NULL,NULL
Online Meats Waikato Express service,,No,1,17960,17960,"248, 249, 250, 251",,"2, 3, 4, 5",08:00:00,17:30:00,10000,4,112,26,Express delivery service with live tracking,0,11,NULL,8,2,1,NULL,NULL,112,NULL,NULL,NULL,NULL,NULL,NULL
Online Meats Wellington Express service,,No,1,17960,17960,"7669, 7671, 7673, 13708, 13709",,"1, 2, 3, 4, 5",10:00:00,17:00:00,10000,16,94,31,Express delivery service with live tracking,0,26,0,8,2,1,NULL,NULL,94,1,NULL,NULL,NULL,NULL,NULL
Online Meats Wellington Express service #2,Online Meats Wellington Express service,No,1,32929,32929,"13704, 13705, 13706, 13707",,"2, 3, 4, 5",10:00:00,17:00:00,10000,16,94,24,Express delivery service with live tracking,1,26,0,8,2,1,NULL,NULL,94,1,NULL,NULL,NULL,NULL,NULL
Online Meats Whangarei Chilled Pallet Schedule,,No,1,17960,17960,"11570, 11571, 11572, 11573",,"2, 3, 4, 5",06:00:00,17:30:00,10000,21,147,24,Express delivery service with live tracking,1,NULL,NULL,8,2,2,NULL,NULL,147,NULL,NULL,NULL,NULL,NULL,NULL
Online Meats Whangarei Express Service,,No,1,17960,17960,"801, 802, 803, 804, 11616",,"1, 2, 3, 4, 5",06:00:00,12:00:00,10000,21,112,24,Express delivery service with live tracking,1,NULL,NULL,8,2,1,NULL,NULL,112,NULL,NULL,NULL,NULL,360,NULL
Ooooby Auckland Afternoons,,No,1,33097,33097,"8265, 8266, 8267, 8268, 8269, 8270",,"1, 2, 3, 4, 5, 6",12:00:00,17:00:00,10000,8,94,2,NULL,NULL,62,NULL,8,2,1,NULL,NULL,94,1,NULL,NULL,NULL,NULL,NULL
Ooooby BOP Home Delivery 11am Run,,No,1,33097,33097,"8250, 8251, 8252, 8253, 8254",,"1, 2, 3, 4, 5",13:00:00,18:00:00,10000,3,112,4,NULL,0,12,0,8,2,1,NULL,NULL,112,NULL,NULL,NULL,NULL,NULL,NULL
Ooooby BOP Home Delivery 5am Run,,No,1,33097,33097,"8272, 8273, 8274, 8275, 8276",,"1, 2, 3, 4, 5",07:00:00,12:00:00,10000,3,112,16,NULL,0,12,0,8,2,1,NULL,NULL,112,NULL,NULL,NULL,NULL,NULL,NULL
Ooooby Evening Home Auckland,,No,1,33097,33097,"8260, 8261, 8262, 8263, 8264",,"1, 2, 3, 4, 5",18:00:00,21:00:00,10000,8,110,3,Evening Home,NULL,62,NULL,8,2,1,NULL,NULL,110,1,NULL,NULL,NULL,NULL,NULL
Ooooby Waikato Home Delivery 11am Run,,No,1,33097,33097,"8277, 8278, 8279, 8280, 8281",,"1, 2, 3, 4, 5",13:00:00,18:00:00,10000,4,112,4,NULL,0,11,0,8,2,1,NULL,NULL,112,NULL,NULL,NULL,NULL,NULL,NULL
Ooooby Waikato Home Delivery 5am Run,,No,1,33097,33097,"8282, 8283, 8284, 8285, 8286",,"1, 2, 3, 4, 5",07:00:00,12:00:00,10000,4,112,16,NULL,0,11,0,8,2,1,NULL,NULL,112,NULL,NULL,NULL,NULL,NULL,NULL
ORB CHCH > Akl Returns,,No,1,18185,18185,"9283, 9284, 9285, 9286, 9287",,"1, 2, 3, 4, 5",08:00:00,12:00:00,10000,33,160,18,Book by 2 pm - Next Business Day Delivery,1,NULL,1,34,1,1,166,NULL,160,1,NULL,0,NULL,NULL,NULL
ORB Gisborne > Akl Returns,,No,1,18185,18185,"9223, 9224, 9225, 9226, 9227",,"1, 2, 3, 4, 5",08:00:00,12:00:00,10000,44,160,66,Book by 2 pm for next day delivery,1,NULL,1,22,1,1,166,NULL,160,1,NULL,0,NULL,NULL,NULL
ORB Masterton > Akl Returns,,No,1,18185,18185,"12985, 12986, 12987, 12988, 12989",,"1, 2, 3, 4, 5",08:30:00,12:00:00,10000,35,160,19,Book by 1:30pm for next business day delivery,1,NULL,1,38,1,1,166,NULL,160,1,NULL,0,NULL,NULL,NULL
ORB Napier > Akl Returns,,No,1,18185,18185,"9203, 9204, 9205, 9206, 9207",,"1, 2, 3, 4, 5",08:30:00,12:00:00,10000,35,160,19,Book by 1:30pm for next business day delivery,1,NULL,1,42,1,1,166,NULL,160,1,NULL,0,NULL,NULL,NULL
ORB PN > Akl Returns,,No,1,18185,18185,"9213, 9214, 9215, 9216, 9217",,"1, 2, 3, 4, 5",08:00:00,12:00:00,10000,8,160,20,Book by 12 pm for next day delivery,1,NULL,1,6,1,1,166,66,160,1,NULL,0,NULL,NULL,NULL
ORB Wellington > Akl Returns,,No,1,18185,18185,"9218, 9219, 9220, 9221, 9222",,"1, 2, 3, 4, 5",08:00:00,12:00:00,10000,8,160,20,Book by 12 pm for next day delivery,1,NULL,1,16,1,1,166,26,160,1,NULL,0,NULL,NULL,NULL
Orchard View - Wellington Afternoons AH,,No,1,34747,34747,"5425, 5426, 5427, 5428, 5429",,"1, 2, 3, 4, 5",12:00:00,17:00:00,10000,16,94,24,NULL,0,26,0,8,2,1,NULL,NULL,94,NULL,NULL,NULL,NULL,NULL,NULL
Ortho CHCH > Akl Returns,,No,1,18188,18188,"10824, 10825, 10826, 10827, 10828",,"1, 2, 3, 4, 5",08:00:00,12:00:00,10000,33,160,18,Book by 2 pm - Next Business Day Delivery,1,NULL,1,34,1,1,166,NULL,160,1,NULL,0,NULL,NULL,NULL
Ortho Gisborne > Akl Returns,,No,1,18188,18188,"10844, 10845, 10846, 10847, 10848",,"1, 2, 3, 4, 5",08:00:00,12:00:00,10000,44,160,66,Book by 2 pm for next day delivery,1,NULL,1,22,1,1,166,NULL,160,1,NULL,0,NULL,NULL,NULL
Ortho Masterton > Akl Returns,,No,1,18188,18188,"13015, 13016, 13017, 13018, 13019",,"1, 2, 3, 4, 5",08:30:00,12:00:00,10000,35,160,19,Book by 1:30pm for next business day delivery,1,NULL,1,38,1,1,166,NULL,160,1,NULL,0,NULL,NULL,NULL
Ortho Napier > Akl Returns,,No,1,18188,18188,"10829, 10830, 10831, 10832, 10833",,"1, 2, 3, 4, 5",08:30:00,12:00:00,10000,35,160,19,Book by 1:30pm for next business day delivery,1,NULL,1,42,1,1,166,NULL,160,1,NULL,0,NULL,NULL,NULL
Ortho PN > Akl Returns,,No,1,18188,18188,"10834, 10835, 10836, 10837, 10838",,"1, 2, 3, 4, 5",08:00:00,12:00:00,10000,8,160,20,Book by 12 pm for next day delivery,1,NULL,1,6,1,1,166,66,160,1,NULL,0,NULL,NULL,NULL
Ortho Wellington > Akl Returns,,No,1,18188,18188,"10839, 10840, 10841, 10842, 10843",,"1, 2, 3, 4, 5",08:00:00,12:00:00,10000,8,160,68,Book by 12 pm for next day delivery,1,NULL,1,16,1,1,166,26,160,1,NULL,0,NULL,NULL,NULL
Ortho Whanganui > Akl Returns,,No,1,18188,18188,"10849, 10850, 10851, 10852, 10853",,"1, 2, 3, 4, 5",08:00:00,12:00:00,10000,8,160,68,Book by 12 pm for next day delivery,1,NULL,1,6,1,1,166,NULL,160,1,NULL,0,NULL,NULL,NULL
Outer Bay of Plenty Express,,No,1,32973,32973,"1121, 1122, 1123, 1124",,"2, 3, 4, 5",08:00:00,17:00:00,10000,3,112,23,NULL,0,NULL,0,8,NULL,NULL,NULL,NULL,112,NULL,NULL,NULL,NULL,NULL,NULL
Outer BOP > Tauranga,,Yes,1,17272,NULL,"12831, 12832, 12833, 12834, 12835","13759, 13760, 13761, 13762, 13763","1, 2, 3, 4, 5",12:00:00,17:00:00,10000,3,129,1,NULL,1,12,1,3,NULL,NULL,127,53,129,1,NULL,0,NULL,NULL,NULL
Outer BOP > Tauranga #2,Outer BOP > Tauranga,No,1,32875,32875,"12789, 12790, 12791, 12792, 12793",,"1, 2, 3, 4, 5",12:00:00,17:00:00,10000,3,129,1,NULL,1,12,1,3,NULL,NULL,127,53,129,1,6,0,NULL,NULL,NULL
Outer HAM,,No,1,33094,33094,1689,,3,07:00:00,19:00:00,10000,4,112,2,NULL,0,NULL,0,8,NULL,NULL,NULL,NULL,112,NULL,NULL,NULL,NULL,NULL,NULL
Outer Waikato Weekend,,No,1,9673,9673,"5456, 5459",,"6, 7",08:00:00,15:00:00,10000,8,140,1,NULL,1,62,1,4,1,1,142,74,140,1,3,1,60,NULL,NULL
P2P Auckland > BoP Express 10am - 3:30pm,,No,2,"32896, 36834",32896,"7846, 7847, 7848, 7849, 7850","8790, 8791, 8792, 8793, 8794","1, 2, 3, 4, 5",10:00:00,15:00:00,10000,3,129,20,Paddock to Pantry Tauranga Deliveries,1,12,0,8,1,1,127,NULL,129,1,2,NULL,NULL,NULL,NULL
P2P Auckland > Hamilton Express 1pm - 5pm,,No,2,"32896, 36834",32896,"5017, 5018, 5019, 5020, 5021","8795, 8796, 8797, 8798, 8799","1, 2, 3, 4, 5",13:00:00,17:00:00,10000,4,128,3,Paddock to Pantry Waikato Deliveries,1,80,0,8,1,1,127,NULL,128,1,2,NULL,NULL,NULL,NULL
P2P Auckland > Taupo (Mon),,No,1,32896,32896,7691,,1,07:30:00,12:00:00,10000,4,129,22,NULL,0,11,0,8,2,1,127,NULL,129,1,NULL,0,1270,NULL,NULL
P2P Auckland > Taupo (Wed & Fri),,No,1,32896,32896,"7689, 7692",,"3, 5",07:30:00,12:00:00,10000,4,129,17,NULL,0,11,0,8,2,1,127,NULL,129,1,NULL,0,960,NULL,NULL
P2P Auckland Afternoon Delivery 12pm - 5pm,,No,1,32896,32896,"5027, 5028, 5029, 5030, 5031",,"1, 2, 3, 4, 5",12:00:00,17:00:00,10000,8,94,3,Paddock to Pantry Auckland Afternoon Deliveries,NULL,62,0,8,2,1,127,62,94,1,2,0,105,NULL,NULL
P2P Auckland Afternoon Delivery 12pm - 5pm #2,P2P Auckland Afternoon Delivery 12pm - 5pm,No,1,36834,36834,"8785, 8786, 8787, 8788, 8789",,"1, 2, 3, 4, 5",12:00:00,17:00:00,10000,8,94,3,Paddock to Pantry Auckland Afternoon Deliveries,NULL,62,1,8,2,1,127,62,94,1,2,1,105,NULL,NULL
P2P Auckland Evening Delivery 6pm - 9pm,,No,1,32896,32896,"5166, 5167, 5168, 5169, 5170",,"1, 2, 3, 4, 5",18:00:00,21:00:00,10000,8,141,3,Paddock to Pantry Auckland Evening Delivery,NULL,62,0,8,2,1,127,62,141,1,2,0,175,NULL,NULL
P2P Auckland Evening Delivery 6pm - 9pm #2,P2P Auckland Evening Delivery 6pm - 9pm,No,1,36834,36834,"8780, 8781, 8782, 8783, 8784",,"1, 2, 3, 4, 5",18:00:00,21:00:00,10000,8,141,3,Paddock to Pantry Auckland Evening Delivery,NULL,62,1,8,2,1,127,62,141,1,2,1,175,NULL,NULL
P2P Auckland Saturday Delivery 12pm - 5pm,,No,1,32896,32896,6916,,6,12:00:00,17:00:00,10000,8,94,22,Paddock to Pantry Auckland Afternoon Deliveries,NULL,62,0,8,2,1,127,62,94,1,2,0,1230,NULL,NULL
P2P Auckland Sunday 12pm - 6pm,,No,1,32896,32896,5032,,7,12:00:00,18:00:00,10000,8,95,2,Sunday delivery between 12pm & 6pm,0,14,0,8,2,1,127,NULL,95,1,2,0,105,NULL,NULL
P2P Christchurch Pallet,,No,1,32896,32896,"7934, 7935, 7936, 7937, 7938, 7939, 7940",,"1, 2, 3, 4, 5, 6, 7",12:00:00,17:00:00,10000,20,145,0,Paddock to Pantry Pallet Freight to Christchurch,1,67,NULL,20,2,2,NULL,NULL,145,NULL,NULL,NULL,NULL,NULL,NULL
P2P Hamilton Sunday 12pm - 6pm,,No,1,32896,32896,5033,,7,12:00:00,18:00:00,10000,4,95,45,NULL,0,19,0,8,2,1,127,NULL,95,1,2,0,2680,NULL,NULL
P2P Napier Afternoons,,No,1,32896,32896,"7840, 7841, 7842",,"2, 3, 5",12:00:00,17:00:00,10000,10,140,26,Napier Afternoon Home - Delivery between 12pm to 5pm,0,65,0,8,1,1,127,NULL,140,2,2,0,1545,NULL,NULL
P2P Napier Sunday 12pm - 6pm,,No,1,32896,32896,5034,,7,12:00:00,18:00:00,10000,10,95,45,NULL,0,23,0,8,2,1,127,NULL,95,1,2,0,2680,NULL,NULL
P2P Palmerston North Sunday 12pm - 6pm,,No,1,32896,32896,5035,,7,12:00:00,18:00:00,10000,6,95,45,NULL,0,22,0,8,2,1,127,NULL,95,1,2,0,2680,NULL,NULL
P2P Palmy Afternoons,,No,1,32896,32896,"7843, 7844, 7845",,"2, 3, 5",12:00:00,17:00:00,10000,6,140,26,Palmerston North Afternoon Home - Delivery between 12pm to 5pm,0,66,0,8,1,1,127,NULL,140,2,2,0,1545,NULL,NULL
P2P Tauranga Sunday 12pm - 6pm,,No,1,32896,32896,5036,,7,12:00:00,18:00:00,10000,3,95,45,NULL,0,20,0,8,2,1,127,NULL,95,1,2,0,2680,NULL,NULL
P2P Waiheke,,No,1,32896,32896,"7851, 7852, 7853, 7854, 7855",,"1, 2, 3, 4, 5",10:00:00,17:00:00,10000,8,140,20,NULL,0,62,0,8,NULL,NULL,NULL,NULL,140,NULL,NULL,0,NULL,NULL,NULL
P2P Wellington Afternoon Delivery,,No,1,32896,32896,"6819, 6820, 6821, 6822, 6823",,"1, 2, 3, 4, 5",10:00:00,17:00:00,10000,16,140,25,Overnight Delivery into Wellington,0,26,0,8,2,1,127,NULL,140,1,2,0,1545,NULL,NULL
P2P Wellington Sunday 12pm - 6pm,,No,1,32896,32896,5037,,7,12:00:00,18:00:00,10000,16,95,45,NULL,0,21,0,8,2,1,127,NULL,95,1,NULL,0,2680,NULL,NULL
P2P Whangarei Express service,,No,1,32896,32896,"8331, 8333, 8334, 8335, 8341",,"1, 2, 3, 4, 5",06:00:00,14:00:00,10000,21,129,16,Express delivery service with live tracking,1,NULL,0,8,2,1,127,NULL,129,1,2,0,960,NULL,NULL
"P2PChristchurch Afternoons (M,T)",,No,1,32896,32896,"7678, 7679",,"1, 2",12:00:00,17:00:00,10000,20,140,74,NULL,0,67,0,8,2,1,127,NULL,140,1,2,0,4400,NULL,NULL
"P2PChristchurch Afternoons (W,Th,F)",,No,1,32896,32896,"7675, 7676, 7677",,"3, 4, 5",12:00:00,17:00:00,10000,20,140,50,NULL,0,67,0,8,2,1,127,NULL,140,1,2,0,2960,NULL,NULL
Pablo Acai - All Day Frozen,,No,1,18246,18246,8105,,2,07:00:00,17:00:00,10000,8,136,0,NULL,0,27,0,8,3,3,NULL,NULL,136,NULL,NULL,NULL,NULL,NULL,NULL
Pablo Acai - Auckland Afternoon Chilled,,No,1,18246,18246,"8302, 8303, 8304, 8305, 8306",,"1, 2, 3, 4, 5",13:00:00,17:00:00,10000,8,123,2,Auckland Afternoon Chilled Delivery 1pm - 5pm,0,27,NULL,8,2,2,NULL,NULL,123,NULL,NULL,NULL,NULL,NULL,NULL
Pablo Acai - Auckland Morning Chilled,,No,1,18246,18246,"8297, 8298, 8299, 8300, 8301",,"1, 2, 3, 4, 5",07:00:00,12:00:00,10000,8,122,16,Auckland Morning Chilled Delivery 7am - 12pm,0,27,0,8,2,2,NULL,NULL,122,NULL,NULL,NULL,NULL,NULL,NULL
Pablo Acai - Hamilton Chilled,,No,1,18246,18246,"8307, 8308, 8309, 8310, 8311",,"1, 2, 3, 4, 5",07:00:00,17:00:00,10000,4,130,16,NULL,1,28,0,8,NULL,NULL,NULL,NULL,130,NULL,NULL,NULL,NULL,NULL,NULL
Pablo Acai - Tauranga Chilled,,No,1,18246,18246,"8312, 8313, 8314, 8315, 8316",,"1, 2, 3, 4, 5",07:00:00,17:00:00,10000,3,131,16,NULL,1,29,0,8,NULL,NULL,NULL,NULL,131,NULL,NULL,NULL,NULL,NULL,NULL
Pablo Acai - Whangarei Chilled,,No,1,18246,18246,"8317, 8318, 8319, 8320, 8321",,"1, 2, 3, 4, 5",02:00:00,12:00:00,10000,21,147,3,NULL,1,71,0,21,2,2,NULL,NULL,147,NULL,NULL,0,NULL,NULL,NULL
PAC Auckland Afternoons,,No,1,36539,36539,"7323, 7324, 7325, 7326, 7327, 7328",,"1, 2, 3, 4, 5, 6",12:00:00,17:00:00,10000,8,94,24,"Afternoon Delivery between 12pm to 5pm - No pickup, text Chauntel 02102715898 to arrange pickup",NULL,62,NULL,8,NULL,NULL,NULL,NULL,94,NULL,NULL,NULL,NULL,NULL,NULL
PAC Auckland Evening Delivery,,No,1,36539,36539,"7329, 7330, 7331, 7332, 7333",,"1, 2, 3, 4, 5",18:00:00,21:00:00,10000,8,110,30,"Evening Delivery between 6pm & 9pm - No pickup, text Chauntel 02102715898 to arrange pickup",NULL,62,NULL,8,NULL,NULL,NULL,NULL,110,NULL,NULL,NULL,NULL,NULL,NULL
Palmerston North Afternoons AH,,No,1,16298,16298,"4581, 4582",,"2, 5",12:00:00,17:00:00,10000,6,94,24,NULL,0,66,0,8,2,1,NULL,NULL,94,NULL,NULL,NULL,NULL,NULL,NULL
Palmerston North Pallet Delivery,,No,1,36354,36354,"5969, 5970",,"2, 5",12:00:00,17:00:00,10000,6,96,24,NULL,0,66,0,8,2,1,NULL,NULL,96,NULL,NULL,NULL,NULL,NULL,NULL
Palmerston North Sunday 12pm - 6pm,,No,1,32335,32335,4993,,7,12:00:00,18:00:00,10000,6,95,45,NULL,0,22,1,8,2,1,127,NULL,95,1,2,1,2670,NULL,NULL
Paneton ADF Cartons,,No,1,15091,15091,"7929, 7931",,"3, 4",07:00:00,17:00:00,10000,8,136,19,NULL,0,27,0,8,3,3,NULL,NULL,136,NULL,NULL,0,NULL,NULL,NULL
Paneton ADF Pallets,,No,1,15091,15091,"6598, 6599, 6601",,"2, 3, 4",07:00:00,17:00:00,10000,8,136,19,NULL,0,27,0,8,3,3,NULL,NULL,136,NULL,NULL,0,NULL,NULL,NULL
Paneton Morning Chilled - USE THIS,,No,1,15091,15091,"1546, 1547, 1548, 1549, 1550",,"1, 2, 3, 4, 5",07:00:00,12:00:00,10000,8,122,16,Morning Chilled,0,27,0,8,NULL,NULL,NULL,NULL,122,NULL,NULL,NULL,NULL,NULL,NULL
PASVE Christchurch > Auckland,,No,1,32920,32920,"7366, 7367, 7368, 7369, 7370",,"1, 2, 3, 4, 5",06:00:00,10:00:00,10000,8,147,24,NULL,0,95,0,20,2,2,NULL,NULL,147,NULL,NULL,0,NULL,NULL,NULL
PB Tech > Airport,,No,1,36266,36266,"13343, 13344, 13345, 13346, 13347",,"1, 2, 3, 4, 5",15:00:00,17:00:00,10000,45,153,0,Delivery between 3-5pm,1,NULL,0,45,NULL,NULL,NULL,NULL,153,1,NULL,0,NULL,NULL,NULL
PB Tech Christchurch Afternoons,,No,1,36629,36629,"7301, 7302, 7303, 7304, 7305",,"1, 2, 3, 4, 5",12:00:00,17:00:00,10000,20,94,2,NULL,0,67,1,20,NULL,NULL,127,67,94,1,NULL,NULL,NULL,NULL,NULL
PB TECH TEST (AIRPORT),,No,1,32929,32929,13342,,3,15:00:00,17:00:00,10000,8,140,0,NULL,1,62,0,NULL,NULL,NULL,NULL,NULL,NULL,NULL,NULL,0,NULL,NULL,NULL
Pharma CHCH > Akl Returns,,No,1,35755,35755,"10698, 10699, 10700, 10701, 10702",,"1, 2, 3, 4, 5",08:00:00,12:00:00,10000,33,160,66,Book by 2 pm - Next Business Day Delivery,1,NULL,1,34,1,1,166,67,160,1,NULL,0,NULL,NULL,NULL
Pharma Gisborne > Akl Returns,,No,1,35755,35755,"10718, 10719, 10720, 10721, 10722",,"1, 2, 3, 4, 5",08:00:00,12:00:00,10000,44,160,66,Book by 2 pm for next day delivery,1,NULL,1,22,1,1,166,NULL,160,1,NULL,0,NULL,NULL,NULL
Pharma Logistics Wellington Chilled,,No,1,35755,35755,"8458, 8459, 8460, 8461, 8462",,"1, 2, 3, 4, 5",06:00:00,12:00:00,10000,16,147,12,Chilled Medical,0,26,0,8,2,2,124,NULL,147,NULL,NULL,NULL,NULL,NULL,NULL
Pharma Masterton > Akl Returns,,No,1,35755,35755,"13030, 13031, 13032, 13033, 13034",,"1, 2, 3, 4, 5",08:30:00,12:00:00,10000,35,160,19,Book by 1:30pm for next business day delivery,1,NULL,1,38,1,1,166,NULL,160,1,NULL,0,NULL,NULL,NULL
Pharma Napier > Akl Returns,,No,1,35755,35755,"10703, 10704, 10705, 10706, 10707",,"1, 2, 3, 4, 5",08:30:00,12:00:00,10000,35,160,19,Book by 1:30pm for next business day delivery,1,NULL,1,42,1,1,166,NULL,160,1,NULL,0,NULL,NULL,NULL
Pharma PN > Akl Returns,,No,1,35755,35755,"10708, 10709, 10710, 10711, 10712",,"1, 2, 3, 4, 5",08:00:00,12:00:00,10000,8,160,20,Book by 12 pm for next day delivery,1,NULL,1,6,1,1,166,66,160,1,NULL,0,NULL,NULL,NULL
Pharma Wellington > Akl Returns,,No,1,35755,35755,"10713, 10714, 10715, 10716, 10717",,"1, 2, 3, 4, 5",08:00:00,12:00:00,10000,8,160,20,Book by 12 pm for next day delivery,1,NULL,1,16,1,1,166,26,160,1,NULL,0,NULL,NULL,NULL
Pharma Whanganui > Akl Returns,,No,1,35755,35755,"10728, 10729, 10730, 10731, 10732",,"1, 2, 3, 4, 5",08:00:00,12:00:00,10000,8,160,68,Book by 12 pm for next day delivery,1,NULL,1,6,1,1,166,NULL,160,1,NULL,0,NULL,NULL,NULL
Pilldrop Afternoon Home 10.30,,No,1,34810,34810,"1974, 1975, 1976, 1977, 1978, 1980",,"1, 2, 3, 4, 5, 6",12:00:00,17:00:00,10000,8,94,1,NULL,0,NULL,0,8,NULL,NULL,NULL,NULL,94,NULL,NULL,NULL,NULL,NULL,NULL
Pilldrop Afternoon Home 10:30,,No,1,18030,18030,"851, 852, 853, 854, 855, 1981",,"1, 2, 3, 4, 5, 6",12:30:00,17:00:00,10000,8,94,2,NULL,0,62,0,8,NULL,NULL,NULL,NULL,94,NULL,NULL,NULL,NULL,NULL,NULL
Pilldrop Evening Home 3.30pm,,No,1,34810,34810,"1969, 1970, 1971, 1972, 1973",,"1, 2, 3, 4, 5",18:00:00,21:00:00,10000,8,110,2,NULL,0,NULL,0,8,NULL,NULL,NULL,NULL,110,NULL,NULL,NULL,NULL,NULL,NULL
Pilldrop Evening Home 3:30,,No,1,18030,18030,"856, 857, 858, 859, 860",,"1, 2, 3, 4, 5",18:30:00,21:00:00,10000,8,110,3,NULL,0,62,0,8,NULL,NULL,NULL,NULL,110,NULL,NULL,NULL,NULL,NULL,NULL
Pilldrop Regional Hamilton,,No,1,18030,18030,"1152, 1246, 1247, 1248, 1249",,"1, 2, 3, 4, 5",12:00:00,17:30:00,10000,4,112,2,NULL,0,11,0,8,NULL,NULL,NULL,NULL,112,NULL,NULL,NULL,NULL,NULL,NULL
Pilldrop Regional Tauranga,,No,1,18030,18030,"1500, 1501, 1502, 1503, 1504",,"1, 2, 3, 4, 5",13:00:00,17:30:00,10000,3,112,3,NULL,0,12,0,8,NULL,NULL,NULL,NULL,112,NULL,NULL,NULL,NULL,NULL,NULL
Pilldrop Sunday AKL 12-5,,No,1,18030,18030,1268,,7,12:00:00,18:00:00,10000,8,95,1,NULL,0,14,0,8,NULL,NULL,NULL,NULL,95,NULL,NULL,NULL,NULL,NULL,NULL
Pilldrop Wellington Afternoon,,No,1,18030,18030,"4385, 4386, 4387, 4388, 4389",,"1, 2, 3, 4, 5",12:00:00,17:00:00,10000,16,94,68,NULL,0,26,0,8,NULL,NULL,NULL,NULL,94,NULL,NULL,NULL,NULL,NULL,NULL
Pippins Auckland Afternoon Home (Ham to AKL),,No,1,35338,35338,"12198, 12199, 12200, 12201, 12202",,"1, 2, 3, 4, 5",12:00:00,17:00:00,10000,8,94,69,,0,62,0,4,3,1,NULL,NULL,94,NULL,NULL,NULL,NULL,NULL,NULL
PlentyFlora Waikato > Tauranga Afternoon,,No,1,33738,33738,"12368, 12369, 12370, 12371, 12372",,"1, 2, 3, 4, 5",16:00:00,18:00:00,10000,3,129,6,NULL,1,12,1,4,1,1,127,88,129,1,3,NULL,NULL,NULL,NULL
PlentyFlora Waikato Local & Outer > BOP,,No,1,33738,33738,"12363, 12364, 12365, 12366, 12367",,"1, 2, 3, 4, 5",09:00:00,17:00:00,10000,3,129,66,NULL,1,12,1,4,1,1,127,88,129,1,3,NULL,NULL,NULL,NULL
PlentyFlora Waikato Outer - Morning,,No,1,33738,33738,"12350, 12351, 12352, 12353, 12354",,"1, 2, 3, 4, 5",08:00:00,12:00:00,10000,4,128,2,NULL,1,11,1,4,NULL,NULL,127,88,128,1,NULL,0,NULL,NULL,NULL
PlentyFlora Waikato Outer > Hamilton Afternoon,,No,1,33738,33738,"12355, 12356, 12357, 12358, 12359",,"1, 2, 3, 4, 5",13:00:00,17:00:00,10000,4,128,2,NULL,1,11,1,4,1,1,127,88,128,1,NULL,0,NULL,NULL,NULL
PlentyFlora Waikato Outer > Taupo,,No,1,33738,33738,"12360, 12361, 12362",,"1, 3, 5",07:00:00,12:00:00,10000,4,128,24,NULL,1,11,1,4,NULL,NULL,127,88,128,1,NULL,0,NULL,NULL,NULL
PMR XMAS HF,,No,1,17921,17921,"6437, 6438",,"1, 2",07:00:00,19:00:00,10000,6,121,2,,0,46,NULL,6,NULL,NULL,NULL,NULL,121,NULL,NULL,NULL,NULL,NULL,NULL
Pokeno - Auckland Afternoon Chilled,,No,1,35578,35578,"11627, 11628, 11629, 11630, 11631",,"1, 2, 3, 4, 5",13:00:00,17:00:00,10000,8,123,2,NULL,0,27,NULL,8,2,2,NULL,NULL,123,NULL,NULL,NULL,NULL,NULL,NULL
Pokeno - Auckland Morning Chilled,,No,1,35578,35578,"11632, 11633, 11634, 11635, 11636",,"1, 2, 3, 4, 5",07:00:00,12:00:00,10000,8,122,16,NULL,0,27,0,8,2,2,NULL,NULL,122,1,NULL,0,NULL,NULL,NULL
Pokeno - Hamilton Chilled,,No,1,35578,35578,"3989, 3990, 3991, 3992, 3993",,"1, 2, 3, 4, 5",07:00:00,15:00:00,10000,4,130,16,Chilled delivery into Waikato leaving Akl 5am,0,28,0,8,2,2,NULL,NULL,130,NULL,NULL,NULL,NULL,NULL,NULL
Pokeno - Residential Auckland Afternoons,,No,1,35578,35578,"11637, 11638, 11639, 11640, 11641, 11642",,"1, 2, 3, 4, 5, 6",12:00:00,17:00:00,10000,8,94,2,NULL,NULL,62,NULL,8,NULL,NULL,NULL,NULL,94,NULL,NULL,NULL,NULL,NULL,NULL
Pokeno - Residential Evening Home Auckland,,No,1,35578,35578,"11643, 11644, 11645, 11646, 11647",,"1, 2, 3, 4, 5",18:00:00,21:00:00,10000,8,110,3,Evening Home,NULL,62,NULL,8,NULL,NULL,NULL,NULL,110,NULL,NULL,NULL,NULL,NULL,NULL
Pokeno - Residential Hamilton,,No,1,35578,35578,"11648, 11649, 11650, 11651, 11652",,"1, 2, 3, 4, 5",07:00:00,12:00:00,10000,4,112,16,NULL,0,11,0,8,NULL,NULL,NULL,NULL,112,NULL,NULL,NULL,NULL,NULL,NULL
Pokeno - Residential Tauranga,,No,1,35578,35578,"11653, 11654, 11655, 11656, 11657",,"1, 2, 3, 4, 5",07:00:00,12:00:00,10000,3,112,16,NULL,0,12,0,8,NULL,NULL,NULL,NULL,112,NULL,NULL,NULL,NULL,NULL,NULL
Pokeno - Tauranga Chilled,,No,1,35578,35578,"3994, 3995, 3996, 3997, 3998",,"1, 2, 3, 4, 5",07:00:00,15:00:00,10000,3,131,16,Chilled delivery into Tauranga leaving Akl 5am,0,29,0,8,2,2,NULL,NULL,131,NULL,NULL,NULL,NULL,NULL,NULL
Pokeno Weekend Delivery,,No,1,9673,9673,"5462, 5463",,"6, 7",08:00:00,15:00:00,10000,8,140,1,NULL,1,62,1,8,1,1,142,62,140,1,NULL,1,60,NULL,NULL
POMOANA - Wellington Chilled Pallets,,No,1,36557,36557,"6692, 6693, 6694, 6695, 6696",,"1, 2, 3, 4, 5",06:00:00,09:00:00,10000,16,147,17,NULL,1,26,0,16,2,2,124,NULL,147,NULL,NULL,0,NULL,NULL,NULL
Pukekohe > AKL Returns,,No,4,"35755, 18188, 36739, 13773",35755,"10688, 10689, 10690, 10691, 10692","10819, 10820, 10821, 10822, 10823, 10924, 10925, 10926, 10927, 10928, 11134, 11135, 11136, 11137, 11138","1, 2, 3, 4, 5",11:00:00,13:00:00,10000,8,154,3,Sameday Medical Delivery to Auckland,1,NULL,1,8,1,1,127,64,154,1,2,NULL,NULL,NULL,NULL
Pukekohe > AKL Returns #2,Pukekohe > AKL Returns,No,1,14582,14582,"11029, 11030, 11031, 11032, 11033",,"1, 2, 3, 4, 5",11:00:00,13:00:00,10000,8,154,3,Book by 8am | Sameday Medical Delivery to Auckland,1,NULL,1,8,1,1,127,64,154,1,2,NULL,NULL,NULL,NULL
Pukekohe > AKL Run,,No,5,"13713, 14927, 16947, 14578, 3191",13713,"7617, 7618, 7619, 7620, 7621","7664, 7665, 7666, 7667, 7668, 7730, 7731, 7732, 7733, 7734, 9298, 9299, 9300, 9301, 9302, 9484, 9485, 9486, 9487, 9488","1, 2, 3, 4, 5",11:00:00,13:00:00,10000,8,154,3,Sameday Medical Delivery to Auckland,1,NULL,1,8,1,1,127,64,154,1,2,NULL,NULL,NULL,NULL
Pukekohe > AKL Run #2,Pukekohe > AKL Run,No,4,"169, 32946, 14821, 9477",169,"9564, 9565, 9566, 9567, 9568","10194, 10195, 10196, 10197, 10198, 10568, 10569, 10570, 10571, 10572, 10578, 10579, 10580, 10581, 10582","1, 2, 3, 4, 5",11:00:00,13:00:00,10000,8,154,3,Sameday Medical Delivery to Auckland,1,NULL,1,8,1,1,127,64,154,1,2,NULL,NULL,NULL,NULL
Pukekohe > AKL Run #3,Pukekohe > AKL Run,No,1,36820,36820,"8750, 8751, 8752, 8753, 8754, 8765, 8766, 8767, 8768, 8769",,"1, 2, 3, 4, 5",11:00:00,13:00:00,10000,8,154,3,Sameday Medical Delivery to Auckland,1,NULL,1,8,1,1,127,64,154,1,2,NULL,NULL,NULL,NULL
Pukekohe > AKL Run #4,Pukekohe > AKL Run,No,1,18185,18185,"9192, 9193, 9194, 9195, 9196",,"1, 2, 3, 4, 5",11:00:00,13:00:00,10000,8,154,3,Book by 8 am for delivery by 1:00 pm sameday,1,NULL,1,8,1,1,127,64,154,1,2,NULL,NULL,NULL,NULL
Pukekohe Afternoon Delivery,,No,4,"3191, 169, 9477, 35755",3191,"9606, 9607, 9608, 9609, 9610","9611, 9612, 9613, 9614, 9615, 10678, 10679, 10680, 10681, 10682, 10693, 10694, 10695, 10696, 10697","1, 2, 3, 4, 5",12:00:00,17:00:00,10000,8,140,2,Book by 10 am for sameday delivery,NULL,62,1,8,NULL,NULL,1,62,140,0,NULL,NULL,NULL,NULL,NULL
Pukekohe Afternoon Delivery #2,Pukekohe Afternoon Delivery,No,2,"18185, 16947",18185,"9596, 9597, 9598, 9599, 9600","9682, 9683, 9684, 9685, 9686","1, 2, 3, 4, 5",12:00:00,17:00:00,10000,8,140,2,Book by 10 am for sameday delivery,NULL,64,1,8,NULL,NULL,1,62,140,0,NULL,NULL,NULL,NULL,NULL
Pukekohe Afternoon Delivery #3,Pukekohe Afternoon Delivery,No,1,14578,14578,"9601, 9602, 9603, 9604, 9605",,"1, 2, 3, 4, 5",12:00:00,17:00:00,10000,8,140,3,Book by 9 am for sameday delivery,NULL,62,1,8,NULL,NULL,25,62,140,0,NULL,NULL,NULL,NULL,NULL
Pukekohe Same-Day Medical Delivery,,No,1,14927,14927,"13148, 13484, 13485, 13486, 13487",,"1, 2, 3, 4, 5",13:30:00,15:30:00,10000,8,140,4,Book by 9:30am for same-day delivery to Pukekohe,1,62,1,8,NULL,NULL,127,NULL,140,1,NULL,0,NULL,NULL,NULL
Pukekohe Same-Day Medical Express,,No,1,14927,14927,"13149, 13488, 13489, 13490, 13491",,"1, 2, 3, 4, 5",13:30:00,15:30:00,10000,8,140,3,Book by 10:30am for same-day delivery to Pukekohe,1,62,1,8,NULL,NULL,1,NULL,140,0,NULL,0,NULL,NULL,NULL
PWL - Afternoon Economy,,No,1,36403,36403,"6686, 6687, 6688, 6689, 6690",,"1, 2, 3, 4, 5",12:30:00,16:30:00,10000,8,37,0,NULL,1,62,0,8,NULL,NULL,NULL,NULL,37,NULL,NULL,0,NULL,NULL,NULL
PWL - Morning Economy,,No,1,36403,36403,"6681, 6682, 6683, 6684, 6685",,"1, 2, 3, 4, 5",07:00:00,11:00:00,10000,8,37,0,NULL,1,62,0,8,NULL,NULL,NULL,NULL,37,NULL,NULL,0,NULL,NULL,NULL
PWL - Morning Economy #2,PWL - Morning Economy,No,1,32929,32929,"6697, 6698, 6699, 6700, 6701",,"1, 2, 3, 4, 5",07:00:00,11:00:00,10000,8,36,0,NULL,1,62,0,8,NULL,NULL,NULL,NULL,36,NULL,NULL,0,NULL,NULL,NULL
PWL - Saturday Economy,,No,1,36403,36403,6804,,6,07:30:00,11:30:00,10000,8,37,0,NULL,1,62,0,8,NULL,NULL,NULL,NULL,37,NULL,NULL,0,NULL,NULL,NULL
PWL - Upper Auckland Delivery,,No,1,36403,36403,"6272, 6274, 6275, 6276",,"2, 3, 4, 5",07:00:00,12:00:00,10000,8,112,1,NULL,0,83,0,8,NULL,NULL,NULL,NULL,112,NULL,NULL,NULL,NULL,NULL,NULL
PWL - Whangarei Morning Delivery,,No,1,36403,36403,"5961, 5962, 5963, 5964, 5965",,"1, 2, 3, 4, 5",07:00:00,12:00:00,10000,21,112,11,NULL,1,NULL,0,21,NULL,NULL,NULL,NULL,112,NULL,NULL,NULL,NULL,360,NULL
RAWES - Auckland Sunday Home Delivery,,No,1,17238,17238,5414,,7,12:00:00,18:00:00,10000,8,95,0,NULL,NULL,14,NULL,8,3,NULL,NULL,NULL,95,NULL,NULL,NULL,NULL,NULL,NULL
RAWES - Regional Tauranga,,No,1,17238,17238,"650, 2150, 2151, 2152, 2154",,"1, 2, 3, 4, 5",07:00:00,12:00:00,10000,3,112,14,NULL,0,12,NULL,4,3,NULL,NULL,NULL,112,NULL,NULL,NULL,NULL,NULL,NULL
RAWES - Regional Whangarei,,No,1,17238,17238,"782, 783, 2155, 2156, 2157",,"1, 2, 3, 4, 5",05:00:00,12:00:00,10000,21,112,12,NULL,1,NULL,NULL,8,3,NULL,NULL,NULL,112,NULL,NULL,NULL,NULL,360,NULL
RAWES - Regional Whangarei #2,RAWES - Regional Whangarei,No,1,32929,32929,"13748, 13749, 13750, 13751, 13752",,"1, 2, 3, 4, 5",05:00:00,12:00:00,10000,21,112,12,NULL,1,NULL,NULL,8,3,NULL,NULL,NULL,112,NULL,NULL,NULL,NULL,NULL,NULL
RAWES - Sunday CHCH,,No,1,17238,17238,2164,,7,12:00:00,18:00:00,10000,20,95,1,NULL,0,18,NULL,8,3,NULL,NULL,NULL,95,NULL,NULL,NULL,NULL,NULL,NULL
RAWES - Sunday Hamilton,,No,1,17238,17238,"2158, 2161",,7,12:00:00,18:00:00,10000,4,95,1,NULL,0,19,NULL,8,3,NULL,NULL,NULL,95,NULL,NULL,NULL,NULL,NULL,NULL
RAWES - Sunday Napier,,No,1,17238,17238,2160,,7,12:00:00,18:00:00,10000,10,95,1,NULL,0,23,NULL,8,3,NULL,NULL,NULL,95,NULL,NULL,NULL,NULL,NULL,NULL
RAWES - Sunday Palmerston North,,No,1,17238,17238,2163,,7,12:00:00,18:00:00,10000,6,95,1,NULL,0,22,NULL,8,3,NULL,NULL,NULL,95,NULL,NULL,NULL,NULL,NULL,NULL
RAWES - Sunday Tauranga,,No,1,17238,17238,2159,,7,12:00:00,18:00:00,10000,3,95,1,NULL,0,20,NULL,4,3,NULL,NULL,NULL,95,NULL,NULL,NULL,NULL,NULL,NULL
RAWES - Sunday Wellington,,No,1,17238,17238,"2162, 12655",,"1, 7",12:00:00,18:00:00,10000,16,95,0,NULL,0,21,NULL,8,3,NULL,NULL,NULL,95,NULL,NULL,NULL,NULL,NULL,NULL
"RAWES - Taupo, Tokoroa, TeAwamutu Home Delivery",,No,1,17238,17238,"5623, 5624, 5625",,"1, 3, 5",07:00:00,12:00:00,10000,4,112,16,NULL,0,11,0,8,3,1,124,NULL,112,NULL,NULL,NULL,NULL,NULL,NULL
RAWES - Waiheke,,No,1,17238,17238,"4753, 4754, 4755, 7788, 7789",,"1, 2, 3, 4, 5",12:00:00,17:00:00,10000,8,96,26,NULL,0,41,0,8,3,1,NULL,NULL,96,NULL,2,NULL,NULL,NULL,NULL
RAWES - Wellington Afternoons,,No,1,17238,17238,"10556, 10557, 10558, 10559, 10560",,"1, 2, 3, 4, 5",10:00:00,17:00:00,10000,16,94,68,NULL,0,26,0,8,3,NULL,NULL,NULL,94,NULL,NULL,0,NULL,NULL,NULL
RAWES Regional Hamilton,,No,1,17238,17238,"648, 651, 2146, 2147, 2149",,"1, 2, 3, 4, 5",07:00:00,12:00:00,10000,4,112,14,NULL,0,11,NULL,8,3,NULL,NULL,NULL,112,NULL,NULL,NULL,NULL,NULL,NULL
Regional Afternoon Home - Monday,,No,1,33448,33448,1464,,1,13:00:00,18:00:00,10000,4,111,4,NULL,0,11,0,8,NULL,NULL,NULL,NULL,111,NULL,2,NULL,NULL,NULL,NULL
Regional Friday,,No,1,31563,31563,301,,5,08:00:00,17:00:00,10000,4,111,6,NULL,NULL,NULL,NULL,4,NULL,NULL,NULL,NULL,111,NULL,NULL,NULL,NULL,NULL,NULL
Regional Friday #2,Regional Friday,No,1,32779,32779,333,,5,08:00:00,17:00:00,10000,4,111,16,NULL,NULL,NULL,NULL,4,NULL,NULL,NULL,NULL,111,NULL,NULL,NULL,NULL,NULL,NULL
Regional Home Delivery (TGA),,No,1,33745,33745,"1563, 1564, 1565, 1566, 1567",,"1, 2, 3, 4, 5",12:00:00,17:00:00,10000,3,112,2,NULL,0,12,0,3,NULL,NULL,NULL,NULL,112,NULL,NULL,NULL,NULL,NULL,NULL
Regional Home Delivery 11am (ex TGA),,No,1,33745,33745,"1558, 1559, 1560, 1561, 1562",,"1, 2, 3, 4, 5",13:00:00,18:00:00,10000,4,112,2,NULL,0,11,0,3,NULL,NULL,NULL,NULL,112,NULL,NULL,NULL,NULL,NULL,NULL
Regional Monday,,No,1,31563,31563,297,,1,08:00:00,17:00:00,10000,4,111,6,NULL,NULL,NULL,NULL,4,NULL,NULL,NULL,NULL,111,NULL,NULL,NULL,NULL,NULL,NULL
Regional Thursday,,No,1,31563,31563,300,,4,08:00:00,17:00:00,10000,4,111,6,NULL,NULL,NULL,NULL,4,NULL,NULL,NULL,NULL,111,NULL,NULL,NULL,NULL,NULL,NULL
Regional Thursday #2,Regional Thursday,No,1,32779,32779,332,,4,08:00:00,17:00:00,10000,4,111,16,NULL,NULL,NULL,NULL,4,NULL,NULL,NULL,NULL,111,NULL,NULL,NULL,NULL,NULL,NULL
Regional Tuesday,,No,1,31563,31563,298,,2,08:00:00,17:00:00,10000,4,111,6,NULL,NULL,NULL,NULL,4,NULL,NULL,NULL,NULL,111,NULL,NULL,NULL,NULL,NULL,NULL
Regional Wednesday,,No,1,31563,31563,299,,3,08:00:00,17:00:00,10000,4,111,6,NULL,NULL,NULL,NULL,4,NULL,NULL,NULL,NULL,111,NULL,NULL,NULL,NULL,NULL,NULL
Regional Wednesday RTE HAM,,No,1,32855,32855,488,,3,07:00:00,17:00:00,10000,4,112,24,NULL,0,NULL,NULL,4,NULL,NULL,NULL,NULL,112,NULL,NULL,NULL,NULL,NULL,NULL
Regional Wednesday RTE TGA,,No,1,32855,32855,512,,3,07:00:00,17:00:00,10000,3,112,24,NULL,0,NULL,NULL,3,NULL,NULL,NULL,NULL,112,NULL,NULL,NULL,NULL,NULL,NULL
REMSY CHCH > Akl Returns,,No,1,169,169,"8905, 8906, 8907, 8908, 8909",,"1, 2, 3, 4, 5",08:00:00,12:00:00,10000,33,160,18,Book by 2 pm - Next Business Day Delivery,1,NULL,1,34,1,1,166,NULL,160,1,NULL,0,NULL,NULL,NULL
REMSY Gisborne > Akl Returns,,No,1,169,169,"9429, 9430, 9431, 9432, 9433",,"1, 2, 3, 4, 5",08:00:00,12:00:00,10000,44,160,18,Book by 2 pm for next day delivery,1,NULL,1,22,1,1,166,NULL,160,1,NULL,0,NULL,NULL,NULL
REMSY Masterton > Akl Returns,,No,1,169,169,"13000, 13001, 13002, 13003, 13004",,"1, 2, 3, 4, 5",08:30:00,12:00:00,10000,35,160,19,Book by 1:30pm for next business day delivery,1,NULL,1,38,1,1,166,NULL,160,1,NULL,0,NULL,NULL,NULL
REMSY Napier > Akl Returns,,No,1,169,169,"9414, 9415, 9416, 9417, 9418",,"1, 2, 3, 4, 5",08:00:00,12:00:00,10000,35,160,19,Book by 1:30pm for next business day delivery,1,NULL,1,42,1,1,166,NULL,160,1,NULL,0,NULL,NULL,NULL
REMSY PN > Akl Returns,,No,1,169,169,"9419, 9420, 9421, 9422, 9423",,"1, 2, 3, 4, 5",08:00:00,12:00:00,10000,8,160,20,Book by 12 pm for next day delivery,1,NULL,1,6,1,1,166,66,160,1,NULL,0,NULL,NULL,NULL
REMSY Wellington > Akl Returns,,No,1,169,169,"9424, 9425, 9426, 9427, 9428",,"1, 2, 3, 4, 5",08:00:00,12:00:00,10000,8,160,20,Book by 12 pm for next day delivery,1,NULL,1,16,1,1,166,26,160,1,NULL,0,NULL,NULL,NULL
Return WLG Empty Chep Pallets,,No,1,36837,36837,"9656, 9657, 9658, 9659, 9660",,"1, 2, 3, 4, 5",06:00:00,09:00:00,10000,16,147,17,NULL,1,26,0,16,2,2,NULL,NULL,147,NULL,NULL,0,NULL,NULL,NULL
RHD TNG,,No,1,32341,32341,1262,,4,11:00:00,17:00:00,10000,3,NULL,12,NULL,0,NULL,0,3,NULL,NULL,NULL,NULL,NULL,NULL,NULL,NULL,NULL,NULL,NULL
Rocket Foods - Auckland Morning Chilled,,No,1,17776,17776,"12138, 12139, 12140, 12141, 12142",,"1, 2, 3, 4, 5",07:00:00,12:00:00,10000,8,122,0,NULL,0,27,0,8,2,2,NULL,NULL,122,1,NULL,0,NULL,NULL,NULL
Rocket Foods All Day Frozen 7am-5pm,,No,1,17776,17776,"12102, 12103, 12104, 12105, 12106",,"1, 2, 3, 4, 5",07:00:00,17:00:00,10000,8,136,0,NULL,0,27,0,8,3,3,NULL,NULL,136,NULL,NULL,NULL,NULL,NULL,NULL
Rose's Dairy - Hamilton Chilled,,No,1,35221,35221,"8184, 8185, 8186, 8187, 8188",,"1, 2, 3, 4, 5",07:00:00,17:00:00,10000,4,130,19,,0,28,0,8,2,2,NULL,NULL,130,NULL,NULL,NULL,NULL,NULL,NULL
Rose's Dairy - Tauranga Chilled,,No,1,35221,35221,"8179, 8180, 8181, 8182, 8183",,"1, 2, 3, 4, 5",07:00:00,17:00:00,10000,3,131,19,,0,29,0,8,2,2,NULL,NULL,131,NULL,NULL,NULL,NULL,NULL,NULL
ROT > AKL Day Run,,No,15,"3191, 16947, 16513, 18188, 13713, 504, 9477, 14763, 18185, 13822, 13773, 35755, 169, 36672, 32946",3191,"3282, 3283, 3284, 3285, 3286","3440, 3441, 3442, 3443, 3444, 3485, 3486, 3487, 3488, 3489, 3530, 3531, 3532, 3533, 3534, 3575, 3576, 3577, 3578, 3579, 3665, 3666, 3667, 3668, 3669, 3755, 3756, 3757, 3758, 3759, 3800, 3801, 3802, 3803, 3804, 3845, 3846, 3847, 3848, 3849, 4842, 4843, 4844, 4845, 4846, 4917, 4918, 4919, 4920, 4921, 6348, 6349, 6350, 6351, 6352, 6953, 6954, 6955, 6956, 6957, 7109, 7110, 7111, 7112, 7113, 10129, 10130, 10131, 10132, 10133","1, 2, 3, 4, 5",16:00:00,18:00:00,10000,8,145,6,Sameday Medical Delivery to Auckland,1,NULL,1,4,NULL,NULL,127,39,129,1,3,NULL,NULL,NULL,NULL
ROT > AKL Day Run #2,ROT > AKL Day Run,No,1,14927,14927,"3350, 3351, 3352, 3353, 3354",,"1, 2, 3, 4, 5",16:00:00,18:00:00,10000,8,145,6,Book by 10am | Sameday Medical Delivery to Auckland,1,NULL,1,4,NULL,NULL,127,39,129,1,3,NULL,NULL,NULL,NULL
ROT > AKL Day Run #3,ROT > AKL Day Run,No,1,14582,14582,"3395, 3396, 3397, 3398, 3399",,"1, 2, 3, 4, 5",16:00:00,18:00:00,10000,8,145,6,Sameday Medical Delivery to Auckland,1,NULL,1,4,NULL,NULL,127,90,129,1,3,NULL,NULL,NULL,NULL
ROT > AKL Day Run #4,ROT > AKL Day Run,No,1,14578,14578,"3710, 3711, 3712, 3713, 3714",,"1, 2, 3, 4, 5",16:00:00,18:00:00,10000,8,145,6,Book by 10 am for Same-day Medical Delivery to Auckland,1,NULL,1,4,NULL,NULL,127,39,129,1,3,NULL,NULL,NULL,NULL
ROT > AKL Day Run #5,ROT > AKL Day Run,No,1,36739,36739,"8655, 8656, 8657, 8658, 8659",,"1, 2, 3, 4, 5",16:00:00,18:00:00,10000,8,145,6,Sameday Medical Delivery to Auckland,1,NULL,1,4,NULL,NULL,127,39,145,1,3,NULL,NULL,NULL,NULL
ROT > AKL Next Day Run,,No,15,"3191, 16947, 16513, 18188, 13713, 504, 9477, 14763, 18185, 13822, 13773, 35755, 169, 36672, 32946",3191,"3083, 3084, 3085, 3086, 3087","3445, 3446, 3447, 3448, 3449, 3490, 3491, 3492, 3493, 3494, 3535, 3536, 3537, 3538, 3539, 3580, 3581, 3582, 3583, 3584, 3670, 3671, 3672, 3673, 3674, 3760, 3761, 3762, 3763, 3764, 3805, 3806, 3807, 3808, 3809, 3850, 3851, 3852, 3853, 3854, 4847, 4848, 4849, 4850, 4851, 4922, 4923, 4924, 4925, 4926, 6353, 6354, 6355, 6356, 6357, 6958, 6959, 6960, 6961, 6962, 7114, 7115, 7116, 7117, 7118, 10134, 10135, 10136, 10137, 10138","1, 2, 3, 4, 5",11:00:00,16:00:00,10000,8,145,20,Next Business Day Medical Delivery to Auckland,1,NULL,1,4,NULL,NULL,127,39,129,1,3,NULL,NULL,NULL,NULL
ROT > AKL Next Day Run #2,ROT > AKL Next Day Run,No,1,14927,14927,"3355, 3356, 3357, 3358, 3359",,"1, 2, 3, 4, 5",11:00:00,16:00:00,10000,8,145,74,Book by 9am | Next Business Day Medical Delivery to Auckland,1,NULL,1,4,NULL,NULL,127,39,129,1,3,NULL,NULL,NULL,NULL
ROT > AKL Next Day Run #3,ROT > AKL Next Day Run,No,1,14582,14582,"3400, 3401, 3402, 3403, 3404",,"1, 2, 3, 4, 5",11:00:00,16:00:00,10000,8,145,20,Next Business Day Medical Delivery to Auckland,1,NULL,1,4,NULL,NULL,127,90,129,1,3,NULL,NULL,NULL,NULL
ROT > AKL Next Day Run #4,ROT > AKL Next Day Run,No,1,14578,14578,"3715, 3716, 3717, 3718, 3719",,"1, 2, 3, 4, 5",11:00:00,16:00:00,10000,8,145,68,Next Business Day Medical Delivery to Auckland,1,NULL,1,4,NULL,NULL,127,39,129,1,3,NULL,NULL,NULL,NULL
ROT > AKL Next Day Run #5,ROT > AKL Next Day Run,No,1,36739,36739,"8660, 8661, 8662, 8663, 8664",,"1, 2, 3, 4, 5",11:00:00,16:00:00,10000,8,145,20,Next Business Day Medical Delivery to Auckland,1,NULL,1,4,NULL,NULL,127,39,145,1,3,NULL,NULL,NULL,NULL
ROTI - Palmerston North 12-6pm,,No,1,36808,36808,8468,,7,12:00:00,18:00:00,10000,6,95,0,NULL,NULL,22,NULL,8,NULL,NULL,NULL,NULL,95,NULL,NULL,NULL,NULL,NULL,NULL
ROTI - Wellington 12pm-6pm,,No,1,36808,36808,8469,,7,12:00:00,18:00:00,10000,16,95,0,NULL,NULL,21,NULL,8,NULL,NULL,NULL,NULL,95,NULL,NULL,NULL,NULL,NULL,NULL
Rotorua - Waikato Same Day,,No,1,32385,32385,8271,,4,13:00:00,17:30:00,10000,4,128,3,NULL,1,11,1,4,1,1,127,39,128,1,3,0,NULL,NULL,NULL
Rotorua 10am > AKL Next Day Run,,No,1,33103,33103,"3620, 3621, 3622, 3623, 3624",,"1, 2, 3, 4, 5",16:00:00,18:00:00,10000,8,145,6,Next Business Day Medical Delivery to Auckland,1,NULL,1,4,NULL,NULL,127,39,129,1,3,NULL,NULL,NULL,NULL
Rotorua 3pm > AKL Next Day Run,,No,1,33103,33103,"3625, 3626, 3627, 3628, 3629",,"1, 2, 3, 4, 5",11:00:00,16:00:00,10000,8,145,20,Next Business Day Medical Delivery to Auckland,1,NULL,1,4,NULL,NULL,127,39,129,1,3,NULL,NULL,NULL,NULL
RPFE - Sunday Hamilton,,No,1,36592,36592,9161,,7,12:00:00,18:00:00,10000,4,95,1,NULL,0,19,NULL,8,3,1,NULL,NULL,95,NULL,NULL,NULL,NULL,NULL,NULL
RPFE - Sunday Wellington,,No,1,36592,36592,9160,,7,12:00:00,18:00:00,10000,16,95,0,NULL,0,21,NULL,8,3,NULL,NULL,NULL,95,NULL,NULL,NULL,NULL,NULL,NULL
RPFE - Wellington Afternoons AH,,No,1,36592,36592,"9167, 9168, 9169, 9170, 9171",,"1, 2, 3, 4, 5",12:00:00,17:00:00,10000,16,94,24,NULL,0,26,0,8,2,1,NULL,NULL,94,NULL,NULL,NULL,NULL,NULL,NULL
RPFE Waikato Home Delivery 5am,,No,1,36592,36592,"9162, 9163, 9164, 9165, 9166",,"1, 2, 3, 4, 5",07:00:00,12:00:00,10000,4,112,16,NULL,0,11,0,8,NULL,NULL,NULL,NULL,112,NULL,NULL,NULL,NULL,NULL,NULL
Sanford - Auckland Afternoons,,No,1,17877,17877,"5487, 5488, 5490, 5491, 5492",,"1, 2, 3, 4, 5",12:00:00,17:00:00,10000,8,94,25,NULL,NULL,62,NULL,8,NULL,NULL,NULL,NULL,94,NULL,NULL,NULL,NULL,NULL,NULL
Sanford Chilled Pickup,,No,1,17877,17877,"6293, 6294, 6295, 6296, 6297",,"1, 2, 3, 4, 5",11:00:00,15:30:00,10000,8,123,1,"Pickup home delivey freight. Chilled transport, frozen storage",NULL,27,NULL,8,3,1,NULL,NULL,123,NULL,NULL,NULL,NULL,NULL,NULL
SAS Auckland Afternoons,,No,1,16139,16139,"7199, 7200, 7201, 7202, 7203, 7204",,"1, 2, 3, 4, 5, 6",12:00:00,17:00:00,10000,8,94,2,Afternoon Delivery between 12pm to 5pm,NULL,62,NULL,8,NULL,NULL,NULL,NULL,94,NULL,NULL,NULL,NULL,NULL,NULL
SAS Evening Delivery,,No,1,16139,16139,"5446, 5447, 5448, 5449, 5450",,"1, 2, 3, 4, 5",18:00:00,21:00:00,10000,8,110,3,Evening Delivery between 6pm & 9pm,NULL,62,NULL,8,NULL,NULL,NULL,NULL,110,NULL,NULL,NULL,NULL,NULL,NULL
SatHFAK,,No,1,32374,32374,36,,6,08:00:00,19:00:00,10000,8,96,1,NULL,NULL,NULL,NULL,8,NULL,NULL,NULL,NULL,96,NULL,NULL,NULL,NULL,NULL,NULL
Satuday Afternoon Home,,No,1,32799,32799,340,,6,14:00:00,20:00:00,10000,8,94,5,Express delivery to your door,NULL,NULL,NULL,8,NULL,NULL,NULL,NULL,94,NULL,NULL,NULL,NULL,NULL,NULL
Saturday 2 hour express,,No,1,17732,17732,"281, 282, 283",,6,10:00:00,12:00:00,10000,8,24,30,,1,NULL,NULL,8,NULL,NULL,NULL,NULL,24,NULL,NULL,NULL,NULL,NULL,NULL
Saturday 2 Hour Express (11:00am-1:00pm),,No,1,33096,33096,3331,,6,11:00:00,13:00:00,10000,8,24,25,,1,NULL,NULL,8,NULL,NULL,NULL,NULL,24,NULL,NULL,NULL,NULL,NULL,NULL
Saturday 2 Hour Express (9:00-11:00am),,No,1,33096,33096,3327,,6,09:00:00,11:00:00,10000,8,24,23,,1,NULL,NULL,8,NULL,NULL,NULL,NULL,24,NULL,NULL,NULL,NULL,NULL,NULL
Saturday 2 Hour Express (9:00-11:00am) #2,Saturday 2 Hour Express (9:00-11:00am),No,1,36048,36048,4729,,6,09:00:00,11:00:00,10000,8,25,47,,1,NULL,NULL,8,NULL,NULL,NULL,NULL,25,NULL,NULL,NULL,NULL,NULL,NULL
Saturday Afternoon Chilled,,No,1,32765,32765,622,,6,12:00:00,17:00:00,10000,8,123,1,NULL,0,NULL,NULL,8,NULL,NULL,NULL,NULL,123,NULL,NULL,NULL,NULL,NULL,NULL
Saturday Afternoon Express,,No,1,33043,33043,709,,6,14:00:00,20:00:00,10000,8,95,51,Express saturday,0,NULL,NULL,8,NULL,NULL,NULL,NULL,95,NULL,NULL,NULL,NULL,NULL,NULL
Saturday Afternoon Express #2,Saturday Afternoon Express,No,1,33094,33094,907,,6,14:00:00,20:00:00,10000,8,94,16,Live tracked Saturday Delivery - Delivered between 2-8pm,0,NULL,0,8,NULL,NULL,NULL,NULL,94,NULL,NULL,NULL,NULL,NULL,NULL
Saturday Afternoon Home,,No,1,32714,32714,167,,6,14:00:00,20:00:00,10000,8,95,4,Saturday evening delivery between 2pm-8pm live tracked delivery,NULL,NULL,NULL,8,NULL,NULL,NULL,NULL,95,NULL,NULL,NULL,NULL,NULL,NULL
Saturday Afternoon Home #2,Saturday Afternoon Home,No,1,16298,16298,1356,,6,12:00:00,17:00:00,10000,8,94,2,NULL,0,NULL,0,8,NULL,NULL,NULL,NULL,94,NULL,NULL,NULL,NULL,NULL,NULL
Saturday Afternoon Home #3,Saturday Afternoon Home,No,1,32765,32765,1499,,1,12:00:00,17:00:00,10000,8,94,45,NULL,0,NULL,0,8,NULL,NULL,NULL,NULL,94,NULL,NULL,NULL,NULL,NULL,NULL
Saturday Afternoon Home #4,Saturday Afternoon Home,No,1,34381,34381,1950,,6,14:00:00,17:00:00,10000,8,95,1,NULL,0,NULL,0,8,NULL,NULL,NULL,NULL,95,NULL,NULL,NULL,NULL,NULL,NULL
Saturday All Day Home Palmerston North,,No,1,14691,14691,1141,,6,07:00:00,17:00:00,10000,6,96,24,NULL,0,NULL,0,6,NULL,NULL,NULL,NULL,96,NULL,NULL,NULL,NULL,NULL,NULL
Saturday All Day Home Tauranga,,No,1,14691,14691,1147,,6,07:00:00,17:00:00,10000,3,96,24,NULL,0,NULL,0,3,NULL,NULL,NULL,NULL,96,NULL,NULL,NULL,NULL,NULL,NULL
Saturday All Day Home Wellington,,No,1,14691,14691,1146,,6,07:00:00,17:00:00,10000,16,96,24,NULL,0,NULL,0,16,NULL,NULL,NULL,NULL,96,NULL,NULL,NULL,NULL,NULL,NULL
Saturday HF Palmerston North,,No,1,17921,17921,42,,6,07:00:00,17:00:00,10000,6,96,24,NULL,NULL,46,NULL,6,NULL,NULL,NULL,NULL,96,NULL,NULL,NULL,NULL,NULL,NULL
Saturday Service,,No,1,32710,32710,138,,6,14:00:00,20:00:00,10000,8,95,14,NULL,NULL,NULL,NULL,8,NULL,NULL,NULL,NULL,95,NULL,NULL,NULL,NULL,NULL,NULL
SC CHCH > Akl Returns,,No,1,14763,14763,"8630, 8631, 8632, 8633, 8634",,"1, 2, 3, 4, 5",08:00:00,12:00:00,10000,33,160,66,Book by 2 pm - Next Business Day Delivery,1,NULL,1,34,1,1,166,NULL,160,1,NULL,0,NULL,NULL,NULL
SC Gisborne > Akl Returns,,No,1,14763,14763,"9040, 9041, 9042, 9043, 9044",,"1, 2, 3, 4, 5",08:00:00,12:00:00,10000,44,160,20,Book by 12 pm for next day delivery,1,NULL,1,22,1,1,166,NULL,160,1,NULL,0,NULL,NULL,NULL
SC Napier > Akl Returns,,No,1,14763,14763,"9025, 9026, 9027, 9028, 9029",,"1, 2, 3, 4, 5",08:30:00,12:00:00,10000,35,160,19,Book by 1:30pm for next business day delivery,1,NULL,1,42,1,1,166,NULL,160,1,NULL,0,NULL,NULL,NULL
SC PN > Akl Returns,,No,1,14763,14763,"9030, 9031, 9032, 9033, 9034",,"1, 2, 3, 4, 5",08:00:00,12:00:00,10000,8,160,20,Book by 12 pm for next day delivery,1,NULL,1,6,1,1,166,66,160,1,NULL,0,NULL,NULL,NULL
SC Wellington > Akl Returns,,No,1,14763,14763,"9035, 9036, 9037, 9038, 9039",,"1, 2, 3, 4, 5",08:00:00,12:00:00,10000,8,160,20,Book by 12 pm for next day delivery,1,NULL,1,16,1,1,166,26,160,1,NULL,0,NULL,NULL,NULL
SCAHO - ROTORUA,,No,1,32577,32577,"7909, 7910, 7911, 7912, 7913",,"1, 2, 3, 4, 5",07:00:00,12:00:00,10000,4,112,16,NULL,0,11,0,8,NULL,NULL,NULL,NULL,112,NULL,NULL,NULL,NULL,NULL,NULL
SCALINI - Afternoon Home Delivery,,No,1,32577,32577,"219, 220, 221, 222, 223, 3088",,"1, 2, 3, 4, 5, 6",12:00:00,17:00:00,10000,8,94,2,NULL,NULL,NULL,NULL,8,NULL,NULL,NULL,NULL,94,NULL,NULL,NULL,NULL,NULL,NULL
Scalini - Auckland Morning Chilled,,No,1,32577,32577,"11274, 11275, 11276, 11277, 11278",,"1, 2, 3, 4, 5",07:00:00,12:00:00,10000,8,122,16,NULL,0,27,0,8,2,2,NULL,NULL,122,1,NULL,0,NULL,NULL,NULL
SCALINI - Evening Home Delivery,,No,1,32577,32577,"224, 225, 226, 227, 228",,"1, 2, 3, 4, 5",18:00:00,21:00:00,10000,8,110,3,NULL,NULL,NULL,NULL,8,NULL,NULL,NULL,NULL,110,NULL,NULL,NULL,NULL,NULL,NULL
SCION Masterton > Akl Returns,,No,1,14763,14763,"13045, 13046, 13047, 13048, 13049",,"1, 2, 3, 4, 5",08:30:00,12:00:00,10000,35,160,19,Book by 1:30pm for next business day delivery,1,NULL,1,38,1,1,166,NULL,160,1,NULL,0,NULL,NULL,NULL
SGRDL - Afternoon Home AKL,,No,1,33289,33289,"3937, 3938, 3939, 3940, 3941",,"1, 2, 3, 4, 5",12:00:00,17:00:00,10000,8,94,0,NULL,0,NULL,NULL,8,NULL,NULL,NULL,NULL,94,NULL,NULL,NULL,NULL,NULL,NULL
SGRDL - Afternoon Home AKL #2,SGRDL - Afternoon Home AKL,No,1,16702,16702,"4771, 4772, 4773, 4774, 4775",,"1, 2, 3, 4, 5",12:00:00,17:00:00,10000,8,94,2,NULL,0,NULL,1,8,NULL,NULL,127,62,94,1,2,1,60,NULL,NULL
SGRDL - AKL XMAS,,No,1,33289,33289,4078,,6,09:00:00,15:00:00,10000,8,120,264,Woop Christmas Schedule - Auckland Deliveries,0,14,0,8,2,1,NULL,NULL,120,NULL,NULL,NULL,NULL,NULL,NULL
SGRDL - Bulk Evening Home AKL,,No,1,33289,33289,"3942, 3943, 3944, 3945, 3946",,"1, 2, 3, 4, 5",18:00:00,21:00:00,10000,8,110,3,NULL,0,NULL,NULL,8,NULL,NULL,NULL,NULL,110,NULL,NULL,NULL,NULL,NULL,NULL
SGRDL - Napier Afternoon Home,,No,1,33289,33289,"4400, 4401, 6285",,"2, 3, 5",12:00:00,17:00:00,10000,10,94,24,NULL,0,65,0,8,1,1,NULL,NULL,94,NULL,NULL,NULL,NULL,NULL,NULL
SGRDL - Palmerston North Afternoon Home,,No,1,33289,33289,"4402, 4403, 6284",,"2, 3, 5",12:00:00,17:00:00,10000,6,94,24,NULL,0,66,0,8,1,1,NULL,NULL,94,NULL,NULL,NULL,NULL,NULL,NULL
SGRDL - Regional Home Delivery - Hamilton,,No,1,33289,33289,"5109, 5110, 5111, 5112, 5113",,"1, 2, 3, 4, 5",08:00:00,17:00:00,10000,4,112,8,NULL,0,11,NULL,8,NULL,NULL,NULL,NULL,112,NULL,NULL,NULL,NULL,NULL,NULL
SGRDL - Regional Home Delivery - Tauranga,,No,1,33289,33289,"3927, 3928, 3929, 3930, 3931",,"1, 2, 3, 4, 5",08:00:00,17:00:00,10000,3,112,8,NULL,0,12,NULL,8,NULL,NULL,NULL,NULL,112,NULL,NULL,NULL,NULL,NULL,NULL
SGRDL - Regional Home Delivery - Whangarei,,No,1,33289,33289,"3932, 3933, 3934, 3935, 3936",,"1, 2, 3, 4, 5",08:00:00,17:00:00,10000,21,112,12,NULL,0,NULL,NULL,8,NULL,NULL,NULL,NULL,112,NULL,NULL,NULL,NULL,360,NULL
SGRDL - Sunday 12-6pm Auckland,,No,1,33289,33289,3916,,7,12:00:00,18:00:00,10000,8,95,0,NULL,0,14,0,8,1,1,NULL,NULL,95,NULL,NULL,NULL,NULL,NULL,NULL
SGRDL - Sunday 12-6pm HAM,,No,1,33289,33289,3917,,7,12:00:00,18:00:00,10000,4,95,0,NULL,0,19,0,8,1,1,NULL,NULL,95,NULL,NULL,NULL,NULL,NULL,NULL
SGRDL - Sunday 12-6pm NPE,,No,1,33289,33289,3918,,7,12:00:00,18:00:00,10000,10,95,0,NULL,0,23,0,8,1,1,NULL,NULL,95,NULL,NULL,NULL,NULL,NULL,NULL
SGRDL - Sunday 12-6pm PMR,,No,1,33289,33289,3919,,7,12:00:00,18:00:00,10000,6,95,0,NULL,0,22,0,8,1,1,NULL,NULL,95,NULL,NULL,NULL,NULL,NULL,NULL
SGRDL - Sunday 12-6pm TGA,,No,1,33289,33289,3920,,7,12:00:00,18:00:00,10000,3,95,0,NULL,0,20,0,8,1,1,NULL,NULL,95,NULL,NULL,NULL,NULL,NULL,NULL
SGRDL - Sunday 12-6pm WGT,,No,1,33289,33289,3921,,7,12:00:00,18:00:00,10000,16,95,0,NULL,0,21,0,8,1,1,NULL,NULL,95,NULL,NULL,NULL,NULL,NULL,NULL
SGRDL - Taupo Regional Home Delivery,,No,1,33289,33289,"5614, 5615, 5616",,"1, 3, 5",07:00:00,12:00:00,10000,4,112,16,NULL,0,11,0,8,1,1,124,NULL,112,NULL,NULL,NULL,NULL,NULL,NULL
SGRDL Auckland Mothers Day 8am - 1pm,,No,1,33289,33289,7371,,7,08:00:00,13:00:00,10000,8,95,2,Sunday delivery between 8am & 12pm,0,14,0,8,2,1,142,NULL,95,1,2,NULL,NULL,NULL,NULL
SGRDL Wellington Afternoon Home,,No,1,33289,33289,"3875, 3876, 3877, 3878, 3879",,"1, 2, 3, 4, 5",10:00:00,17:00:00,10000,16,94,3,Wellington Afternoon Home - Delivery between 12pm to 5pm,0,26,0,8,1,1,NULL,NULL,94,NULL,NULL,NULL,NULL,NULL,NULL
SHOTT WLG Pallets,,No,1,33064,33064,"6382, 6383, 6384, 6385, 6386, 6387, 6388, 6389, 6390",,"1, 2, 3, 4, 5",06:00:00,09:00:00,10000,16,147,17,NULL,1,26,0,16,2,2,NULL,NULL,147,NULL,NULL,0,NULL,NULL,NULL
Shott WLG Reverse Pallet,,No,1,33064,33064,6391,,1,08:00:00,12:00:00,10000,8,122,100,NULL,1,27,1,16,2,2,124,26,147,1,NULL,0,NULL,NULL,NULL
SHRED - Auckland Sunday,,No,1,34694,34694,1961,,7,12:00:00,18:00:00,10000,8,95,60,NULL,0,14,0,10,2,1,NULL,NULL,95,NULL,NULL,NULL,NULL,NULL,NULL
SHRED - Hamilton Sunday,,No,1,34694,34694,1962,,7,12:00:00,18:00:00,10000,4,95,60,NULL,0,19,0,10,2,1,NULL,NULL,95,NULL,NULL,NULL,NULL,NULL,NULL
SHRED - Napier / Hastings Sunday,,No,1,34694,34694,1966,,7,12:00:00,18:00:00,10000,10,95,60,NULL,0,23,0,10,2,1,NULL,NULL,95,NULL,NULL,NULL,NULL,NULL,NULL
SHRED - Palmerston North Sunday,,No,1,34694,34694,1965,,7,12:00:00,18:00:00,10000,6,95,60,NULL,0,22,0,10,2,1,NULL,NULL,95,NULL,NULL,NULL,NULL,NULL,NULL
SHRED - Tauranga Sunday,,No,1,34694,34694,1963,,7,12:00:00,18:00:00,10000,3,95,60,NULL,0,20,0,10,2,1,NULL,NULL,95,NULL,NULL,NULL,NULL,NULL,NULL
SHRED - Waikato Weekdays Home Delivery,,No,1,34694,34694,"11435, 11436, 11437, 11438, 11439",,"1, 2, 3, 4, 5",07:00:00,12:00:00,10000,4,112,16,NULL,0,11,0,10,NULL,NULL,NULL,NULL,112,NULL,NULL,NULL,NULL,NULL,NULL
SHRED - Wellington Afternoons AH,,No,1,34694,34694,"11309, 11310, 11311, 11312, 11313",,"1, 2, 3, 4, 5",10:00:00,17:00:00,10000,16,94,24,NULL,0,26,0,10,NULL,NULL,NULL,NULL,94,NULL,NULL,0,NULL,NULL,NULL
SHRED - Wellington Sunday,,No,1,34694,34694,1964,,7,12:00:00,18:00:00,10000,16,95,60,NULL,0,21,0,10,2,1,NULL,NULL,95,NULL,NULL,NULL,NULL,NULL,NULL
Simday 2 hour express,,No,1,17732,17732,"285, 286",,7,12:00:00,14:00:00,10000,8,24,32,,1,NULL,NULL,8,NULL,NULL,NULL,NULL,24,NULL,NULL,NULL,NULL,NULL,NULL
Simon James - Economy Run (1pm-5pm),,No,1,35713,35713,"4215, 4216, 4217, 4219, 4220",,"1, 2, 3, 4, 5",13:00:00,17:00:00,10000,8,37,2,NULL,1,NULL,0,8,1,1,NULL,NULL,37,NULL,2,NULL,NULL,NULL,NULL
Simon James - Thursday 2 Hour Express (1:00-3pm),,No,1,35713,35713,"4214, 4221, 4222, 4223, 4224",,"1, 2, 3, 4, 5",13:00:00,15:00:00,10000,8,24,2,,1,NULL,NULL,8,NULL,NULL,NULL,NULL,24,NULL,NULL,NULL,NULL,NULL,NULL
"SINAB AKL > Taupo, Tokoroa, Putaruru, TeAwamutu",,No,1,11864,11864,"12962, 12963, 12964",,"1, 3, 5",07:00:00,12:00:00,10000,4,128,16,"Overnight delivery from Auckland to Taupo, Tokoroa, Putaruru, TeAwamutu",1,11,1,8,NULL,NULL,127,NULL,128,1,2,0,NULL,NULL,NULL
SINAB Auckland > Hamilton Afternoon Run 1-6pm,,No,1,11864,11864,"6003, 6004, 6005, 6006, 6007",,"1, 2, 3, 4, 5",13:30:00,18:00:00,10000,4,128,4,NULL,1,11,1,8,1,1,127,NULL,128,1,2,NULL,NULL,NULL,NULL
SINAB Auckland > Hamilton Morning Run 7-12pm,,No,1,11864,11864,"5998, 5999, 6000, 6001, 6002",,"1, 2, 3, 4, 5",06:00:00,12:00:00,10000,4,128,62,NULL,1,11,1,8,1,1,127,NULL,128,1,2,NULL,NULL,NULL,NULL
SINAB Auckland > Tauranga Afternoon Run 3-6:30pm,,No,1,11864,11864,"6018, 6019, 6020, 6021, 6022",,"1, 2, 3, 4, 5",15:00:00,18:00:00,10000,3,129,8,NULL,1,12,1,8,1,1,127,NULL,129,1,2,NULL,NULL,NULL,NULL
SINAB Auckland > Tauranga Morning Run 9-5,,No,1,11864,11864,"6013, 6014, 6015, 6016, 6017",,"1, 2, 3, 4, 5",09:00:00,17:00:00,10000,3,129,15,NULL,1,12,1,8,1,1,127,NULL,129,1,2,NULL,NULL,NULL,NULL
SINAB Auckland > Whangarei Morning Run 7-9am,,No,1,11864,11864,"6008, 6009, 6010, 6011, 6012",,"1, 2, 3, 4, 5",07:00:00,09:00:00,10000,21,129,14,,1,NULL,1,8,1,1,127,NULL,129,1,2,NULL,NULL,360,NULL
SINAB Waiheke Next Day - Book by 5pm | Arrives,,No,1,11864,11864,"12942, 12943, 12947, 12948, 12949, 12950",,"1, 2, 3, 4, 5, 6",08:00:00,12:00:00,10000,8,96,15,Waiheke Next Day - Book by 5pm,0,62,1,8,NULL,NULL,142,NULL,96,1,NULL,0,NULL,NULL,NULL
SINAB Waiheke Next Day - Book by 830pm | Arrives,,No,1,11864,11864,"12936, 12937, 12951, 12956, 12957, 12958",,"1, 2, 3, 4, 5, 6",08:30:00,12:00:00,10000,8,96,24,Waiheke Next Day - Book by 8:30pm,0,62,1,8,NULL,NULL,142,NULL,96,1,NULL,0,NULL,NULL,NULL
SINAB Waiheke Same Day - Book by 930am | Arrives,,No,1,11864,11864,"12938, 12939, 12944, 12945, 12946",,"1, 2, 3, 4, 5",13:30:00,16:00:00,10000,40,96,4,Waiheke Same Day - Book by 9:30am,0,91,1,40,NULL,NULL,24,NULL,96,1,NULL,0,NULL,NULL,NULL
SMINE CHCH > Akl Returns,,No,1,13713,13713,"8396, 8397, 8398, 8399, 8400",,"1, 2, 3, 4, 5",08:30:00,12:00:00,10000,33,160,16,Book by 4:30 pm - Next Business Day Delivery,1,NULL,1,34,1,1,166,NULL,160,1,NULL,0,NULL,NULL,NULL
SMINE Gisborne > Akl Returns,,No,1,13713,13713,"11244, 11245, 11246, 11247, 11248",,"1, 2, 3, 4, 5",08:00:00,12:00:00,10000,44,160,66,Book by 2 pm for next day delivery,1,NULL,1,22,1,1,166,NULL,160,1,NULL,0,NULL,NULL,NULL
SMINE Masterton > Akl Returns,,No,1,13713,13713,"10471, 10472, 10473, 10474, 10475",,"1, 2, 3, 4, 5",08:30:00,12:00:00,10000,35,160,19,Book by 1:30pm for next business day delivery,1,NULL,1,38,1,1,166,NULL,160,1,NULL,0,NULL,NULL,NULL
SMINE Napier > Akl Returns,,No,1,13713,13713,"11239, 11240, 11241, 11242, 11243",,"1, 2, 3, 4, 5",08:30:00,12:00:00,10000,35,160,67,Book by 1:30pm for next business day delivery,1,NULL,1,42,1,1,166,NULL,160,1,NULL,0,NULL,NULL,NULL
SMINE PN > Akl Returns,,No,1,13713,13713,"10528, 10529, 10530, 10531, 10532",,"1, 2, 3, 4, 5",08:00:00,12:00:00,10000,8,160,68,Book by 12 pm for next day delivery,1,NULL,1,6,1,1,166,66,160,1,NULL,0,NULL,NULL,NULL
SMINE Wellington > Akl Returns,,No,1,13713,13713,"11249, 11250, 11251, 11252, 11253",,"1, 2, 3, 4, 5",08:00:00,12:00:00,10000,8,160,20,Book by 12 pm for next day delivery,1,NULL,1,16,1,1,166,26,160,1,NULL,0,NULL,NULL,NULL
SMINE Whanganui > Akl Returns,,No,1,13713,13713,"9857, 9858, 9859, 9860, 9861",,"1, 2, 3, 4, 5",08:00:00,12:00:00,10000,8,160,68,Book by 12 pm for next day delivery,1,NULL,1,6,1,1,166,NULL,160,1,NULL,0,NULL,NULL,NULL
SoAmButchery Auckland Afternoons,,No,1,36674,36674,"7712, 7713, 7714, 7715, 7716, 7717",,"1, 2, 3, 4, 5, 6",12:00:00,17:00:00,10000,8,94,27,NULL,NULL,62,NULL,8,2,1,NULL,NULL,94,1,NULL,NULL,NULL,NULL,NULL
Source&Supply Afternoon Chilled,,No,1,33420,33420,"4110, 4111, 4112, 4113, 4114",,"1, 2, 3, 4, 5",12:00:00,17:00:00,10000,8,123,3,Auckland Afternoon Chilled Delivery Service,0,27,0,8,2,2,NULL,NULL,123,NULL,NULL,NULL,NULL,NULL,NULL
Source&supply Christchurch Chilled,,No,1,33420,33420,"4135, 4136, 4137, 4138, 4139",,"1, 2, 3, 4, 5",07:00:00,17:00:00,10000,20,147,43,Chilled deliveries in Christchurch,0,18,0,6,2,2,NULL,NULL,147,NULL,NULL,NULL,NULL,NULL,NULL
Source&Supply Hamilton Chilled 5am Run,,No,1,33420,33420,"4125, 4126, 4127, 4128, 4129",,"1, 2, 3, 4, 5",07:00:00,15:00:00,10000,4,130,16,Chilled delivery into Waikato leaving Akl 5am,0,28,0,8,2,2,NULL,NULL,130,NULL,NULL,NULL,NULL,NULL,NULL
Source&Supply Morning Chilled,,No,1,33420,33420,"1737, 4105, 4106, 4108, 4109",,"1, 2, 3, 4, 5",07:00:00,12:00:00,10000,8,122,14,NULL,0,27,0,8,NULL,NULL,NULL,NULL,122,NULL,NULL,NULL,NULL,NULL,NULL
Source&supply Tauranga Chilled 5am Run,,No,1,33420,33420,"4130, 4131, 4132, 4133, 4134",,"1, 2, 3, 4, 5",07:00:00,15:00:00,10000,3,131,16,Chilled delivery into Tauranga leaving Akl 5am,0,29,0,8,2,2,NULL,NULL,131,NULL,NULL,NULL,NULL,NULL,NULL
Source&supply Wellington Chilled,,No,1,33420,33420,"4115, 4116, 4117, 4118, 4119",,"1, 2, 3, 4, 5",07:00:00,17:00:00,10000,16,147,19,Chilled deliveries in Wellington,0,26,0,8,2,2,NULL,NULL,147,NULL,NULL,NULL,NULL,NULL,NULL
Spoil Me,,No,1,32826,32826,"364, 365, 366, 367, 368",,"1, 2, 3, 4, 5",12:00:00,17:00:00,10000,8,94,3,NULL,0,NULL,NULL,8,NULL,NULL,NULL,NULL,94,NULL,NULL,NULL,NULL,NULL,NULL
Square Pizza - Provida Frozen TGA,,No,1,36861,36861,"9389, 9410, 9411, 9412, 9413",,"1, 2, 3, 4, 5",08:00:00,17:00:00,10000,3,149,0,NULL,0,29,0,8,3,3,127,27,149,NULL,2,0,NULL,NULL,NULL
Standard Baggage Run 10am,,No,1,35642,35642,"13348, 13349, 13350, 13351, 13352, 13353, 13354",,"1, 2, 3, 4, 5, 6, 7",10:00:00,14:00:00,10000,16,160,0,Book by 10 am | Standard Delivery within 4 hours,1,86,0,16,1,1,NULL,NULL,160,NULL,NULL,0,NULL,NULL,NULL
Standard Baggage Run 12 pm,,No,2,"16730, 16166",16730,"11380, 11381, 11382, 11383, 11384, 11385, 11386","13602, 13603, 13604, 13605, 13606, 13607, 13608","1, 2, 3, 4, 5, 6, 7",12:00:00,16:00:00,10000,16,160,0,Book by 12 pm | Standard Delivery within 4 hours,1,86,0,16,1,1,NULL,NULL,160,NULL,NULL,0,NULL,NULL,NULL
Standard Baggage Run 12 pm #2,Standard Baggage Run 12 pm,No,1,37248,37248,"13150, 13151, 13152, 13153, 13154, 13155, 13156",,"1, 2, 3, 4, 5, 6, 7",00:00:00,16:00:00,10000,16,160,0,Book by 12 pm | Standard Delivery within 4 hours,1,86,0,16,NULL,NULL,NULL,NULL,160,NULL,NULL,0,NULL,NULL,NULL
Standard Baggage Run 12pm,,No,1,17326,17326,"12268, 12269, 12270, 12271, 12272, 12273, 12274",,"1, 2, 3, 4, 5, 6, 7",12:00:00,14:00:00,10000,16,160,0,Book by 12 pm | Standard Delivery within 4 hours,1,86,0,16,1,1,NULL,NULL,160,NULL,NULL,0,NULL,NULL,NULL
Standard Baggage Run 12pm #2,Standard Baggage Run 12pm,No,1,37249,37249,"13185, 13186, 13187, 13188, 13189, 13190, 13191",,"1, 2, 3, 4, 5, 6, 7",12:00:00,16:00:00,10000,20,160,0,Book by 12 pm | Standard Delivery within 4 hours,1,67,0,20,NULL,NULL,NULL,NULL,160,NULL,NULL,0,NULL,NULL,NULL
Standard Baggage Run 4pm,,No,4,"16730, 17326, 35642, 16166",16730,"11329, 11330, 11331, 11332, 11333, 11344, 11345","12247, 12248, 12249, 12250, 12251, 12252, 12253, 13355, 13356, 13357, 13358, 13359, 13360, 13361, 13609, 13610, 13611, 13612, 13613, 13614, 13615","1, 2, 3, 4, 5, 6, 7",16:00:00,20:00:00,10000,16,160,0,Book by 4pm | Standard Delivery within 4 hours,1,86,0,16,1,1,NULL,NULL,160,NULL,NULL,0,NULL,NULL,NULL
Standard Baggage Run 4pm #2,Standard Baggage Run 4pm,No,1,37248,37248,"13157, 13158, 13159, 13160, 13161, 13162, 13163",,"1, 2, 3, 4, 5, 6, 7",16:00:00,20:00:00,10000,16,160,0,Book by 4pm | Standard Delivery within 4 hours,1,86,0,16,NULL,NULL,NULL,NULL,160,NULL,NULL,0,NULL,NULL,NULL
Standard Baggage Run 6pm,,No,4,"16730, 17326, 35642, 16166",16730,"11373, 11374, 11375, 11376, 11377, 11378, 11379","12261, 12262, 12263, 12264, 12265, 12266, 12267, 13362, 13363, 13364, 13365, 13366, 13367, 13368, 13616, 13617, 13618, 13619, 13620, 13621, 13622","1, 2, 3, 4, 5, 6, 7",18:00:00,22:00:00,10000,16,160,0,Book by 6pm | Standard Delivery within 4 hours,1,86,0,16,1,1,NULL,NULL,160,NULL,NULL,0,NULL,NULL,NULL
Standard Baggage Run 6pm #2,Standard Baggage Run 6pm,No,1,37248,37248,"13164, 13165, 13166, 13167, 13168, 13169, 13170",,"1, 2, 3, 4, 5, 6, 7",18:00:00,22:00:00,10000,16,160,0,Book by 6pm | Standard Delivery within 4 hours,1,86,0,16,NULL,NULL,NULL,NULL,160,NULL,NULL,0,NULL,NULL,NULL
Standard Baggage Run 6pm #3,Standard Baggage Run 6pm,No,1,37249,37249,"13192, 13193, 13194, 13195, 13196, 13197, 13198",,"1, 2, 3, 4, 5, 6, 7",18:00:00,22:00:00,10000,20,160,0,Book by 6 pm | Standard Delivery within 4 hours,1,67,0,20,NULL,NULL,NULL,NULL,160,NULL,NULL,0,NULL,NULL,NULL
Standard Baggage Run 9am,,No,1,37249,37249,"13178, 13179, 13180, 13181, 13182, 13183, 13184",,"1, 2, 3, 4, 5, 6, 7",09:00:00,13:00:00,10000,20,160,0,Book by 9 am | Standard Delivery within 4 hours,1,67,0,20,NULL,NULL,NULL,NULL,160,NULL,NULL,0,NULL,NULL,NULL
Standard Baggage Run 9pm,,No,3,"16730, 35642, 16166",16730,"11366, 11367, 11368, 11369, 11370, 11371, 11372","13369, 13370, 13371, 13372, 13373, 13374, 13375, 13623, 13624, 13625, 13626, 13627, 13628, 13629","1, 2, 3, 4, 5, 6, 7",21:00:00,23:00:00,10000,16,160,0,Book by 9pm | Standard Delivery within 4 hours,1,86,0,16,1,1,NULL,NULL,160,NULL,NULL,0,NULL,NULL,NULL
Standard Baggage Run 9pm #2,Standard Baggage Run 9pm,No,1,17326,17326,"12254, 12255, 12256, 12257, 12258, 12259, 12260",,"1, 2, 3, 4, 5, 6, 7",21:00:00,23:00:00,10000,16,160,0,Book by 9pm | Standard Delivery within 4 hours,1,86,0,16,1,1,NULL,NULL,160,NULL,NULL,0,NULL,NULL,NULL
Standard Baggage Run 9pm #3,Standard Baggage Run 9pm,No,1,37248,37248,"13171, 13172, 13173, 13174, 13175, 13176, 13177",,"1, 2, 3, 4, 5, 6, 7",21:00:00,23:00:00,10000,16,160,0,Book by 9pm | Standard Delivery within 4 hours,1,86,0,16,NULL,NULL,NULL,NULL,160,NULL,NULL,0,NULL,NULL,NULL
Store-to-Door Express Delivery 09am,,No,1,17589,17589,"8548, 8549, 8550, 8551, 8552",,"1, 2, 3, 4, 5",09:00:00,12:00:00,10000,8,4,1,"Live tracked delivery service, the mobile number entered below will receive the tracking",1,NULL,NULL,8,NULL,NULL,NULL,NULL,4,NULL,NULL,NULL,NULL,NULL,NULL
Store-to-Door Express Delivery 10am,,No,2,"36266, 17589",36266,"8349, 8350, 8351, 8352, 8353","8559, 8560, 8561, 8562, 8563","1, 2, 3, 4, 5",10:00:00,13:00:00,10000,8,4,1,"Live tracked delivery service, the mobile number entered below will receive the tracking",1,NULL,NULL,8,NULL,NULL,NULL,NULL,4,NULL,NULL,NULL,NULL,NULL,NULL
Store-to-Door Express Delivery 11am,,No,2,"36266, 17589",36266,"8357, 8358, 8359, 8360, 8361","8565, 8566, 8567, 8568, 8569","1, 2, 3, 4, 5",11:00:00,14:00:00,10000,8,4,1,"Live tracked delivery service, the mobile number entered below will receive the tracking",1,NULL,NULL,8,NULL,NULL,NULL,NULL,4,NULL,NULL,NULL,NULL,NULL,NULL
Store-to-Door Express Delivery 12pm,,No,2,"36266, 17589",36266,"8377, 8378, 8379, 8380, 8382","8593, 8594, 8596, 8597, 8598","1, 2, 3, 4, 5",12:00:00,15:00:00,10000,8,4,1,"Live tracked delivery service, the mobile number entered below will receive the tracking",1,NULL,NULL,8,NULL,NULL,NULL,NULL,4,NULL,NULL,NULL,NULL,NULL,NULL
Store-to-Door Express Delivery 1pm,,No,2,"36266, 17589",36266,"8363, 8364, 8366, 8367, 8368","8572, 8573, 8575, 8576, 8577","1, 2, 3, 4, 5",13:00:00,16:00:00,10000,8,4,1,"Live tracked delivery service, the mobile number entered below will receive the tracking",1,NULL,NULL,8,NULL,NULL,NULL,NULL,4,NULL,NULL,NULL,NULL,NULL,NULL
Store-to-Door Express Delivery 2pm,,No,2,"36266, 17589",36266,"8370, 8371, 8372, 8373, 8374","8579, 8580, 8581, 8582, 8583","1, 2, 3, 4, 5",14:00:00,17:00:00,10000,8,4,1,"Live tracked delivery service, the mobile number entered below will receive the tracking",1,NULL,NULL,8,NULL,NULL,NULL,NULL,4,NULL,NULL,NULL,NULL,NULL,NULL
Store-to-Door Express Delivery 9am,,No,1,36266,36266,"8343, 8344, 8346, 8347, 8348",,"1, 2, 3, 4, 5",09:00:00,12:00:00,10000,8,4,1,"Live tracked delivery service, the mobile number entered below will receive the tracking",1,62,NULL,NULL,NULL,NULL,NULL,NULL,4,NULL,NULL,NULL,NULL,NULL,NULL
Stryker BOP > Waikato Morning Run,,No,1,3191,3191,"10358, 10359, 10360, 10361, 10362",,"1, 2, 3, 4, 5",07:00:00,12:00:00,10000,4,129,69,NULL,1,11,1,3,1,1,127,53,129,1,6,NULL,NULL,NULL,NULL
Stryker CHCH > Akl Returns,,No,1,3191,3191,"9182, 9183, 9184, 9185, 9186",,"1, 2, 3, 4, 5",08:00:00,12:00:00,10000,33,160,18,Book by 2 pm - Next Business Day Delivery,1,NULL,1,34,1,1,166,NULL,160,1,NULL,0,NULL,NULL,NULL
Stryker Gisborne > Akl Returns,,No,1,3191,3191,"9509, 9510, 9511, 9512, 9513",,"1, 2, 3, 4, 5",08:00:00,12:00:00,10000,44,160,18,Book by 2 pm for next day delivery,1,NULL,1,22,1,1,166,NULL,160,1,NULL,0,NULL,NULL,NULL
Stryker Hamilton > BOP Outer Run,,No,1,3191,3191,"10353, 10354, 10355, 10356, 10357",,"1, 2, 3, 4, 5",09:00:00,12:00:00,10000,3,129,65,NULL,1,12,1,4,1,1,127,37,129,1,3,NULL,NULL,NULL,NULL
Stryker Hamilton > Tauranga Afternoon,,No,1,3191,3191,"10318, 10319, 10320, 10321, 10322",,"1, 2, 3, 4, 5",16:00:00,18:00:00,10000,3,129,4,NULL,1,12,1,4,1,1,127,37,129,1,3,NULL,NULL,NULL,NULL
Stryker Hamilton > Tauranga Morning,,No,1,3191,3191,"10476, 10477, 10478, 10479, 10480",,"1, 2, 3, 4, 5",09:00:00,12:00:00,10000,3,129,17,NULL,1,12,1,4,1,1,127,37,129,1,3,NULL,NULL,NULL,NULL
Stryker Masterton > Akl Returns,,No,1,3191,3191,"12990, 12991, 12992, 12993, 12994",,"1, 2, 3, 4, 5",08:30:00,12:00:00,10000,35,160,19,Book by 1:30pm for next business day delivery,1,NULL,1,38,1,1,166,NULL,160,1,NULL,0,NULL,NULL,NULL
Stryker Napier > Akl Returns,,No,1,3191,3191,"9494, 9495, 9496, 9497, 9498",,"1, 2, 3, 4, 5",08:30:00,12:00:00,10000,35,160,67,Book by 1:30pm for next business day delivery,1,NULL,1,42,1,1,166,NULL,160,1,NULL,0,NULL,NULL,NULL
Stryker PN > Akl Returns,,No,1,3191,3191,"9499, 9500, 9501, 9502, 9503",,"1, 2, 3, 4, 5",08:00:00,12:00:00,10000,8,160,68,Book by 12 pm for next day delivery,1,NULL,1,6,1,1,166,66,160,1,NULL,0,NULL,NULL,NULL
Stryker Tauranga > BOP Outer Run,,No,1,3191,3191,"10343, 10344, 10345, 10346, 10347",,"1, 2, 3, 4, 5",11:00:00,14:00:00,10000,3,129,1,NULL,1,12,1,3,NULL,NULL,127,52,129,1,6,0,NULL,NULL,NULL
Stryker Tauranga > Waikato Afternoon Run,,No,1,3191,3191,"10338, 10339, 10340, 10341, 10342",,"1, 2, 3, 4, 5",13:00:00,18:00:00,10000,4,129,4,NULL,1,11,1,3,1,1,127,52,129,1,6,NULL,NULL,NULL,NULL
Stryker Tauranga > Waikato Morning Run,,No,1,3191,3191,"10333, 10334, 10335, 10336, 10337",,"1, 2, 3, 4, 5",07:00:00,12:00:00,10000,4,129,64,NULL,1,11,1,3,1,1,127,52,129,1,6,NULL,NULL,NULL,NULL
Stryker Waikato > BOP Outer Run,,No,1,3191,3191,"10323, 10324, 10325, 10326, 10327",,"1, 2, 3, 4, 5",09:00:00,17:00:00,10000,3,129,66,NULL,1,12,1,4,1,1,127,90,129,1,3,NULL,NULL,NULL,NULL
Stryker Waikato > Tauranga Afternoon,,No,1,3191,3191,"10328, 10329, 10330, 10331, 10332",,"1, 2, 3, 4, 5",16:00:00,18:00:00,10000,3,129,6,NULL,1,12,1,4,1,1,127,90,129,1,3,NULL,NULL,NULL,NULL
Stryker Waikato Outer > Hamilton Afternoon,,No,1,3191,3191,"10378, 10379, 10380, 10381, 10382",,"1, 2, 3, 4, 5",13:00:00,17:00:00,10000,4,128,2,NULL,0,11,1,4,1,1,127,90,128,1,NULL,0,NULL,NULL,NULL
Stryker Waikato Outer > Hamilton Morning,,No,1,3191,3191,"10383, 10384, 10385, 10386, 10387",,"1, 2, 3, 4, 5",08:00:00,14:00:00,10000,4,128,2,NULL,0,11,1,4,1,1,127,90,128,1,NULL,0,NULL,NULL,NULL
Stryker Wellington > Akl Returns,,No,1,3191,3191,"9504, 9505, 9506, 9507, 9508",,"1, 2, 3, 4, 5",08:00:00,12:00:00,10000,8,160,68,Book by 12 pm for next day delivery,1,NULL,1,16,1,1,166,26,160,1,NULL,0,NULL,NULL,NULL
Sunday 12-6pm AKL #2,Sunday 12-6pm AKL,No,1,37006,37006,11440,,7,12:00:00,18:00:00,10000,8,95,70,NULL,NULL,14,NULL,8,3,NULL,NULL,NULL,95,NULL,NULL,NULL,NULL,NULL,NULL
Sunday 2 hour express,,No,1,17732,17732,284,,7,10:00:00,12:00:00,10000,8,24,30,,1,NULL,NULL,8,NULL,NULL,NULL,NULL,24,NULL,NULL,NULL,NULL,NULL,NULL
Sunday 2-8 AKL,,No,1,18232,18232,1681,,7,14:00:00,20:00:00,10000,8,95,76,NULL,1,14,0,8,NULL,NULL,NULL,NULL,95,NULL,NULL,NULL,NULL,NULL,NULL
Sunday 2-8 ChristChurch,,No,1,18232,18232,1685,,7,14:00:00,20:00:00,10000,20,95,76,NULL,1,NULL,0,20,NULL,NULL,NULL,NULL,95,NULL,NULL,NULL,NULL,NULL,NULL
Sunday 2-8 Hamilton,,No,1,18232,18232,1682,,7,14:00:00,20:00:00,10000,4,95,76,NULL,1,NULL,0,4,NULL,NULL,NULL,NULL,95,NULL,NULL,NULL,NULL,NULL,NULL
Sunday 2-8 Napier,,No,1,18232,18232,1684,,7,14:00:00,20:00:00,10000,10,95,76,NULL,1,NULL,0,10,NULL,NULL,NULL,NULL,95,NULL,NULL,NULL,NULL,NULL,NULL
Sunday 2-8 Tauranga,,No,1,18232,18232,1683,,7,14:00:00,20:00:00,10000,3,95,76,NULL,1,NULL,0,3,NULL,NULL,NULL,NULL,95,NULL,NULL,NULL,NULL,NULL,NULL
Sunday 2-8 Wellington,,No,1,18232,18232,1686,,7,14:00:00,20:00:00,10000,16,95,76,NULL,1,NULL,0,16,NULL,NULL,NULL,NULL,95,NULL,NULL,NULL,NULL,NULL,NULL
Sunday Auckland Express Delivery,,No,1,32777,32777,480,,7,08:00:00,18:00:00,10000,8,96,152,NULL,0,NULL,NULL,8,NULL,NULL,NULL,NULL,96,NULL,NULL,NULL,NULL,NULL,NULL
Sunday Auckland Home Delivery,,No,2,"32853, 32854",32853,370,376,7,14:00:00,20:00:00,10000,8,95,14,Express live tracked delivery on Sunday evening,0,NULL,NULL,8,NULL,NULL,NULL,NULL,95,NULL,NULL,NULL,NULL,NULL,NULL
Sunday Auckland Home Delivery #2,Sunday Auckland Home Delivery,No,1,31654,31654,238,,7,14:00:00,20:00:00,10000,8,95,14,Express live tracked delivery on Sunday evening,NULL,NULL,NULL,8,NULL,NULL,NULL,NULL,95,NULL,NULL,NULL,NULL,NULL,NULL
Sunday Christchurch Home Delivery,,No,2,"32853, 32854",32853,369,377,7,14:00:00,20:00:00,10000,20,95,14,Express live tracked delivery on Sunday evening,0,NULL,NULL,20,NULL,NULL,NULL,NULL,95,NULL,NULL,NULL,NULL,NULL,NULL
Sunday Christchurch Home Delivery #2,Sunday Christchurch Home Delivery,No,1,31654,31654,245,,7,14:00:00,20:00:00,10000,20,95,14,Express live tracked delivery on Sunday evening,NULL,NULL,NULL,20,NULL,NULL,NULL,NULL,95,NULL,NULL,NULL,NULL,NULL,NULL
Sunday Delivery Service,,No,1,18090,18090,"215, 216, 217",,7,08:00:00,17:00:00,10000,4,96,73,NULL,NULL,NULL,NULL,4,3,1,NULL,NULL,96,NULL,NULL,NULL,NULL,NULL,NULL
Sunday Hamilton Express Delivery,,No,1,32777,32777,481,,7,08:00:00,18:00:00,10000,4,96,152,NULL,0,NULL,NULL,4,NULL,NULL,NULL,NULL,96,NULL,NULL,NULL,NULL,NULL,NULL
Sunday Hamilton Home Delivery,,No,2,"32853, 32854",32853,371,378,7,14:00:00,20:00:00,10000,4,95,14,Express live tracked delivery on Sunday evening,0,NULL,NULL,4,NULL,NULL,NULL,NULL,95,NULL,NULL,NULL,NULL,NULL,NULL
Sunday Hamilton Home Delivery #2,Sunday Hamilton Home Delivery,No,1,31654,31654,239,,7,14:00:00,20:00:00,10000,4,95,14,Express live tracked delivery on Sunday evening,NULL,NULL,NULL,4,NULL,NULL,NULL,NULL,95,NULL,NULL,NULL,NULL,NULL,NULL
Sunday Home Delivery Hamilton,,No,1,14691,14691,1143,,7,14:00:00,20:00:00,10000,4,112,24,NULL,0,NULL,0,8,NULL,NULL,NULL,NULL,112,NULL,NULL,NULL,NULL,NULL,NULL
Sunday Home Delivery Napier,,No,1,14691,14691,1144,,7,14:00:00,20:00:00,10000,10,95,24,NULL,0,NULL,0,10,NULL,NULL,NULL,NULL,95,NULL,NULL,NULL,NULL,NULL,NULL
Sunday Home Delivery Palmerston North,,No,1,14691,14691,1142,,7,14:00:00,20:00:00,10000,6,95,24,NULL,0,NULL,0,6,NULL,NULL,NULL,NULL,95,NULL,NULL,NULL,NULL,NULL,NULL
Sunday Home Delivery Wellington,,No,1,14691,14691,1145,,7,14:00:00,20:00:00,10000,16,95,24,NULL,0,NULL,0,16,NULL,NULL,NULL,NULL,95,NULL,NULL,NULL,NULL,NULL,NULL
Sunday Napier Home Delivery,,No,2,"32853, 32854",32853,372,379,7,14:00:00,20:00:00,10000,10,95,14,Express live tracked delivery on Sunday evening,0,NULL,NULL,10,NULL,NULL,NULL,NULL,95,NULL,NULL,NULL,NULL,NULL,NULL
Sunday Napier Home Delivery #2,Sunday Napier Home Delivery,No,1,31654,31654,241,,7,14:00:00,20:00:00,10000,10,95,14,Express live tracked delivery on Sunday evening,NULL,NULL,NULL,10,NULL,NULL,NULL,NULL,95,NULL,NULL,NULL,NULL,NULL,NULL
Sunday Napier Home Delivery #3,Sunday Napier Home Delivery,No,1,32990,32990,1260,,7,14:00:00,20:00:00,10000,10,95,24,NULL,0,NULL,0,10,NULL,NULL,NULL,NULL,95,NULL,NULL,NULL,NULL,NULL,NULL
Sunday Palmerston North Home Delivery,,No,2,"32853, 32854",32853,374,381,7,14:00:00,20:00:00,10000,6,95,14,Express live tracked delivery on Sunday evening,0,NULL,NULL,6,NULL,NULL,NULL,NULL,95,NULL,NULL,NULL,NULL,NULL,NULL
Sunday Palmerston North Home Delivery #2,Sunday Palmerston North Home Delivery,No,1,31654,31654,242,,7,14:00:00,20:00:00,10000,6,95,14,Express live tracked delivery on Sunday evening,NULL,NULL,NULL,6,NULL,NULL,NULL,NULL,95,NULL,NULL,NULL,NULL,NULL,NULL
Sunday Tauranga Home Delivery,,No,2,"32853, 32854",32853,373,382,7,14:00:00,20:00:00,10000,3,95,14,Express live tracked delivery on Sunday evening,0,NULL,NULL,3,NULL,NULL,NULL,NULL,95,NULL,NULL,NULL,NULL,NULL,NULL
Sunday Tauranga Home Delivery #2,Sunday Tauranga Home Delivery,No,1,31654,31654,240,,7,14:00:00,20:00:00,10000,3,95,14,Express live tracked delivery on Sunday evening,NULL,NULL,NULL,3,NULL,NULL,NULL,NULL,95,NULL,NULL,NULL,NULL,NULL,NULL
Sunday Wellington Delivery (USE THIS),,No,1,33098,33098,929,,7,14:00:00,20:00:00,10000,16,95,76,NULL,0,NULL,0,8,NULL,NULL,NULL,NULL,95,NULL,2,NULL,NULL,NULL,NULL
Sunday Wellington Home Delivery,,No,2,"32853, 32854",32853,375,380,7,14:00:00,20:00:00,10000,16,95,14,Express live tracked delivery on Sunday evening,0,NULL,NULL,16,NULL,NULL,NULL,NULL,95,NULL,NULL,NULL,NULL,NULL,NULL
Sunday Wellington Home Delivery #2,Sunday Wellington Home Delivery,No,1,31654,31654,243,,7,14:00:00,20:00:00,10000,16,95,14,Express live tracked delivery on Sunday evening,NULL,NULL,NULL,16,NULL,NULL,NULL,NULL,95,NULL,NULL,NULL,NULL,NULL,NULL
Sunday WLG HF,,No,1,18184,18184,439,,7,07:00:00,19:00:00,10000,16,96,24,NULL,0,NULL,NULL,16,NULL,NULL,NULL,NULL,96,NULL,NULL,NULL,NULL,NULL,NULL
Supie Tauranga,,No,1,32601,32601,"2409, 2410, 2411, 2412, 2417",,"1, 2, 3, 4, 5",15:00:00,19:00:00,10000,3,111,7,Supie Tauranga Service,0,12,0,8,2,1,NULL,NULL,111,NULL,NULL,NULL,NULL,NULL,NULL
Supie Waikato,,No,1,32601,32601,"1957, 2413, 2414, 2415, 2416",,"1, 2, 3, 4, 5",15:00:00,19:00:00,10000,4,111,7,Supie Waikato Service,0,11,0,8,2,1,NULL,NULL,111,NULL,NULL,NULL,NULL,NULL,NULL
Surfboards UCL AKL - WGTN*12:00:00-17:00:00,,No,1,17827,17827,"3169, 3170, 3171, 3172, 3173",,"1, 2, 3, 4, 5",12:00:00,17:00:00,10000,16,94,27,NULL,0,26,0,8,NULL,NULL,NULL,NULL,94,NULL,NULL,NULL,NULL,NULL,NULL
Surfboards UCL AKL - WGTN*12:00:00-17:00:00 #2,Surfboards UCL AKL - WGTN*12:00:00-17:00:00,No,1,35290,35290,"3179, 3180, 3181, 3182, 3183",,"1, 2, 3, 4, 5",12:00:00,17:00:00,10000,16,94,27,NULL,0,26,1,4,1,1,127,11,94,0,3,NULL,NULL,NULL,NULL
Surfboards UCL AKL - WGTN*12:00:00-17:00:00 #3,Surfboards UCL AKL - WGTN*12:00:00-17:00:00,No,1,35306,35306,"3184, 3185, 3186, 3187, 3188",,"1, 2, 3, 4, 5",12:00:00,17:00:00,10000,16,140,27,NULL,0,26,1,4,1,1,127,11,140,0,3,NULL,NULL,NULL,NULL
Surfboards UCL AKL - WGTN*12:00:00-17:00:00x,,No,1,35290,35290,"3174, 3175, 3176, 3177, 3178",,"1, 2, 3, 4, 5",12:00:00,17:00:00,10000,16,140,27,NULL,0,26,1,4,1,1,127,11,140,0,3,NULL,NULL,NULL,NULL
Taimahi Trust Schedule Friday,,No,1,32566,32566,2048,,5,11:00:00,17:00:00,10000,21,94,24,NULL,1,NULL,0,21,1,1,NULL,NULL,94,NULL,NULL,NULL,NULL,360,NULL
TASH - AKL Afternoon Home,,No,1,35404,35404,"7627, 7628, 7629, 7630, 7631",,"1, 2, 3, 4, 5",12:00:00,17:00:00,10000,8,94,2,NULL,0,62,NULL,8,3,1,NULL,NULL,94,1,NULL,NULL,NULL,NULL,NULL
TASH - AKL Evening Home,,No,1,35404,35404,"7632, 7633, 7634, 7635, 7636",,"1, 2, 3, 4, 5",18:00:00,21:00:00,10000,8,110,3,NULL,0,62,NULL,8,3,1,NULL,NULL,110,1,NULL,NULL,NULL,NULL,NULL
TASH - AKL Sunday Home,,No,1,35404,35404,7637,,7,12:00:00,18:00:00,10000,8,95,74,NULL,0,14,NULL,8,3,1,NULL,NULL,95,1,NULL,NULL,NULL,NULL,NULL
TASH - Hamilton Home Delivery,,No,1,35404,35404,"7638, 7639, 7640, 7641, 7642",,"1, 2, 3, 4, 5",08:00:00,17:00:00,10000,4,112,24,NULL,0,11,NULL,8,3,1,NULL,NULL,112,1,NULL,NULL,NULL,NULL,NULL
TASH - Hamilton Sunday,,No,1,35404,35404,7656,,7,12:00:00,18:00:00,10000,4,95,74,NULL,NULL,19,NULL,8,3,1,NULL,NULL,95,1,NULL,NULL,NULL,NULL,NULL
TASH - Napier Afternoon Home,,No,1,35404,35404,"7648, 7649, 7650",,"2, 3, 5",12:00:00,17:00:00,10000,10,94,24,NULL,0,65,0,6,3,1,NULL,NULL,94,1,NULL,NULL,NULL,NULL,NULL
TASH - Napier Sunday,,No,1,35404,35404,7651,,7,12:00:00,18:00:00,10000,10,95,74,NULL,NULL,23,NULL,8,3,1,NULL,NULL,95,1,NULL,NULL,NULL,NULL,NULL
TASH - Palmerston North Afternoon Home,,No,1,35404,35404,"7652, 7653, 7654",,"2, 3, 5",12:00:00,17:00:00,10000,6,94,24,NULL,0,66,0,8,3,1,NULL,NULL,94,1,NULL,NULL,NULL,NULL,NULL
TASH - Palmerston North Sunday,,No,1,35404,35404,7655,,7,12:00:00,18:00:00,10000,6,95,74,NULL,NULL,22,NULL,8,3,1,NULL,NULL,95,1,NULL,NULL,NULL,NULL,NULL
TASH - Tauranga Home Delivery,,No,1,35404,35404,"7643, 7644, 7645, 7646, 7647",,"1, 2, 3, 4, 5",08:00:00,17:00:00,10000,3,112,36,NULL,0,12,NULL,4,3,1,NULL,NULL,112,1,NULL,NULL,NULL,NULL,NULL
TASH - Tauranga Sunday,,No,1,35404,35404,7662,,7,12:00:00,18:00:00,10000,3,95,74,NULL,NULL,20,NULL,8,3,1,NULL,NULL,95,1,NULL,NULL,NULL,NULL,NULL
TASH - Wellington Afternoon Home,,No,1,35404,35404,"7382, 7383, 7384, 7385, 7386",,"1, 2, 3, 4, 5",12:00:00,17:00:00,10000,16,94,68,NULL,0,26,0,8,3,1,NULL,NULL,94,1,NULL,NULL,NULL,NULL,NULL
TASH - Wellington Sunday,,No,1,35404,35404,7663,,7,12:00:00,18:00:00,10000,16,95,74,NULL,NULL,21,NULL,8,3,1,NULL,NULL,95,1,NULL,NULL,NULL,NULL,NULL
TASH - Whangarei Home Delivery,,No,1,35404,35404,"7622, 7623, 7624, 7625, 7626",,"1, 2, 3, 4, 5",07:00:00,12:00:00,10000,21,112,24,NULL,1,NULL,NULL,21,3,1,NULL,NULL,112,1,NULL,NULL,NULL,NULL,NULL
TASH AFTERNOON CHILLED,,No,1,35404,35404,"7387, 7388, 7389, 7390, 7391",,"1, 2, 3, 4, 5",12:00:00,17:00:00,10000,8,123,2,NULL,0,27,0,8,NULL,NULL,NULL,NULL,123,NULL,NULL,NULL,NULL,NULL,NULL
Taupo > Hamilton,,No,1,36813,36813,"12321, 12322, 12323",,"1, 3, 5",09:00:00,17:00:00,10000,4,129,2,NULL,0,11,1,4,NULL,NULL,127,87,129,1,NULL,0,NULL,NULL,NULL
Taupo > Tauranga,,Yes,1,36813,NULL,"11822, 11823, 11824","12337, 12338, 12339","1, 3, 5",09:00:00,18:00:00,10000,3,129,2,NULL,0,12,1,4,NULL,NULL,127,87,129,1,NULL,0,NULL,NULL,NULL
Taupo Run Reverse,,No,1,33377,33377,"13465, 13466, 13467",,"1, 3, 5",07:00:00,12:00:00,10000,8,112,16,NULL,1,62,1,4,1,1,142,11,112,NULL,NULL,0,NULL,NULL,NULL
Tauranga,,No,1,33586,33586,"1516, 1519",,"2, 5",12:00:00,17:00:00,10000,3,112,21,Tuesday - Bay of plenty premium delivery between 12 pm - 5 pm (Delivery guaranteed),0,12,0,8,NULL,NULL,NULL,NULL,112,NULL,2,NULL,NULL,NULL,NULL
Tauranga - OUTER,,No,1,32924,32924,"712, 2857, 2858, 2859, 2860",,"1, 2, 3, 4, 5",07:00:00,12:00:00,10000,3,112,76,"Live tracked, express delivery with New Zealand's premium courier company",0,12,NULL,4,NULL,NULL,NULL,NULL,112,NULL,NULL,NULL,NULL,NULL,NULL
Tauranga - Outer Towns 24 - Next day,,No,1,32944,32944,"1286, 1287, 1288, 1289",,"2, 3, 4, 5",11:00:00,17:00:00,10000,3,111,20,NULL,0,NULL,NULL,8,NULL,NULL,NULL,NULL,111,NULL,NULL,NULL,NULL,NULL,NULL
Tauranga - Same day,,No,1,32944,32944,"1281, 1282, 1283, 1284, 1285",,"1, 2, 3, 4, 5",11:00:00,17:00:00,10000,3,111,2,NULL,0,NULL,NULL,8,NULL,NULL,NULL,NULL,111,NULL,NULL,NULL,NULL,NULL,NULL
Tauranga - Taupo Delivery,,No,1,36813,36813,"8863, 8864, 8865",,"1, 3, 5",07:00:00,17:00:00,10000,4,128,0,NULL,0,11,1,3,NULL,NULL,127,NULL,128,1,NULL,NULL,NULL,NULL,NULL
Tauranga - Taupo Delivery #2,Tauranga - Taupo Delivery,No,1,32943,32943,"11757, 11758, 11759",,"1, 3, 5",07:30:00,17:00:00,10000,4,128,17,NULL,1,11,1,3,NULL,NULL,127,NULL,128,1,NULL,NULL,NULL,NULL,NULL
Tauranga - Thursday delivery,,No,1,32924,32924,713,,4,11:00:00,17:00:00,10000,3,111,70,"Live tracked, express delivery with New Zealand's premium courier company",0,NULL,NULL,4,NULL,NULL,NULL,NULL,111,NULL,NULL,NULL,NULL,NULL,NULL
Tauranga 1 Hour*10:00:00-11:00:00,,No,2,"12671, 33118",12671,"1747, 1804, 1811, 1818, 1825, 1832, 1839","5060, 5061, 5062, 5063, 5064, 5065, 5066","1, 2, 3, 4, 5, 6, 7",10:00:00,11:00:00,10000,3,99,0,Urgent Couriers 1 Hour carbon-neutral delivery with live tracking,1,17,0,3,NULL,NULL,NULL,NULL,99,NULL,NULL,NULL,NULL,NULL,NULL
Tauranga 1 Hour*11:00:00-12:00:00,,No,2,"12671, 33118",12671,"1748, 1805, 1812, 1819, 1826, 1833, 1840","5067, 5068, 5069, 5070, 5071, 5072, 5073","1, 2, 3, 4, 5, 6, 7",11:00:00,12:00:00,10000,3,99,0,Urgent Couriers 1 Hour carbon-neutral delivery with live tracking,1,17,0,3,NULL,NULL,NULL,NULL,99,NULL,NULL,NULL,NULL,NULL,NULL
Tauranga 1 Hour*12:00:00-13:00:00,,No,2,"12671, 33118",12671,"1749, 1806, 1813, 1820, 1827, 1834, 1841","5074, 5075, 5076, 5077, 5078, 5079, 5080","1, 2, 3, 4, 5, 6, 7",12:00:00,13:00:00,10000,3,99,0,Urgent Couriers 1 Hour carbon-neutral delivery with live tracking,1,17,0,3,NULL,NULL,NULL,NULL,99,NULL,NULL,NULL,NULL,NULL,NULL
Tauranga 1 Hour*13:00:00-14:00:00,,No,2,"12671, 33118",12671,"1750, 1807, 1814, 1821, 1828, 1835, 1842","5081, 5082, 5083, 5084, 5085, 5086, 5087","1, 2, 3, 4, 5, 6, 7",13:00:00,14:00:00,10000,3,99,0,Urgent Couriers 1 Hour carbon-neutral delivery with live tracking,1,17,0,3,NULL,NULL,NULL,NULL,99,NULL,NULL,NULL,NULL,NULL,NULL
Tauranga 1 Hour*14:00:00-15:00:00,,No,2,"12671, 33118",12671,"1751, 1808, 1815, 1822, 1829, 1836, 1843","5088, 5089, 5090, 5091, 5092, 5093, 5094","1, 2, 3, 4, 5, 6, 7",14:00:00,15:00:00,10000,3,99,0,Urgent Couriers 1 Hour carbon-neutral delivery with live tracking,1,17,0,3,NULL,NULL,NULL,NULL,99,NULL,NULL,NULL,NULL,NULL,NULL
Tauranga 1 Hour*15:00:00-16:00:00,,No,2,"12671, 33118",12671,"1752, 1809, 1816, 1823, 1830, 1837, 1844","5095, 5096, 5097, 5098, 5099, 5100, 5101","1, 2, 3, 4, 5, 6, 7",15:00:00,16:00:00,10000,3,99,0,Urgent Couriers 1 Hour carbon-neutral delivery with live tracking,1,17,0,3,NULL,NULL,NULL,NULL,99,NULL,NULL,NULL,NULL,NULL,NULL
Tauranga 1 Hour*16:00:00-17:00:00,,No,2,"12671, 33118",12671,"1753, 1810, 1817, 1824, 1831, 1838, 1845","5102, 5103, 5104, 5105, 5106, 5107, 5108","1, 2, 3, 4, 5, 6, 7",16:00:00,17:00:00,10000,3,99,0,Urgent Couriers 1 Hour carbon-neutral delivery with live tracking,1,17,0,3,NULL,NULL,NULL,NULL,99,NULL,NULL,NULL,NULL,NULL,NULL
Tauranga 4pm > AKL Next Day Run,,No,1,33103,33103,"3635, 3636, 3637, 3638, 3639",,"1, 2, 3, 4, 5",10:00:00,12:00:00,10000,8,145,18,Next Business Day Medical Delivery to Auckland,1,NULL,1,3,NULL,NULL,127,52,129,1,6,NULL,NULL,NULL,NULL
Tauranga 9am > AKL Next Day Run,,No,1,33103,33103,"3630, 3631, 3632, 3633, 3634, 6144, 6145, 6146, 6147, 6148",,"1, 2, 3, 4, 5",16:00:00,18:00:00,10000,8,145,7,Next Business Day Medical Delivery to Auckland,1,NULL,1,3,NULL,NULL,127,52,129,1,6,NULL,NULL,NULL,NULL
Tauranga > Auckland Express Run #2,Tauranga > Auckland Express Run,No,1,9196,9196,"7467, 7468, 7469, 7470, 7471, 7562, 7563, 7564, 7565, 7566",,"1, 2, 3, 4, 5",11:00:00,12:30:00,10000,8,145,20,NULL,1,NULL,1,3,1,1,127,52,145,1,6,NULL,NULL,NULL,NULL
Tauranga > Auckland Express Run #3,Tauranga > Auckland Express Run,No,1,36813,36813,"8970, 8971, 8972, 8973, 8974",,"1, 2, 3, 4, 5",11:00:00,12:30:00,10000,8,145,0,NULL,1,NULL,1,3,1,1,127,52,145,1,6,NULL,NULL,NULL,NULL
Tauranga > Auckland Express Run 4pm-6pm #2,Tauranga > Auckland Express Run 4pm-6pm,No,1,9196,9196,"7472, 7473, 7474, 7475, 7476, 7567, 7568, 7569, 7570, 7571",,"1, 2, 3, 4, 5",16:00:00,18:00:00,10000,8,145,7,NULL,1,NULL,1,3,1,1,127,NULL,145,1,6,NULL,NULL,NULL,NULL
Tauranga > Auckland Express Run 4pm-6pm #3,Tauranga > Auckland Express Run 4pm-6pm,No,1,36813,36813,"8975, 8976, 8977, 8978, 8979",,"1, 2, 3, 4, 5",16:00:00,18:00:00,10000,8,145,0,NULL,1,NULL,1,3,1,1,127,NULL,145,1,6,NULL,NULL,NULL,NULL
Tauranga > Auckland Run,,No,1,9196,9196,"7477, 7478, 7479, 7480, 7481, 7572, 7573, 7574, 7575, 7576",,"1, 2, 3, 4, 5",12:00:00,17:00:00,10000,8,140,69,NULL,0,NULL,1,3,1,1,127,52,140,1,6,NULL,NULL,NULL,NULL
Tauranga > Auckland Run #2,Tauranga > Auckland Run,No,1,36813,36813,"8980, 8981, 8982, 8983, 8984",,"1, 2, 3, 4, 5",12:00:00,17:00:00,10000,8,140,0,NULL,0,NULL,1,3,1,1,127,52,140,1,6,NULL,NULL,NULL,NULL
Tauranga > Auckland Run 6pm-9pm,,No,1,9196,9196,"7482, 7483, 7484, 7485, 7486, 7577, 7578, 7579, 7580, 7581",,"1, 2, 3, 4, 5",18:00:00,21:00:00,10000,8,141,9,NULL,0,NULL,1,3,1,1,127,52,110,1,6,NULL,NULL,NULL,NULL
Tauranga > Auckland Run 6pm-9pm #2,Tauranga > Auckland Run 6pm-9pm,No,1,36813,36813,"8985, 8986, 8987, 8988, 8989",,"1, 2, 3, 4, 5",18:00:00,21:00:00,10000,8,141,0,NULL,0,NULL,1,3,1,1,127,52,110,1,6,NULL,NULL,NULL,NULL
Tauranga > BOP Outer Run,,No,2,"31488, 31486",31488,"11674, 11675, 11676, 11677, 11678","12133, 12134, 12135, 12136, 12137","1, 2, 3, 4, 5",11:00:00,14:00:00,10000,3,129,1,NULL,1,12,1,3,NULL,NULL,127,52,129,1,6,0,NULL,NULL,NULL
Tauranga > BOP Outer Run #2,Tauranga > BOP Outer Run,No,1,36813,36813,"8890, 8891, 8892, 8893, 8894",,"1, 2, 3, 4, 5",11:00:00,14:00:00,10000,3,129,0,NULL,1,12,1,3,NULL,NULL,127,52,129,1,6,0,NULL,NULL,NULL
Tauranga > BOP Outer Run #3,Tauranga > BOP Outer Run,No,1,15608,15608,"12069, 12070, 12071, 12072, 12073",,"1, 2, 3, 4, 5",10:00:00,14:00:00,10000,3,129,1,NULL,1,12,1,3,NULL,NULL,127,52,129,1,6,1,90,NULL,NULL
Tauranga > Cambridge Afternoon Run,,No,1,31952,31952,"12478, 12479, 12480, 12481, 12482",,"1, 2, 3, 4, 5",12:30:00,18:00:00,10000,4,129,3,NULL,1,38,1,3,1,1,127,52,129,1,6,NULL,NULL,NULL,NULL
Tauranga > Outer BOP,,Yes,1,17272,NULL,"12829, 12830, 12836, 12837, 12838","13754, 13755, 13756, 13757, 13758","1, 2, 3, 4, 5",11:00:00,14:00:00,10000,3,129,1,NULL,1,12,1,3,NULL,NULL,127,NULL,129,1,NULL,0,NULL,NULL,NULL
Tauranga > Outer BOP #2,Tauranga > Outer BOP,No,1,32875,32875,"12794, 12795, 12796, 12797, 12798",,"1, 2, 3, 4, 5",11:00:00,14:00:00,10000,3,129,1,NULL,1,12,1,3,NULL,NULL,127,NULL,129,1,6,0,NULL,NULL,NULL
Tauranga > Waikato Afternoon Run,,Yes,1,32943,NULL,"2382, 2383, 2384, 2385, 2386","11752, 11753, 11754, 11755, 11756","1, 2, 3, 4, 5",12:30:00,18:00:00,10000,4,129,3,NULL,1,11,1,3,1,1,127,52,129,1,6,NULL,NULL,NULL,NULL
Tauranga > Waikato Afternoon Run #2,Tauranga > Waikato Afternoon Run,No,1,9196,9196,"7487, 7488, 7489, 7490, 7491, 7582, 7583, 7584, 7585, 7586",,"1, 2, 3, 4, 5",13:00:00,18:00:00,10000,4,129,4,NULL,1,11,1,3,1,1,127,52,129,1,6,NULL,NULL,NULL,NULL
Tauranga > Waikato Afternoon Run #3,Tauranga > Waikato Afternoon Run,No,1,36813,36813,"8866, 8867, 8868, 8869, 8870",,"1, 2, 3, 4, 5",13:00:00,18:00:00,10000,4,129,0,NULL,1,11,1,3,1,1,127,52,129,1,6,NULL,NULL,NULL,NULL
Tauranga > Waikato Afternoon Run #4,Tauranga > Waikato Afternoon Run,No,1,31730,31730,"11692, 11693, 11694, 11695, 11696",,"1, 2, 3, 4, 5",13:00:00,18:00:00,10000,4,129,3,NULL,1,11,1,3,1,1,127,52,129,1,6,NULL,NULL,NULL,NULL
Tauranga > Waikato Morning Run,,Yes,2,"9196, 31730",NULL,"2367, 2368, 2369, 2370, 2371","7492, 7493, 7494, 7495, 7496, 7587, 7588, 7589, 7590, 7591, 11687, 11688, 11689, 11690, 11691","1, 2, 3, 4, 5",07:00:00,12:00:00,10000,4,129,16,NULL,1,11,1,3,1,1,127,52,129,1,6,NULL,NULL,NULL,NULL
Tauranga > Waikato Morning Run #2,Tauranga > Waikato Morning Run,No,1,36813,36813,"8871, 8872, 8873, 8874, 8875",,"1, 2, 3, 4, 5",07:00:00,12:00:00,10000,4,129,0,NULL,1,11,1,3,1,1,127,52,129,1,6,NULL,NULL,NULL,NULL
Tauranga > Waikato Morning Run #3,Tauranga > Waikato Morning Run,No,1,32943,32943,"11747, 11748, 11749, 11750, 11751",,"1, 2, 3, 4, 5",07:30:00,12:00:00,10000,4,129,65,NULL,1,11,1,3,1,1,127,52,129,1,6,NULL,NULL,NULL,NULL
Tauranga > Whakatane Run,,No,4,"32186, 32206, 32993, 35321",32186,"12118, 12119, 12120, 12121, 12122","12123, 12124, 12125, 12126, 12127, 12128, 12129, 12130, 12131, 12132, 12153, 12154, 12155, 12156, 12157","1, 2, 3, 4, 5",11:00:00,14:00:00,10000,3,129,1,Book by 10:00am for same day delivery 2pm,1,12,1,3,NULL,NULL,127,52,129,1,6,0,NULL,NULL,NULL
Tauranga > Whakatane Run #2,Tauranga > Whakatane Run,No,2,"32767, 32246",32767,"12163, 12164, 12165, 12166, 12167","12168, 12169, 12170, 12171, 12172","1, 2, 3, 4, 5",11:00:00,14:00:00,10000,3,129,1,Tauranga > Whakatane Run Book by 10:00am for same day delivery 2pm,1,12,1,3,NULL,NULL,127,52,129,1,6,1,90,NULL,NULL
Tauranga Afternoon Cool,,No,1,33105,33105,"1066, 1069, 1071, 1072, 1074",,"1, 2, 3, 4, 5",13:00:00,17:00:00,10000,3,123,22,NULL,0,12,0,8,NULL,NULL,NULL,NULL,123,NULL,NULL,NULL,NULL,NULL,NULL
Tauranga Chilled,,No,1,36813,36813,"1510, 1511, 1512, 1513, 1514",,"1, 2, 3, 4, 5",07:00:00,17:00:00,10000,3,131,16,Tauranga to Tauranga Deliveries.,1,29,0,3,2,2,NULL,NULL,131,NULL,5,NULL,NULL,NULL,NULL
Tauranga Chilled 5am Run,,No,1,33710,33710,"3267, 3268, 3269, 3270, 3271",,"1, 2, 3, 4, 5",07:00:00,15:00:00,10000,3,131,16,Chilled delivery into Tauranga leaving Akl 5am,0,29,0,8,2,2,NULL,NULL,131,NULL,NULL,NULL,NULL,NULL,NULL
Tauranga Delivery (DBOX),,No,1,35329,35329,"3023, 3024, 3025, 3026, 3027",,"1, 2, 3, 4, 5",07:00:00,12:00:00,10000,3,112,16,NULL,0,12,0,8,NULL,NULL,NULL,NULL,112,NULL,NULL,NULL,NULL,NULL,NULL
Tauranga Express,,No,1,33049,33049,654,,4,12:00:00,17:00:00,10000,3,111,24,Premium live tracked delivery service,0,NULL,NULL,3,NULL,NULL,NULL,NULL,111,NULL,NULL,NULL,NULL,NULL,NULL
Tauranga Express #2,Tauranga Express,No,1,32973,32973,"1115, 1116, 1117, 1118, 1119",,"1, 2, 3, 4, 5",11:00:00,18:00:00,10000,3,111,2,NULL,0,NULL,0,8,NULL,NULL,NULL,NULL,111,NULL,NULL,NULL,NULL,NULL,NULL
Tauranga Fresh Express,,No,1,33099,33099,920,,2,15:00:00,18:00:00,10000,3,112,24,"Same-day, live-tracked delivery. Tuesday delivery from 3-6pm",0,12,0,4,NULL,NULL,NULL,NULL,112,NULL,NULL,NULL,NULL,NULL,NULL
Tauranga Friday Delivery,,No,1,33098,33098,928,,5,12:00:00,17:00:00,10000,3,111,24,NULL,0,12,0,8,NULL,NULL,NULL,NULL,111,NULL,2,NULL,NULL,NULL,NULL
Tauranga Pallet Delivery,,No,1,36354,36354,"5981, 5982, 5983, 5984, 5985",,"1, 2, 3, 4, 5",07:00:00,12:00:00,10000,3,96,16,NULL,0,12,0,4,NULL,NULL,NULL,NULL,96,NULL,NULL,NULL,NULL,NULL,NULL
Tauranga Pickup,,No,1,9673,9673,"5373, 5374, 5375, 5376, 5377",,"1, 2, 3, 4, 5",16:00:00,17:30:00,10000,8,145,7,NULL,1,62,1,3,1,1,127,52,145,1,6,NULL,NULL,NULL,NULL
Tauranga Same day,,No,1,15521,15521,"935, 1081, 1082, 1083, 1335",,"1, 2, 3, 4, 5",12:00:00,17:00:00,10000,3,111,2,NULL,0,12,1,8,NULL,NULL,NULL,NULL,111,1,2,NULL,NULL,NULL,NULL
Tauranga Same Day Run*09:00:00-17:00:00,,No,1,12671,12671,"1755, 1846, 1848, 1850, 1852",,"1, 2, 3, 4, 5",09:00:00,17:00:00,10000,3,53,0,Urgent Couriers Same Day carbon neutral delivery with live tracking,1,17,0,3,NULL,NULL,NULL,NULL,53,NULL,NULL,NULL,NULL,NULL,NULL
Tauranga Same Day Run*12:00:00-17:00:00,,No,1,12671,12671,"1754, 1847, 1849, 1851, 1853, 1855, 1857",,"1, 2, 3, 4, 5, 6, 7",12:00:00,17:00:00,10000,3,53,0,Urgent Couriers Same Day carbon neutral delivery with live tracking,1,17,0,3,NULL,NULL,NULL,NULL,53,NULL,NULL,NULL,NULL,NULL,NULL
Tauranga Sunday 12pm - 6pm,,No,1,32335,32335,4992,,7,12:00:00,18:00:00,10000,3,95,45,NULL,0,20,1,8,2,1,127,NULL,95,1,2,1,2670,NULL,NULL
Tauranga to Auckland - Afternoon Chilled,,No,1,34833,34833,"5590, 5591, 5592, 5593, 5594",,"1, 2, 3, 4, 5",07:00:00,12:00:00,10000,8,123,0,NULL,0,27,0,3,NULL,NULL,NULL,NULL,123,NULL,NULL,NULL,NULL,NULL,NULL
Tauranga to Auckland - Morning Chilled,,No,1,34833,34833,"5585, 5586, 5587, 5588, 5589",,"1, 2, 3, 4, 5",07:00:00,12:00:00,10000,8,122,0,NULL,0,27,0,3,NULL,NULL,NULL,NULL,122,NULL,NULL,NULL,NULL,NULL,NULL
Tauranga Wednesday Delivery,,No,1,33098,33098,924,,3,12:00:00,17:00:00,10000,3,111,24,NULL,0,NULL,0,8,NULL,NULL,NULL,NULL,111,NULL,2,NULL,NULL,NULL,NULL
Tauranga Weds Regional,,No,2,"31654, 32853",31654,510,511,3,08:00:00,17:00:00,10000,3,112,24,NULL,0,NULL,NULL,3,NULL,NULL,NULL,NULL,112,NULL,NULL,NULL,NULL,NULL,NULL
Taurange to Whakatane - Chilled,,No,1,36717,36717,"13666, 13667, 13668, 13669, 13670",,"1, 2, 3, 4, 5",11:00:00,14:00:00,10000,3,131,1,NULL,0,29,1,3,2,2,127,52,131,NULL,NULL,NULL,NULL,NULL,NULL
TEABS Te Awamutu > Hamilton,,No,1,36476,36476,"13715, 13716, 13717",,"1, 3, 5",09:30:00,17:00:00,10000,4,128,3,"Book by 6:30am | Collections every Mon, Wed, Fri only. Late or Tue/Thu bookings collect next run day.",1,11,1,4,NULL,NULL,127,96,128,1,NULL,0,NULL,NULL,NULL
TEABS Te Awamutu > Outer Waikato,,No,1,36476,36476,"13721, 13722",,"2, 4",09:30:00,12:00:00,10000,4,128,27,"Book by 6:30am | Collections every Mon, Wed, Fri only. Late or Tue/Thu bookings collect next run day.",1,11,1,4,NULL,NULL,127,96,128,1,NULL,0,NULL,NULL,NULL
Temp Evening Home,,No,1,16645,16645,1245,,3,18:00:00,21:00:00,10000,8,35,3,NULL,1,NULL,0,8,NULL,NULL,NULL,NULL,35,NULL,NULL,NULL,NULL,NULL,NULL
TEST 12-12 Evening Home Auckland,,No,1,32929,32929,"6470, 6471, 6472, 6473, 6474",,"1, 2, 3, 4, 5",18:00:00,21:00:00,10000,8,110,3,Evening Home,NULL,62,0,8,NULL,NULL,1,NULL,110,NULL,NULL,NULL,NULL,NULL,NULL
Test  AKL > WRG Pre 8am Medical Run with LH,,No,1,35774,35774,6874,,5,07:00:00,08:00:00,10000,21,129,12,Test Pre 8 am Medical Deliveries to Whangarei,1,NULL,1,8,1,1,127,NULL,129,1,2,NULL,NULL,360,NULL
TEST Auckland Afternoons with Pickup,,No,1,36266,36266,"6447, 6448, 6449, 6450, 6451, 6452",,"1, 2, 3, 4, 5, 6",12:00:00,17:00:00,10000,8,94,0,NULL,NULL,62,1,8,NULL,NULL,127,NULL,94,1,NULL,NULL,NULL,NULL,NULL
Test ChevP schedule,,No,1,32929,32929,"4667, 4668, 4669, 4670, 4671",,"1, 2, 3, 4, 5",04:00:00,09:00:00,10000,16,147,18,NULL,0,26,1,8,2,2,124,27,147,2,2,NULL,NULL,NULL,NULL
TEST DUNEDIN MED,,No,1,32929,32929,"13676, 13677, 13678, 13679, 13680",,"1, 2, 3, 4, 5",08:00:00,10:00:00,10000,46,164,18,NULL,1,NULL,1,33,1,1,166,NULL,164,1,NULL,0,NULL,NULL,NULL
TEST Evening Home Auckland with Pickup,,No,1,36266,36266,"6459, 6460, 6461, 6462, 6463",,"1, 2, 3, 4, 5",18:00:00,21:00:00,10000,8,110,3,Evening Home,NULL,62,1,8,NULL,NULL,1,NULL,110,1,NULL,NULL,NULL,NULL,NULL
TEST George live RECOA,,No,1,31735,31735,1933,,3,12:00:00,17:00:00,10000,8,94,19,NULL,1,NULL,1,3,1,1,1,NULL,94,1,6,NULL,NULL,NULL,NULL
TEST TRACK,,No,1,32924,32924,7932,,3,12:00:00,17:00:00,10000,8,85,50,"Live tracked, express delivery with New Zealand's premium courier company",0,62,NULL,8,NULL,NULL,NULL,NULL,85,NULL,NULL,NULL,NULL,NULL,NULL
TEST UCLAL Auckland Afternoons,,No,1,36266,36266,"6453, 6454, 6455, 6456, 6457, 6458",,"1, 2, 3, 4, 5, 6",12:00:00,17:00:00,10000,8,94,2,NULL,NULL,62,NULL,NULL,NULL,NULL,NULL,NULL,94,NULL,NULL,NULL,NULL,NULL,NULL
TEST Waikato Inner Pickup,,No,1,33377,33377,"12594, 12595, 12596, 12597, 12598",,"1, 2, 3, 4, 5",16:00:00,17:30:00,10000,8,145,5,NULL,1,62,1,4,1,1,127,72,145,1,3,1,300,NULL,NULL
TEST Wellington pre 8am,,No,1,32929,32929,"4554, 4555, 4556, 4557, 4558",,"1, 2, 3, 4, 5",06:00:00,08:00:00,10000,16,165,60,Overnight delivery to Wellington delivered before 8am,1,26,1,8,1,1,127,NULL,165,1,2,NULL,NULL,NULL,NULL
TGA > WRG Pre 8am Medical Run,,No,1,36266,36266,"8448, 8449, 8450, 8451, 8452",,"1, 2, 3, 4, 5",07:00:00,14:00:00,10000,21,129,58,Book by 7pm for pre 8am Medical Deliveries to Whangarei,1,NULL,1,3,1,1,127,12,129,1,6,NULL,NULL,NULL,NULL
TGA CHILLED FRIDAY,,No,1,32944,32944,1871,,5,12:00:00,17:00:00,10000,3,131,16,NULL,0,12,0,8,NULL,NULL,NULL,NULL,131,NULL,NULL,NULL,NULL,NULL,NULL
TGA Saturday delivery,,No,1,32779,32779,602,,6,07:00:00,17:00:00,10000,3,95,24,NULL,0,NULL,NULL,3,NULL,NULL,NULL,NULL,95,NULL,NULL,NULL,NULL,NULL,NULL
TGA XMAS HF,,No,1,17921,17921,"6439, 6440",,"1, 2",07:00:00,19:00:00,10000,3,121,2,,0,47,NULL,3,NULL,NULL,NULL,NULL,121,NULL,NULL,NULL,NULL,NULL,NULL
Three Hour - Saturday,,No,1,18245,18245,"2861, 2862",,"1, 6",08:00:00,11:00:00,10000,8,4,999999,NULL,1,NULL,0,8,NULL,NULL,NULL,NULL,4,NULL,NULL,NULL,NULL,NULL,NULL
Thursday 2 Hour Express (11:00am-1:00pm),,No,1,33096,33096,3329,,4,11:00:00,13:00:00,10000,8,24,23,,1,NULL,NULL,8,NULL,NULL,NULL,NULL,24,NULL,NULL,NULL,NULL,NULL,NULL
Thursday 2 Hour Express (1:00-3pm),,No,1,33096,33096,3333,,4,13:00:00,15:00:00,10000,8,24,27,,1,NULL,NULL,8,NULL,NULL,NULL,NULL,24,NULL,NULL,NULL,NULL,NULL,NULL
Thursday 2 Hour Express (9:00-11:00am),,No,1,33096,33096,3324,,4,09:00:00,11:00:00,10000,8,24,23,,1,NULL,NULL,8,NULL,NULL,NULL,NULL,24,NULL,NULL,NULL,NULL,NULL,NULL
Thursday 2 hour express*08:00:00-10:00:00,,No,1,17732,17732,271,,4,08:00:00,10:00:00,10000,8,24,28,,1,NULL,NULL,8,NULL,NULL,NULL,NULL,24,NULL,NULL,NULL,NULL,NULL,NULL
Thursday 2 hour express*08:00:00-10:00:00x,,No,1,17732,17732,1368,,4,08:00:00,10:00:00,10000,8,24,0,,1,NULL,NULL,8,NULL,NULL,NULL,NULL,24,NULL,NULL,NULL,NULL,NULL,NULL
Thursday 2 hour express*10:00:00-12:00:00,,No,1,17732,17732,272,,4,10:00:00,12:00:00,10000,8,24,30,,1,NULL,NULL,8,NULL,NULL,NULL,NULL,24,NULL,NULL,NULL,NULL,NULL,NULL
Thursday 2 hour express*10:00:00-12:00:00x,,No,1,17732,17732,1369,,4,10:00:00,12:00:00,10000,8,24,0,,1,NULL,NULL,8,NULL,NULL,NULL,NULL,24,NULL,NULL,NULL,NULL,NULL,NULL
Thursday 2 hour express*13:00:00-15:00:00,,No,1,17732,17732,273,,4,13:00:00,15:00:00,10000,8,24,9,,1,NULL,NULL,8,NULL,NULL,NULL,NULL,24,NULL,NULL,NULL,NULL,NULL,NULL
Thursday 2 hour express*13:00:00-15:00:00x,,No,1,17732,17732,1370,,4,13:00:00,15:00:00,10000,8,24,0,,1,NULL,NULL,8,NULL,NULL,NULL,NULL,24,NULL,NULL,NULL,NULL,NULL,NULL
Thursday 2 hour express*14:00:00-16:00:00,,No,1,17732,17732,279,,4,14:00:00,16:00:00,10000,8,24,10,,1,NULL,NULL,8,NULL,NULL,NULL,NULL,24,NULL,NULL,NULL,NULL,NULL,NULL
Thursday 2 hour express*14:00:00-16:00:00x,,No,1,17732,17732,1371,,4,14:00:00,16:00:00,10000,8,24,0,,1,NULL,NULL,8,NULL,NULL,NULL,NULL,24,NULL,NULL,NULL,NULL,NULL,NULL
Thursday Afternoon Bay of Plenty Express,,No,1,33094,33094,1048,,4,12:00:00,17:00:00,10000,3,111,14,Live tracked - Delivery from 3-6pm,0,NULL,0,3,NULL,NULL,NULL,NULL,111,NULL,NULL,NULL,NULL,NULL,NULL
Thursday Afternoon Express,,No,2,"33089, 33091",33089,879,884,4,12:00:00,14:00:00,10000,8,25,1,"Afternoon Express - Book by 11am, delivery from 12-2pm",1,NULL,0,8,NULL,NULL,NULL,NULL,25,NULL,NULL,NULL,NULL,NULL,NULL
Thursday Afternoon Express #2,Thursday Afternoon Express,No,1,32758,32758,186,,4,12:00:00,17:00:00,10000,8,94,3,NULL,NULL,NULL,NULL,8,NULL,NULL,NULL,NULL,94,NULL,NULL,NULL,NULL,NULL,NULL
Thursday Afternoon Express #3,Thursday Afternoon Express,No,1,32822,32822,305,,4,12:00:00,17:00:00,10000,8,94,2,Premium live tracked delivery service with Urgent Couriers,NULL,NULL,NULL,8,NULL,NULL,NULL,NULL,94,NULL,NULL,NULL,NULL,NULL,NULL
Thursday Afternoon Express #4,Thursday Afternoon Express,No,1,33093,33093,895,,4,15:00:00,17:00:00,10000,8,25,2,"Express, live-tracked delivery between 3-5pm",1,NULL,0,8,NULL,NULL,NULL,NULL,25,NULL,NULL,NULL,NULL,NULL,NULL
Thursday Afternoon Express #5,Thursday Afternoon Express,No,1,33094,33094,900,,4,12:00:00,17:00:00,10000,8,94,14,Live tracked - Delivery from 12-5pm,0,NULL,0,8,NULL,NULL,NULL,NULL,94,NULL,NULL,NULL,NULL,NULL,NULL
Thursday afternoon express delivery,,No,1,32773,32773,290,,4,12:00:00,17:00:00,10000,8,94,3,Afternoon Home and Office delivery between 12pm and 5pm,NULL,NULL,NULL,8,NULL,NULL,NULL,NULL,94,NULL,NULL,NULL,NULL,NULL,NULL
Thursday Afternoon Home,,No,1,32429,32429,172,,4,12:00:00,17:00:00,10000,8,94,22,Fast live tracked delivery with Urgent Couriers,NULL,NULL,NULL,8,NULL,NULL,NULL,NULL,94,NULL,NULL,NULL,NULL,NULL,NULL
Thursday Afternoon Home #2,Thursday Afternoon Home,No,1,18232,18232,203,,4,12:00:00,17:00:00,10000,8,94,6,Live tracked delivery service,NULL,NULL,NULL,8,NULL,NULL,NULL,NULL,94,NULL,NULL,NULL,NULL,NULL,NULL
Thursday Afternoon Home #3,Thursday Afternoon Home,No,1,32799,32799,338,,4,12:00:00,17:00:00,10000,8,94,3,Express delivery to your door,NULL,NULL,NULL,8,NULL,NULL,NULL,NULL,94,NULL,NULL,NULL,NULL,NULL,NULL
Thursday Afternoon Home Auckland,,No,1,34381,34381,1948,,4,12:00:00,17:00:00,10000,8,94,1,NULL,0,NULL,0,8,NULL,NULL,NULL,NULL,94,NULL,NULL,NULL,NULL,NULL,NULL
Thursday Afternoon Service,,No,1,32710,32710,135,,4,12:00:00,17:00:00,10000,8,94,12,NULL,NULL,NULL,NULL,8,NULL,NULL,NULL,NULL,94,NULL,NULL,NULL,NULL,NULL,NULL
Thursday Afternoon Waikato Express,,No,1,33094,33094,1043,,4,12:00:00,17:00:00,10000,4,111,14,Live tracked - Delivery from 1-6pm,0,NULL,0,4,NULL,NULL,NULL,NULL,111,NULL,NULL,NULL,NULL,NULL,NULL
Thursday Afternoon Whangarei Express,,No,1,33094,33094,1054,,4,12:00:00,17:00:00,10000,21,111,14,Live tracked - Delivery from 12-5pm,1,NULL,0,21,NULL,NULL,NULL,NULL,111,NULL,NULL,NULL,NULL,360,NULL
Thursday Evening Delivery,,No,1,32340,32340,631,,4,18:00:00,21:00:00,10000,8,110,3,NULL,0,NULL,NULL,8,NULL,NULL,NULL,NULL,110,NULL,NULL,NULL,NULL,NULL,NULL
Thursday Evening Express,,No,2,"33089, 33091",33089,864,869,4,15:00:00,17:00:00,10000,8,25,1,"Evening Express - Book by 2pm, delivery from 3-5pm",1,NULL,0,8,NULL,NULL,NULL,NULL,25,NULL,NULL,NULL,NULL,NULL,NULL
Thursday Evening Express #2,Thursday Evening Express,No,1,32758,32758,191,,4,18:00:00,21:00:00,10000,8,110,3,NULL,NULL,NULL,NULL,8,NULL,NULL,NULL,NULL,110,NULL,NULL,NULL,NULL,NULL,NULL
Thursday Evening Express #3,Thursday Evening Express,No,1,32822,32822,320,,4,18:00:00,21:00:00,10000,8,110,3,Premium live tracked delivery service with Urgent Couriers,NULL,NULL,NULL,8,NULL,NULL,NULL,NULL,110,NULL,NULL,NULL,NULL,NULL,NULL
Thursday Evening Express #4,Thursday Evening Express,No,1,33094,33094,905,,4,18:00:00,21:00:00,10000,8,110,8,Live tracked - Delivery from 6-9pm,0,NULL,0,8,NULL,NULL,NULL,NULL,110,NULL,NULL,NULL,NULL,NULL,NULL
Thursday Evening Express Delivery,,No,1,32769,32769,487,,4,18:00:00,21:00:00,10000,8,110,18,NULL,0,NULL,NULL,8,NULL,NULL,NULL,NULL,110,NULL,NULL,NULL,NULL,NULL,NULL
Thursday Evening Home,,No,1,32429,32429,177,,4,18:00:00,21:00:00,10000,8,110,4,Fast live tracked delivery with Urgent Couriers,NULL,NULL,NULL,8,NULL,NULL,NULL,NULL,110,NULL,NULL,NULL,NULL,NULL,NULL
Thursday Evening Home #2,Thursday Evening Home,No,1,18232,18232,197,,4,18:00:00,21:00:00,10000,8,110,12,Live tracked delivery service,NULL,NULL,NULL,8,NULL,NULL,NULL,NULL,110,NULL,NULL,NULL,NULL,NULL,NULL
Thursday Evening Home #3,Thursday Evening Home,No,1,32799,32799,344,,4,18:00:00,21:00:00,10000,8,110,3,Express delivery to your door,NULL,NULL,NULL,8,NULL,NULL,NULL,NULL,110,NULL,NULL,NULL,NULL,NULL,NULL
Thursday Evening Home #4,Thursday Evening Home,No,1,33727,33727,1551,,4,18:00:00,21:00:00,10000,8,110,18,Thursday Evening Home - (Delivery 6pm - 9pm),0,NULL,0,8,NULL,NULL,NULL,NULL,110,NULL,NULL,NULL,NULL,NULL,NULL
Thursday Express,,No,1,33052,33052,701,,4,12:00:00,17:00:00,10000,8,94,2,Premium Live tracked service with Urgent Couriers,0,NULL,NULL,8,NULL,NULL,NULL,NULL,94,NULL,NULL,NULL,NULL,NULL,NULL
Thursday express delivery,,No,1,32773,32773,295,,4,14:00:00,16:00:00,10000,8,25,2,Two hour delivery between 2pm - 4pm same day,1,NULL,NULL,8,NULL,NULL,NULL,NULL,25,NULL,NULL,NULL,NULL,NULL,NULL
Thursday Morning 3 Hour,,No,1,216,216,1581,,4,09:00:00,13:00:00,10000,8,4,1,"Live-tracked, express service",1,NULL,0,8,NULL,NULL,NULL,NULL,4,NULL,NULL,NULL,NULL,NULL,NULL
Thursday Morning Express,,No,2,"33089, 33091",33089,874,889,4,10:00:00,12:00:00,10000,8,25,1,"Morning Express - Book by 9am, delivery from 10am-12pm",1,NULL,0,8,NULL,NULL,NULL,NULL,25,NULL,NULL,NULL,NULL,NULL,NULL
Thursday Morning Home Delivery Auckland,,No,1,18245,18245,4645,,4,08:00:00,17:00:00,10000,8,96,0,NULL,NULL,NULL,NULL,8,NULL,NULL,NULL,NULL,96,NULL,NULL,NULL,NULL,NULL,NULL
Thursday same day delivery,,No,1,32714,32714,165,,4,18:00:00,21:00:00,10000,8,110,4,Premium live tracked delivery service,NULL,NULL,NULL,8,NULL,NULL,NULL,NULL,110,NULL,NULL,NULL,NULL,NULL,NULL
Thursday same-day delivery,,No,1,32697,32697,92,,4,12:00:00,17:00:00,10000,8,94,36,Premium same-day live tracked delivery service to residential or business addresses,NULL,NULL,NULL,8,NULL,NULL,NULL,NULL,94,NULL,NULL,NULL,NULL,NULL,NULL
TIO - Hamilton - Auckland Afternoon Chilled,,No,1,36725,36725,"8070, 8071, 8072, 8073, 8074",,"1, 2, 3, 4, 5",13:00:00,17:00:00,10000,8,123,22,NULL,0,27,0,4,2,2,NULL,NULL,123,NULL,NULL,NULL,NULL,NULL,NULL
TIO - Hamilton - Auckland Morning Chilled,,No,1,36725,36725,"8075, 8076, 8077, 8078, 8079",,"1, 2, 3, 4, 5",07:00:00,12:00:00,10000,8,122,20,Auckland Morning Chilled Delivery 7am - 12pm Hamilton to Auckland,0,27,0,4,2,2,NULL,NULL,122,NULL,NULL,NULL,NULL,NULL,NULL
TIO - Hamilton - Tauranga Chilled,,No,1,36725,36725,"8085, 8086, 8087, 8088, 8089",,"1, 2, 3, 4, 5",07:00:00,17:00:00,10000,3,131,16,NULL,0,29,0,4,NULL,NULL,NULL,NULL,131,NULL,NULL,NULL,NULL,NULL,NULL
TIO - Hamilton Local Chilled,,No,1,36725,36725,"8080, 8081, 8082, 8083, 8084",,"1, 2, 3, 4, 5",07:00:00,17:00:00,10000,4,130,16,Hamilton to Hamilton Deliveries.  Zone 1 Only,0,28,0,4,2,2,NULL,NULL,130,NULL,5,NULL,NULL,NULL,NULL
TIO -  Taupo Chilled,,No,1,36725,36725,"8090, 8091, 8092",,"1, 3, 5",07:00:00,12:00:00,10000,4,112,16,NULL,0,11,0,4,2,2,NULL,NULL,112,NULL,NULL,0,NULL,NULL,NULL
TIO - Whangarei Chilled,,No,1,36725,36725,"8093, 8094, 8095, 8096, 8097",,"1, 2, 3, 4, 5",07:00:00,12:00:00,10000,21,112,16,NULL,1,82,0,4,2,2,NULL,NULL,112,NULL,NULL,NULL,NULL,NULL,NULL
Tio Mushrooms,,No,1,36725,36725,11685,,7,12:00:00,18:00:00,10000,4,95,2,NULL,NULL,19,NULL,8,NULL,NULL,NULL,NULL,95,NULL,NULL,NULL,NULL,NULL,NULL
TNG Home Delivery,,No,1,32928,32928,"571, 572, 573, 574, 575",,"1, 2, 3, 4, 5",11:00:00,17:00:00,10000,3,95,1,NULL,0,NULL,NULL,3,NULL,NULL,NULL,NULL,95,NULL,NULL,NULL,NULL,NULL,NULL
TOBES Auckland Afternoons,,No,1,33047,33047,"11574, 11575, 11576, 11577, 11578, 11579",,"1, 2, 3, 4, 5, 6",12:00:00,17:00:00,10000,8,94,2,NULL,NULL,62,NULL,8,3,1,NULL,NULL,94,NULL,NULL,0,NULL,NULL,NULL
TOBES BOP Home Delivery 5am,,No,1,33047,33047,"11611, 11612, 11613, 11614, 11615",,"1, 2, 3, 4, 5",07:00:00,12:00:00,10000,3,112,16,NULL,0,12,0,8,3,1,NULL,NULL,112,NULL,NULL,NULL,NULL,NULL,NULL
TOBES Evening Home Auckland,,No,1,33047,33047,"11591, 11592, 11593, 11594, 11595",,"1, 2, 3, 4, 5",18:00:00,21:00:00,10000,8,110,3,Evening Home,NULL,62,NULL,8,3,1,NULL,NULL,110,NULL,NULL,0,NULL,NULL,NULL
TOBES Napier Afternoons AH,,No,1,33047,33047,"11580, 11581, 11582",,"2, 3, 5",12:00:00,17:00:00,10000,10,94,24,NULL,0,65,0,8,3,1,NULL,NULL,94,NULL,NULL,NULL,NULL,NULL,NULL
TOBES Palmy Afternoons AH,,No,1,33047,33047,"11583, 11584, 11585",,"2, 3, 5",12:00:00,17:00:00,10000,6,94,24,NULL,0,66,0,8,3,1,NULL,NULL,94,NULL,NULL,NULL,NULL,NULL,NULL
TOBES TGA Home Delivery 11am,,No,1,33047,33047,"11601, 11602, 11603, 11604, 11605",,"1, 2, 3, 4, 5",13:00:00,18:00:00,10000,3,112,4,NULL,0,12,0,8,3,1,NULL,NULL,112,NULL,NULL,NULL,NULL,NULL,NULL
TOBES Waikato Home Delivery 11am,,No,1,33047,33047,"11606, 11607, 11608, 11609, 11610",,"1, 2, 3, 4, 5",13:00:00,18:00:00,10000,4,112,4,NULL,0,11,0,8,3,1,NULL,NULL,112,NULL,NULL,NULL,NULL,NULL,NULL
TOBES Wellington Afternoons AH,,No,1,33047,33047,"11586, 11587, 11588, 11589, 11590",,"1, 2, 3, 4, 5",10:00:00,17:00:00,10000,16,94,24,NULL,0,26,0,8,3,1,NULL,NULL,94,NULL,NULL,0,NULL,NULL,NULL
TOBES Whangarei Home Delivery 5am,,No,1,33047,33047,"11596, 11597, 11598, 11599, 11600",,"1, 2, 3, 4, 5",07:00:00,12:00:00,10000,21,112,16,NULL,1,NULL,0,8,3,1,NULL,NULL,112,NULL,NULL,NULL,NULL,NULL,NULL
Tokyo Foods All Day Frozen*07:00:00-17:00:00,,No,1,15439,15439,"2200, 2201, 2202, 2203, 2204",,"1, 2, 3, 4, 5",07:00:00,17:00:00,10000,8,136,0,NULL,0,27,0,8,3,3,NULL,NULL,136,NULL,NULL,NULL,NULL,NULL,NULL
TRG > AKL Day Run,,No,15,"14582, 16947, 16513, 18188, 13713, 504, 9477, 14763, 18185, 3191, 13822, 35755, 169, 36672, 36739",14582,"3405, 3406, 3407, 3408, 3409","3450, 3451, 3452, 3453, 3454, 3495, 3496, 3497, 3498, 3499, 3540, 3541, 3542, 3543, 3544, 3585, 3586, 3587, 3588, 3589, 3675, 3676, 3677, 3678, 3679, 3765, 3766, 3767, 3768, 3769, 3810, 3811, 3812, 3813, 3814, 3855, 3856, 3857, 3858, 3859, 3880, 3881, 3882, 3883, 3884, 4852, 4853, 4854, 4855, 4856, 6358, 6359, 6360, 6361, 6362, 6963, 6964, 6965, 6966, 6967, 7119, 7120, 7121, 7122, 7123, 8665, 8666, 8667, 8668, 8669","1, 2, 3, 4, 5",16:00:00,18:00:00,10000,8,145,7,Sameday Medical Delivery to Auckland,1,NULL,1,3,NULL,NULL,127,12,129,1,6,NULL,NULL,NULL,NULL
TRG > AKL Day Run #2,TRG > AKL Day Run,No,1,14927,14927,"3360, 3361, 3362, 3363, 3364",,"1, 2, 3, 4, 5",16:00:00,18:00:00,10000,8,145,7,Book by 9am | Sameday Medical Delivery to Auckland,1,NULL,1,3,NULL,NULL,127,52,129,1,6,NULL,NULL,NULL,NULL
TRG > AKL Day Run #3,TRG > AKL Day Run,No,1,14578,14578,"3720, 3721, 3722, 3723, 3724",,"1, 2, 3, 4, 5",16:00:00,18:00:00,10000,8,145,6,Book by 10 am for Same-day Medical Delivery to Auckland,1,NULL,1,3,NULL,NULL,127,12,129,1,6,NULL,NULL,NULL,NULL
TRG > AKL Day Run #4,TRG > AKL Day Run,No,1,13773,13773,"4927, 4928, 4929, 4930, 4931",,"1, 2, 3, 4, 5",16:00:00,18:00:00,10000,8,145,7,Sameday Medical Delivery to Auckland,1,NULL,1,3,NULL,NULL,127,12,145,1,6,NULL,NULL,NULL,NULL
TRG > AKL Day Run #5,TRG > AKL Day Run,No,1,32946,32946,"10139, 10140, 10141, 10142, 10143",,"1, 2, 3, 4, 5",16:00:00,18:00:00,10000,8,145,7,Sameday Medical Delivery to Auckland,1,NULL,1,3,NULL,NULL,127,52,129,1,6,NULL,NULL,NULL,NULL
TRG > AKL Next Day Run,,No,15,"14582, 16947, 16513, 18188, 13713, 504, 9477, 14763, 18185, 3191, 13822, 35755, 169, 36672, 36739",14582,"3410, 3411, 3412, 3413, 3414","3455, 3456, 3457, 3458, 3459, 3500, 3501, 3502, 3503, 3504, 3545, 3546, 3547, 3548, 3549, 3590, 3591, 3592, 3593, 3594, 3680, 3681, 3682, 3683, 3684, 3770, 3771, 3772, 3773, 3774, 3815, 3816, 3817, 3818, 3819, 3860, 3861, 3862, 3863, 3864, 3885, 3886, 3887, 3888, 3889, 4857, 4858, 4859, 4860, 4861, 6363, 6364, 6365, 6366, 6367, 6968, 6969, 6970, 6971, 6972, 7124, 7125, 7126, 7127, 7128, 8670, 8671, 8672, 8673, 8674","1, 2, 3, 4, 5",11:00:00,13:00:00,10000,8,145,18,Next Business Day Medical Delivery to Auckland,1,NULL,1,3,NULL,NULL,127,12,129,1,6,NULL,NULL,NULL,NULL
TRG > AKL Next Day Run #2,TRG > AKL Next Day Run,No,1,14927,14927,"3365, 3366, 3367, 3368, 3369",,"1, 2, 3, 4, 5",11:00:00,12:30:00,10000,8,145,67,Book by 4pm | Next Business Day Medical Delivery to Auckland,1,NULL,1,3,NULL,NULL,127,52,129,1,6,NULL,NULL,NULL,NULL
TRG > AKL Next Day Run #3,TRG > AKL Next Day Run,No,1,14578,14578,"3725, 3726, 3727, 3728, 3729",,"1, 2, 3, 4, 5",11:00:00,13:00:00,10000,8,145,66,Book by 5 pm for Next Business Day Medical Delivery to Auckland,1,NULL,1,3,NULL,NULL,127,12,129,1,6,NULL,NULL,NULL,NULL
TRG > AKL Next Day Run #4,TRG > AKL Next Day Run,No,1,13773,13773,"4932, 4933, 4934, 4935, 4936",,"1, 2, 3, 4, 5",11:00:00,13:00:00,10000,8,145,18,Next Business Day Medical Delivery to Auckland,1,NULL,1,3,NULL,NULL,127,12,145,1,6,NULL,NULL,NULL,NULL
TRG > AKL Next Day Run #5,TRG > AKL Next Day Run,No,1,32946,32946,"10144, 10145, 10146, 10147, 10148",,"1, 2, 3, 4, 5",11:00:00,12:30:00,10000,8,145,18,Next Business Day Medical Delivery to Auckland,1,NULL,1,3,NULL,NULL,127,52,129,1,6,NULL,NULL,NULL,NULL
Truck Economy,,No,1,34223,34223,"1886, 1887, 1888, 1889, 1890",,"1, 2, 3, 4, 5",10:00:00,17:00:00,10000,8,52,1,NULL,0,NULL,0,8,NULL,NULL,NULL,NULL,52,NULL,NULL,NULL,NULL,NULL,NULL
Tuesday 2 Hour Express (11:00am-1pm),,No,1,33096,33096,4647,,2,11:00:00,13:00:00,10000,8,24,23,NULL,1,NULL,0,8,NULL,NULL,NULL,NULL,24,NULL,NULL,NULL,NULL,NULL,NULL
Tuesday 2 Hour Express (1:00-3pm),,No,1,33096,33096,4646,,2,13:00:00,15:00:00,10000,8,24,27,NULL,1,NULL,0,8,NULL,NULL,NULL,NULL,24,NULL,NULL,NULL,NULL,NULL,NULL
Tuesday 2 hour express*08:00:00-10:00:00,,No,1,17732,17732,265,,2,08:00:00,10:00:00,10000,8,24,28,,1,NULL,NULL,8,NULL,NULL,NULL,NULL,24,NULL,NULL,NULL,NULL,NULL,NULL
Tuesday 2 hour express*08:00:00-10:00:00x,,No,1,17732,17732,1360,,2,08:00:00,10:00:00,10000,8,24,0,,1,NULL,NULL,8,NULL,NULL,NULL,NULL,24,NULL,NULL,NULL,NULL,NULL,NULL
Tuesday 2 hour express*10:00:00-12:00:00,,No,1,17732,17732,266,,2,10:00:00,12:00:00,10000,8,24,30,,1,NULL,NULL,8,NULL,NULL,NULL,NULL,24,NULL,NULL,NULL,NULL,NULL,NULL
Tuesday 2 hour express*10:00:00-12:00:00x,,No,1,17732,17732,1361,,2,10:00:00,12:00:00,10000,8,24,0,,1,NULL,NULL,8,NULL,NULL,NULL,NULL,24,NULL,NULL,NULL,NULL,NULL,NULL
Tuesday 2 hour express*13:00:00-15:00:00,,No,1,17732,17732,267,,2,13:00:00,15:00:00,10000,8,24,9,,1,NULL,NULL,8,NULL,NULL,NULL,NULL,24,NULL,NULL,NULL,NULL,NULL,NULL
Tuesday 2 hour express*13:00:00-15:00:00x,,No,1,17732,17732,1362,,2,13:00:00,15:00:00,10000,8,24,0,,1,NULL,NULL,8,NULL,NULL,NULL,NULL,24,NULL,NULL,NULL,NULL,NULL,NULL
Tuesday 2 hour express*14:00:00-16:00:00,,No,1,17732,17732,277,,2,14:00:00,16:00:00,10000,8,24,10,,1,NULL,NULL,8,NULL,NULL,NULL,NULL,24,NULL,NULL,NULL,NULL,NULL,NULL
Tuesday 2 hour express*14:00:00-16:00:00x,,No,1,17732,17732,1363,,2,14:00:00,16:00:00,10000,8,24,0,,1,NULL,NULL,8,NULL,NULL,NULL,NULL,24,NULL,NULL,NULL,NULL,NULL,NULL
Tuesday Afternoon Bay of Plenty Express,,No,1,33094,33094,1046,,2,12:00:00,17:00:00,10000,3,111,14,Live tracked - Delivery from 3-6pm,0,NULL,0,3,NULL,NULL,NULL,NULL,111,NULL,NULL,NULL,NULL,NULL,NULL
Tuesday Afternoon Express,,No,2,"33089, 33091",33089,877,882,2,12:00:00,14:00:00,10000,8,25,1,"Afternoon Express - Book by 11am, delivery from 12-2pm",1,NULL,0,8,NULL,NULL,NULL,NULL,25,NULL,NULL,NULL,NULL,NULL,NULL
Tuesday Afternoon Express #2,Tuesday Afternoon Express,No,1,32758,32758,184,,2,12:00:00,17:00:00,10000,8,94,3,NULL,NULL,NULL,NULL,8,NULL,NULL,NULL,NULL,94,NULL,NULL,NULL,NULL,NULL,NULL
Tuesday Afternoon Express #3,Tuesday Afternoon Express,No,1,32822,32822,303,,2,12:00:00,17:00:00,10000,8,94,2,Premium live tracked delivery service with Urgent Couriers,NULL,NULL,NULL,8,NULL,NULL,NULL,NULL,94,NULL,NULL,NULL,NULL,NULL,NULL
Tuesday Afternoon Express #4,Tuesday Afternoon Express,No,1,33093,33093,893,,2,15:00:00,17:00:00,10000,8,25,2,"Express, live-tracked delivery between 3-5pm",1,NULL,0,8,NULL,NULL,NULL,NULL,25,NULL,NULL,NULL,NULL,NULL,NULL
Tuesday Afternoon Express #5,Tuesday Afternoon Express,No,1,33094,33094,898,,2,12:00:00,17:00:00,10000,8,94,14,Live tracked - Delivery from 12-5pm,0,NULL,0,8,NULL,NULL,NULL,NULL,94,NULL,NULL,NULL,NULL,NULL,NULL
Tuesday afternoon express delivery,,No,1,32773,32773,288,,2,12:00:00,17:00:00,10000,8,94,3,Afternoon Home and Office delivery between 12pm and 5pm,NULL,NULL,NULL,8,NULL,NULL,NULL,NULL,94,NULL,NULL,NULL,NULL,NULL,NULL
Tuesday Afternoon Home,,No,1,32429,32429,170,,2,12:00:00,17:00:00,10000,8,94,22,Fast live tracked delivery with Urgent Couriers,NULL,NULL,NULL,8,NULL,NULL,NULL,NULL,94,NULL,NULL,NULL,NULL,NULL,NULL
Tuesday Afternoon Home #2,Tuesday Afternoon Home,No,1,18232,18232,201,,2,12:00:00,17:00:00,10000,8,94,6,Live tracked delivery service,NULL,NULL,NULL,8,NULL,NULL,NULL,NULL,94,NULL,NULL,NULL,NULL,NULL,NULL
Tuesday Afternoon Home #3,Tuesday Afternoon Home,No,1,32799,32799,336,,2,12:00:00,17:00:00,10000,8,94,3,Express delivery to your door,NULL,NULL,NULL,8,NULL,NULL,NULL,NULL,94,NULL,NULL,NULL,NULL,NULL,NULL
Tuesday Afternoon Home Auckland,,No,1,34381,34381,1946,,2,12:00:00,17:00:00,10000,8,94,1,NULL,0,NULL,0,8,NULL,NULL,NULL,NULL,94,NULL,NULL,NULL,NULL,NULL,NULL
Tuesday Afternoon Service,,No,1,32710,32710,133,,2,12:00:00,17:00:00,10000,8,94,36,NULL,NULL,NULL,NULL,8,NULL,NULL,NULL,NULL,94,NULL,NULL,NULL,NULL,NULL,NULL
Tuesday Afternoon Waikato Express,,No,1,33094,33094,1041,,2,12:00:00,17:00:00,10000,4,111,14,Live tracked - Delivery from 1-6pm,0,NULL,0,4,NULL,NULL,NULL,NULL,111,NULL,NULL,NULL,NULL,NULL,NULL
Tuesday Afternoon Whangarei Express,,No,1,33094,33094,1052,,2,12:00:00,17:00:00,10000,21,111,14,Live tracked - Delivery from 12-5pm,1,NULL,0,21,NULL,NULL,NULL,NULL,111,NULL,NULL,NULL,NULL,360,NULL
Tuesday All Day Home Auckland,,No,1,14691,14691,1148,,2,07:00:00,19:00:00,10000,8,96,2,NULL,0,NULL,0,8,NULL,NULL,NULL,NULL,96,NULL,NULL,NULL,NULL,NULL,NULL
Tuesday Evening Express,,No,2,"33089, 33091",33089,862,867,2,15:00:00,17:00:00,10000,8,25,1,"Evening Express - Book by 2pm, delivery from 3-5pm",1,NULL,0,8,NULL,NULL,NULL,NULL,25,NULL,NULL,NULL,NULL,NULL,NULL
Tuesday Evening Express #2,Tuesday Evening Express,No,1,32758,32758,188,,2,18:00:00,21:00:00,10000,8,110,3,NULL,NULL,NULL,NULL,8,NULL,NULL,NULL,NULL,110,NULL,NULL,NULL,NULL,NULL,NULL
Tuesday Evening Express #3,Tuesday Evening Express,No,1,32822,32822,318,,2,18:00:00,21:00:00,10000,8,110,3,Premium live tracked delivery service with Urgent Couriers,NULL,NULL,NULL,8,NULL,NULL,NULL,NULL,110,NULL,NULL,NULL,NULL,NULL,NULL
Tuesday Evening Express #4,Tuesday Evening Express,No,1,33094,33094,903,,2,18:00:00,21:00:00,10000,8,110,8,Live tracked - Delivery from 6-9pm,0,NULL,0,8,NULL,NULL,NULL,NULL,110,NULL,NULL,NULL,NULL,NULL,NULL
Tuesday Evening Home,,No,1,32429,32429,175,,2,18:00:00,21:00:00,10000,8,110,4,Fast live tracked delivery with Urgent Couriers,NULL,NULL,NULL,8,NULL,NULL,NULL,NULL,110,NULL,NULL,NULL,NULL,NULL,NULL
Tuesday Evening Home #2,Tuesday Evening Home,No,1,18232,18232,195,,2,18:00:00,21:00:00,10000,8,110,12,Live tracked delivery service,NULL,NULL,NULL,8,NULL,NULL,NULL,NULL,110,NULL,NULL,NULL,NULL,NULL,NULL
Tuesday Evening Home #3,Tuesday Evening Home,No,1,32799,32799,342,,2,18:00:00,21:00:00,10000,8,110,3,Express delivery to your door,NULL,NULL,NULL,8,NULL,NULL,NULL,NULL,110,NULL,NULL,NULL,NULL,NULL,NULL
Tuesday express delivery,,No,1,32773,32773,293,,2,14:00:00,16:00:00,10000,8,25,2,Two hour delivery between 2pm - 4pm same day,1,NULL,NULL,8,NULL,NULL,NULL,NULL,25,NULL,NULL,NULL,NULL,NULL,NULL
Tuesday Morning 3 Hour,,No,1,216,216,1579,,2,09:00:00,13:00:00,10000,8,4,1,"Live-tracked, express service",1,NULL,0,8,NULL,NULL,NULL,NULL,4,NULL,NULL,NULL,NULL,NULL,NULL
Tuesday Morning Express,,No,2,"33089, 33091",33089,872,887,2,10:00:00,12:00:00,10000,8,25,1,"Morning Express - Book by 9am, delivery from 10am-12pm",1,NULL,0,8,NULL,NULL,NULL,NULL,25,NULL,NULL,NULL,NULL,NULL,NULL
Tuesday RHD Hamilton,,No,1,14691,14691,1151,,2,08:00:00,17:00:00,10000,4,112,2,NULL,0,NULL,0,8,NULL,NULL,NULL,NULL,112,NULL,NULL,NULL,NULL,NULL,NULL
Tuesday RHD Tauranga,,No,1,14691,14691,1150,,2,08:00:00,17:00:00,10000,3,112,2,NULL,0,NULL,0,8,NULL,NULL,NULL,NULL,112,NULL,NULL,NULL,NULL,NULL,NULL
Tuesday RHD Whangarei,,No,1,14691,14691,1149,,2,08:30:00,17:00:00,10000,21,112,2,NULL,1,NULL,0,8,NULL,NULL,NULL,NULL,112,NULL,NULL,NULL,NULL,360,NULL
Tuesday same day delivery,,No,1,32714,32714,163,,2,18:00:00,21:00:00,10000,8,110,4,Premium live tracked delivery service,NULL,NULL,NULL,8,NULL,NULL,NULL,NULL,110,NULL,NULL,NULL,NULL,NULL,NULL
Tuesday same-day delivery,,No,1,32697,32697,91,,2,12:00:00,17:00:00,10000,8,94,36,Premium same-day live tracked delivery service to residential or business addresses,NULL,NULL,NULL,8,NULL,NULL,NULL,NULL,94,NULL,NULL,NULL,NULL,NULL,NULL
Turners & Growers > BOP Regional Home Delivery 5am,,No,1,9442,9442,"12707, 12708, 12709, 12710, 12711",,"1, 2, 3, 4, 5",07:00:00,09:00:00,10000,3,112,16,Delivery between 7am and 9:30am,1,12,0,3,NULL,NULL,NULL,NULL,112,NULL,NULL,NULL,NULL,NULL,NULL
Two Hour Express*08:00:00-10:00:00,,No,1,14691,14691,"1577, 1587, 1589, 1590, 1591",,"1, 2, 3, 4, 5",08:00:00,10:00:00,10000,8,24,999,NULL,1,NULL,0,8,NULL,NULL,NULL,NULL,24,NULL,NULL,NULL,NULL,NULL,NULL
Two Hour Express*09:00:00-11:00:00,,No,1,14691,14691,"1583, 1588, 1592, 1593, 1594",,"1, 2, 3, 4, 5",09:00:00,11:00:00,10000,8,24,999,NULL,1,NULL,0,8,NULL,NULL,NULL,NULL,24,NULL,NULL,NULL,NULL,NULL,NULL
Two Hour Express*11:00:00-13:00:00,,No,1,14691,14691,"1584, 1596, 1598, 1599, 1600",,"1, 2, 3, 4, 5",11:00:00,13:00:00,10000,8,24,999,NULL,1,NULL,0,8,NULL,NULL,NULL,NULL,24,NULL,NULL,NULL,NULL,NULL,NULL
Two Hour Express*13:00:00-15:00:00,,No,1,14691,14691,"1585, 1597, 1605, 1606, 1607",,"1, 2, 3, 4, 5",13:00:00,15:00:00,10000,8,24,999,NULL,1,NULL,0,8,NULL,NULL,NULL,NULL,24,NULL,NULL,NULL,NULL,NULL,NULL
Two Hour Express*15:00:00-18:00:00,,No,1,14691,14691,"1586, 1601, 1602, 1603, 1604",,"1, 2, 3, 4, 5",15:00:00,18:00:00,10000,8,24,999,NULL,1,NULL,0,8,NULL,NULL,NULL,NULL,24,NULL,NULL,NULL,NULL,NULL,NULL
TWR Auckland > Hamilton Express  1pm - 5pm,,No,1,32584,32584,"4953, 4954, 4955, 4956, 4957",,"1, 2, 3, 4, 5",13:00:00,17:00:00,10000,4,128,3,Wild Rose Waikato Deliveries,1,80,0,8,1,1,127,NULL,128,NULL,2,NULL,NULL,NULL,NULL
TWR Auckland > Taupo (Mon),,No,1,32584,32584,7706,,1,07:30:00,12:00:00,10000,4,128,22,NULL,0,11,1,8,2,1,127,NULL,128,1,NULL,1,1260,NULL,NULL
TWR Auckland > Taupo (Wed & Fri),,No,1,32584,32584,"7707, 7708",,"3, 5",07:30:00,12:00:00,10000,4,128,17,NULL,0,11,1,8,2,1,127,NULL,128,1,NULL,1,960,NULL,NULL
TWR Auckland > Tauranga Express 10am-5pm,,No,1,32584,32584,"4963, 4964, 4965, 4966, 4967",,"1, 2, 3, 4, 5",10:00:00,17:00:00,10000,3,129,19,Wild Rose Tauranga Deliveries,1,12,0,8,1,1,127,NULL,129,NULL,2,NULL,NULL,NULL,NULL
TWR Auckland > Whangarei,,No,1,32584,32584,"12555, 12556, 12557, 12558, 12559",,"1, 2, 3, 4, 5",07:00:00,12:00:00,10000,21,129,21,NULL,1,NULL,0,8,NULL,NULL,NULL,NULL,129,NULL,NULL,0,NULL,NULL,NULL
TWR Auckland Afternoon Delivery 12pm - 5pm,,No,1,32584,32584,"5002, 5003, 5004, 5005, 5006, 5127",,"1, 2, 3, 4, 5, 6",12:00:00,17:00:00,10000,8,140,2,Wild Rose Auckland Afternoon Deliveries,NULL,62,1,8,2,1,127,62,140,1,2,1,105,NULL,NULL
TWR Auckland Evening Delivery 6pm - 9pm,,No,1,32584,32584,"5048, 5049, 5050, 5051, 5052",,"1, 2, 3, 4, 5",18:00:00,21:00:00,10000,8,141,3,Wild Rose Auckland Evening Deliveries,NULL,62,1,8,2,1,127,62,141,1,2,1,175,NULL,NULL
TWR Auckland Mothers Day 8am - 1pm,,No,1,32584,32584,12849,,7,08:00:00,13:00:00,10000,8,95,2,Sunday delivery between 8am & 1pm,0,14,0,8,2,1,142,NULL,95,NULL,2,NULL,NULL,NULL,NULL
TWR Auckland Sunday 12pm - 6pm,,No,1,32584,32584,5149,,7,12:00:00,18:00:00,10000,8,95,2,Sunday delivery between 12pm & 6pm,0,14,0,8,2,1,127,NULL,95,1,2,1,105,NULL,NULL
TWR Auckland Valentines 8am - 2pm,,No,1,32584,32584,"6677, 12074",,"5, 6",08:00:00,14:00:00,10000,8,95,20,Friday delivery between 8am & 2pm,0,62,0,8,2,1,142,NULL,95,NULL,2,NULL,NULL,NULL,NULL
UCLRX - Christchurch Afternoon Home,,No,1,32359,32359,"5503, 5504",,"2, 5",12:00:00,17:00:00,10000,20,94,49,Christchurch Afternoon Home - Delivery between 12pm to 5pm,0,67,0,8,1,1,NULL,NULL,94,NULL,NULL,NULL,NULL,NULL,NULL
Urgent 2-hour delivery*08:00:00-10:00:00,,No,1,32907,32907,"518, 528, 536, 545, 556",,"1, 2, 3, 4, 5",08:00:00,10:00:00,10000,8,25,1,Urgent Live Tracked 2-Hour,1,NULL,NULL,8,NULL,NULL,NULL,NULL,25,NULL,NULL,NULL,NULL,NULL,NULL
Urgent 2-hour delivery*09:00:00-11:00:00,,No,1,32907,32907,"519, 529, 537, 546, 557",,"1, 2, 3, 4, 5",09:00:00,11:00:00,10000,8,25,1,Urgent Live Tracked 2-Hour,1,NULL,NULL,8,NULL,NULL,NULL,NULL,25,NULL,NULL,NULL,NULL,NULL,NULL
Urgent 2-hour delivery*10:00:00-12:00:00,,No,1,32907,32907,"520, 530, 538, 547, 558",,"1, 2, 3, 4, 5",10:00:00,12:00:00,10000,8,25,1,Urgent Live Tracked 2-Hour,1,NULL,NULL,8,NULL,NULL,NULL,NULL,25,NULL,NULL,NULL,NULL,NULL,NULL
Urgent 2-hour delivery*11:00:00-13:00:00,,No,1,32907,32907,"523, 531, 539, 548, 559",,"1, 2, 3, 4, 5",11:00:00,13:00:00,10000,8,25,1,Urgent Live Tracked 2-Hour,1,NULL,NULL,8,NULL,NULL,NULL,NULL,25,NULL,NULL,NULL,NULL,NULL,NULL
Urgent 2-hour delivery*12:00:00-14:00:00,,No,1,32907,32907,"524, 532, 541, 549, 560",,"1, 2, 3, 4, 5",12:00:00,14:00:00,10000,8,25,1,Urgent Live Tracked 2-Hour,1,NULL,NULL,8,NULL,NULL,NULL,NULL,25,NULL,NULL,NULL,NULL,NULL,NULL
Urgent 2-hour delivery*13:00:00-15:00:00,,No,1,32907,32907,"525, 533, 542, 551, 561",,"1, 2, 3, 4, 5",13:00:00,15:00:00,10000,8,25,1,Urgent Live Tracked 2-Hour,1,NULL,NULL,8,NULL,NULL,NULL,NULL,25,NULL,NULL,NULL,NULL,NULL,NULL
Urgent 2-hour delivery*14:00:00-16:00:00,,No,1,32907,32907,"526, 534, 543, 554, 562",,"1, 2, 3, 4, 5",14:00:00,16:00:00,10000,8,25,1,Urgent Live Tracked 2-Hour,1,NULL,NULL,8,NULL,NULL,NULL,NULL,25,NULL,NULL,NULL,NULL,NULL,NULL
Urgent 2-hour delivery*15:00:00-17:00:00,,No,1,32907,32907,"527, 535, 544, 555, 563",,"1, 2, 3, 4, 5",15:00:00,17:00:00,10000,8,25,1,Urgent Live Tracked 2-Hour,1,NULL,NULL,8,NULL,NULL,NULL,NULL,25,NULL,NULL,NULL,NULL,NULL,NULL
Urgent 90 mins,,No,1,32907,32907,1552,,5,12:00:00,14:00:00,10000,8,24,1,NULL,1,NULL,0,8,NULL,NULL,NULL,NULL,24,NULL,NULL,NULL,NULL,NULL,NULL
Urgent Cool - Tauranga Chilled,,No,1,33149,33149,6746,,3,07:00:00,17:00:00,10000,3,131,19,,0,29,0,8,2,2,NULL,NULL,131,NULL,NULL,NULL,NULL,NULL,NULL
Urgent Cool - Tauranga Chilled Pallet,,No,1,32675,32675,"6748, 6749, 6750, 6751, 6752, 6753",,"1, 2, 3, 4, 5, 6",07:00:00,17:00:00,10000,3,131,19,,0,29,0,8,2,2,NULL,NULL,131,NULL,NULL,NULL,NULL,NULL,NULL
Urgent Cool Tauranga > Return Trays,,No,1,32675,32675,"11299, 11300, 11301, 11302, 11303",,"1, 2, 3, 4, 5",12:00:00,17:00:00,10000,8,122,16,NULL,0,NULL,1,3,2,2,131,52,122,2,6,NULL,NULL,NULL,NULL
Urgent Direct Delivery 9am,,No,1,32584,32584,"5328, 5329, 5330, 5331, 5332, 5333, 5334",,"1, 2, 3, 4, 5, 6, 7",09:00:00,10:00:00,10000,8,1,1,"Live tracked delivery service, the mobile number entered below will receive the tracking",1,NULL,NULL,8,NULL,NULL,NULL,NULL,1,NULL,NULL,NULL,NULL,NULL,NULL
Urgent Economy 1pm - 5pm,,No,1,16627,16627,"6593, 6594, 6595, 6596, 6597",,"1, 2, 3, 4, 5",13:00:00,17:00:00,10000,8,37,1,Live tracked Urgent delivery,1,84,NULL,8,NULL,NULL,NULL,NULL,37,NULL,NULL,NULL,NULL,NULL,NULL
Urgent Economy 9am - 1pm,,No,1,16627,16627,"6588, 6589, 6590, 6591, 6592, 6671",,"1, 2, 3, 4, 5, 6",09:00:00,13:00:00,10000,8,37,0,Live tracked Urgent delivery,1,84,NULL,8,NULL,NULL,NULL,NULL,37,NULL,NULL,NULL,NULL,NULL,NULL
Urgent Economy*08:00:00-12:00:00,,No,1,32907,32907,"517, 521, 567, 568, 569",,"1, 2, 3, 4, 5",08:00:00,12:00:00,10000,8,37,0,Live tracked Urgent delivery,1,NULL,NULL,8,NULL,NULL,NULL,NULL,37,NULL,NULL,NULL,NULL,NULL,NULL
Urgent Economy*13:00:00-17:00:00,,No,1,32907,32907,"516, 522, 564, 565, 566",,"1, 2, 3, 4, 5",13:00:00,17:00:00,10000,8,37,1,Live tracked Urgent delivery,1,NULL,NULL,8,NULL,NULL,NULL,NULL,37,NULL,NULL,NULL,NULL,NULL,NULL
Urgent Evening Delivery,,No,1,32999,32999,"608, 609, 610, 611, 612",,"1, 2, 3, 4, 5",18:00:00,21:00:00,10000,8,110,4,"Live tracked, premium delivery service",0,NULL,NULL,8,NULL,NULL,NULL,NULL,110,NULL,NULL,NULL,NULL,NULL,NULL
Urgent Express Delivery 10am,,No,4,"32584, 32893, 32896, 32335",32584,"5134, 5135, 5136, 5137, 5138, 5152, 5153","5217, 5218, 5219, 5220, 5221, 5222, 5223, 5231, 5232, 5233, 5234, 5235, 5236, 5237, 5286, 5287, 5288, 5289, 5290, 5291, 5292","1, 2, 3, 4, 5, 6, 7",10:00:00,13:00:00,10000,8,4,1,"Live tracked delivery service, the mobile number entered below will receive the tracking",1,NULL,NULL,8,NULL,NULL,NULL,NULL,4,NULL,NULL,NULL,NULL,NULL,NULL
Urgent Express Delivery 11am,,No,4,"32584, 32893, 32896, 32335",32584,"5129, 5130, 5131, 5132, 5133, 5154, 5155","5210, 5211, 5212, 5213, 5214, 5215, 5216, 5238, 5239, 5240, 5241, 5242, 5243, 5244, 5293, 5294, 5295, 5296, 5297, 5298, 5299","1, 2, 3, 4, 5, 6, 7",11:00:00,14:00:00,10000,8,4,1,"Live tracked delivery service, the mobile number entered below will receive the tracking",1,NULL,NULL,8,NULL,NULL,NULL,NULL,4,NULL,NULL,NULL,NULL,NULL,NULL
Urgent Express Delivery 12pm,,No,2,"32896, 32335",32896,"5266, 5267, 5268, 5269, 5270, 5271, 5272","5300, 5301, 5302, 5303, 5304, 5305, 5306","1, 2, 3, 4, 5, 6, 7",12:00:00,15:00:00,10000,8,4,1,"Live tracked delivery service, the mobile number entered below will receive the tracking",1,NULL,NULL,8,NULL,NULL,NULL,NULL,4,NULL,NULL,NULL,NULL,NULL,NULL
Urgent Express Delivery 12pm #2,Urgent Express Delivery 12pm,No,1,32584,32584,"464, 465, 466, 467, 468, 5120, 5121, 5156, 5157, 5160, 5161",,"1, 2, 3, 4, 5, 6, 7",12:00:00,15:00:00,10000,8,4,1,"Live tracked delivery service, the mobile number entered below will receive the tracking",1,14,NULL,8,NULL,NULL,NULL,NULL,4,NULL,NULL,NULL,NULL,NULL,NULL
Urgent Express Delivery 12pm #3,Urgent Express Delivery 12pm,No,1,32893,32893,"5336, 5337, 5338, 5339, 5340, 5341, 5342",,"1, 2, 3, 4, 5, 6, 7",12:00:00,15:00:00,10000,8,4,1,"Live tracked delivery service, the mobile number entered below will receive the tracking",1,14,NULL,8,NULL,NULL,NULL,NULL,4,NULL,NULL,NULL,NULL,NULL,NULL
Urgent Express Delivery 1pm,,No,4,"32584, 32893, 32896, 32335",32584,"5115, 5116, 5117, 5118, 5119, 5158, 5159","5203, 5204, 5205, 5206, 5207, 5208, 5209, 5245, 5246, 5247, 5248, 5249, 5250, 5251, 5307, 5308, 5309, 5310, 5311, 5312, 5313","1, 2, 3, 4, 5, 6, 7",13:00:00,16:00:00,10000,8,4,1,"Live tracked delivery service, the mobile number entered below will receive the tracking",1,NULL,NULL,8,NULL,NULL,NULL,NULL,4,NULL,NULL,NULL,NULL,NULL,NULL
Urgent Express Delivery 2pm,,No,4,"32584, 32893, 32896, 32335",32584,"5122, 5123, 5124, 5125, 5126, 5162, 5163","5196, 5197, 5198, 5199, 5200, 5201, 5202, 5252, 5253, 5254, 5255, 5256, 5257, 5258, 5314, 5315, 5316, 5317, 5318, 5319, 5320","1, 2, 3, 4, 5, 6, 7",14:00:00,17:00:00,10000,8,4,1,"Live tracked delivery service, the mobile number entered below will receive the tracking",1,NULL,NULL,8,NULL,NULL,NULL,NULL,4,NULL,NULL,NULL,NULL,NULL,NULL
Urgent Express Delivery 3pm,,No,4,"32584, 32893, 32896, 32335",32584,"5144, 5145, 5146, 5147, 5148, 5164, 5165","5189, 5190, 5191, 5192, 5193, 5194, 5195, 5259, 5260, 5261, 5262, 5263, 5264, 5265, 5321, 5322, 5323, 5324, 5325, 5326, 5327","1, 2, 3, 4, 5, 6, 7",15:00:00,18:00:00,10000,8,4,1,"Live tracked delivery service, the mobile number entered below will receive the tracking",1,NULL,NULL,8,NULL,NULL,NULL,NULL,4,NULL,NULL,NULL,NULL,NULL,NULL
Urgent Express Delivery 9am,,No,2,"32584, 32893",32584,"5139, 5140, 5141, 5142, 5143, 5150, 5151","5182, 5183, 5184, 5185, 5186, 5187, 5188","1, 2, 3, 4, 5, 6, 7",09:00:00,12:00:00,10000,8,4,1,"Live tracked delivery service, the mobile number entered below will receive the tracking",1,14,NULL,8,NULL,NULL,NULL,NULL,4,NULL,NULL,NULL,NULL,NULL,NULL
Urgent Express Delivery 9am #2,Urgent Express Delivery 9am,No,1,32896,32896,"5224, 5225, 5226, 5227, 5228, 5229, 5230",,"1, 2, 3, 4, 5, 6, 7",09:00:00,12:00:00,10000,8,4,1,"Live tracked delivery service, the mobile number entered below will receive the tracking",1,62,NULL,NULL,NULL,NULL,NULL,NULL,4,NULL,NULL,NULL,NULL,NULL,NULL
Urgent Express Delivery 9am #3,Urgent Express Delivery 9am,No,1,32335,32335,"5279, 5280, 5281, 5282, 5283, 5284, 5285",,"1, 2, 3, 4, 5, 6, 7",09:00:00,12:00:00,10000,8,4,1,"Live tracked delivery service, the mobile number entered below will receive the tracking",1,NULL,NULL,8,NULL,NULL,NULL,NULL,4,NULL,NULL,NULL,NULL,NULL,NULL
Urgent Service – Residential BOP Service,,No,1,32709,32709,"587, 588, 589, 590, 591",,"1, 2, 3, 4, 5",08:00:00,17:30:00,10000,3,112,20,Bay Of Plenty Express Service,NULL,NULL,NULL,3,NULL,NULL,NULL,NULL,112,NULL,NULL,NULL,NULL,NULL,NULL
Urgent Service – Residential Evening Service,,No,1,32709,32709,"94, 95, 96, 97, 98",,"1, 2, 3, 4, 5",18:00:00,21:00:00,10000,8,110,6,Auckland Region residential addresses only delivery between 6-9pm,NULL,NULL,NULL,8,NULL,NULL,NULL,NULL,110,NULL,NULL,NULL,NULL,NULL,NULL
Urgent Service – Residential Waikato Service,,No,1,32709,32709,"592, 593, 594, 595, 596",,"1, 2, 3, 4, 5",08:00:00,17:30:00,10000,4,112,20,Waikato Express Service,NULL,NULL,NULL,4,NULL,NULL,NULL,NULL,112,NULL,NULL,NULL,NULL,NULL,NULL
Urgent Services,,No,1,33052,33052,"702, 703, 704, 705, 706",,"1, 2, 3, 4, 5",14:00:00,16:00:00,10000,8,25,2,Express 2 hour delivery with live tracking,1,NULL,NULL,8,NULL,NULL,NULL,NULL,25,NULL,NULL,NULL,NULL,NULL,NULL
Urgent two hour direct delivery service*10:00:00-12:00:00,,No,1,32822,32822,"307, 308, 309, 310, 311",,"1, 2, 3, 4, 5",10:00:00,12:00:00,10000,8,25,1,Premium live tracked delivery service with Urgent Couriers,NULL,NULL,NULL,8,NULL,NULL,NULL,NULL,25,NULL,NULL,NULL,NULL,NULL,NULL
Urgent two hour direct delivery service*12:00:00-14:00:00,,No,1,32822,32822,515,,6,12:00:00,14:00:00,10000,8,25,1,Premium live tracked delivery service with Urgent Couriers,0,NULL,NULL,8,NULL,NULL,NULL,NULL,25,NULL,NULL,NULL,NULL,NULL,NULL
Urgent two hour direct delivery service*14:00:00-16:00:00,,No,1,32822,32822,"312, 313, 314, 315, 316",,"1, 2, 3, 4, 5",14:00:00,16:00:00,10000,8,25,1,Premium live tracked delivery service with Urgent Couriers,NULL,NULL,NULL,8,NULL,NULL,NULL,NULL,25,NULL,NULL,NULL,NULL,NULL,NULL
Valentines day,,No,1,13018,13018,1882,,2,07:00:00,12:00:00,10000,8,94,13,NULL,0,NULL,0,8,NULL,NULL,NULL,NULL,94,NULL,NULL,NULL,NULL,NULL,NULL
Value Tyres Tauranga > Whakatane Run,,No,1,32170,32170,"11679, 11680, 11681, 11682, 11683",,"1, 2, 3, 4, 5",11:30:00,14:00:00,10000,3,129,1,Book by 10:30am for same day delivery 2pm,1,12,0,3,NULL,NULL,127,52,129,1,6,0,NULL,NULL,NULL
Value Tyres Tauranga > Whakatane Run #2,Value Tyres Tauranga > Whakatane Run,No,1,35440,35440,"12056, 12057, 12058, 12059, 12060",,"1, 2, 3, 4, 5",10:00:00,14:00:00,10000,3,129,1,Book by 9:00am for same day delivery 2pm,1,12,1,3,NULL,NULL,127,53,129,1,6,0,NULL,NULL,NULL
VDAY MORNING,,No,1,17791,17791,4527,,3,07:00:00,15:00:00,10000,8,153,15,NULL,0,NULL,0,8,NULL,NULL,NULL,NULL,153,NULL,NULL,NULL,NULL,NULL,NULL
VDAY MORNING #2,VDAY MORNING,No,1,17869,17869,4528,,3,07:00:00,15:00:00,10000,8,153,0,NULL,0,NULL,0,8,NULL,NULL,NULL,NULL,153,NULL,NULL,NULL,NULL,NULL,NULL
Vegan Treatery All Day Frozen*07:00:00-17:00:00,,No,1,18022,18022,"6898, 6899, 6900, 6901, 6902",,"1, 2, 3, 4, 5",07:00:00,17:00:00,10000,8,136,16,NULL,0,27,0,8,3,3,NULL,NULL,136,NULL,NULL,NULL,NULL,NULL,NULL
Virbac AKL Morning Chilled - Cartons,,No,1,5023,5023,"2398, 2399, 2400, 2401, 2402",,"1, 2, 3, 4, 5",07:00:00,12:00:00,10000,8,122,18,Cartons,0,27,0,4,2,2,127,28,122,1,5,NULL,NULL,NULL,NULL
Virbac AKL Morning Chilled - Full Pallet,,No,1,5023,5023,"12419, 12420, 12421, 12422, 12423",,"1, 2, 3, 4, 5",07:00:00,12:00:00,10000,8,122,66,Full Pallet,0,27,0,4,2,2,127,28,122,1,5,NULL,NULL,NULL,NULL
Virbac AKL Morning Chilled - Half Pallet,,No,1,5023,5023,"12414, 12415, 12416, 12417, 12418",,"1, 2, 3, 4, 5",07:00:00,12:00:00,10000,8,122,66,Half Pallet,0,27,0,4,2,2,127,28,122,1,5,NULL,NULL,NULL,NULL
Virbac Auckland Afternoon Chilled,,No,1,5023,5023,"2403, 2404, 2405, 2406, 2407",,"1, 2, 3, 4, 5",12:00:00,17:00:00,10000,8,123,7,,0,27,0,4,2,2,127,28,123,1,5,NULL,NULL,NULL,NULL
Virbac Collection Hamilton > Auckland 4-6pm,,No,1,5023,5023,"12306, 12307, 12308, 12309, 12310",,"1, 2, 3, 4, 5",16:00:00,18:00:00,10000,8,145,2,Virbac Collection to AKL Depot,1,NULL,0,4,2,2,127,37,145,1,3,NULL,NULL,NULL,NULL
Virbac Hamilton Chilled - Cartons,,No,1,5023,5023,"2394, 2395, 2396, 2397, 2408",,"1, 2, 3, 4, 5",07:00:00,17:00:00,10000,4,130,14,Chilled Service: Cartons,0,28,1,4,2,2,127,28,130,1,5,NULL,NULL,NULL,NULL
Virbac Tauranga Chilled,,No,1,5023,5023,"2389, 2390, 2391, 2392, 2393",,"1, 2, 3, 4, 5",07:00:00,17:00:00,10000,3,131,14,Local chilled delivery in Tauranga,0,29,1,4,2,2,127,28,131,1,5,NULL,NULL,NULL,NULL
Virbac: AKL > CHC Carton & Half Pallet,,No,1,5023,5023,"12493, 12494, 12495, 12496, 12497",,"1, 2, 3, 4, 5",07:00:00,17:00:00,10000,20,147,68,Virbac: AKL Depot to Christchuch - Chilled Cartons & Half Pallets,1,67,0,8,NULL,NULL,NULL,NULL,147,NULL,NULL,0,NULL,NULL,NULL
Virbac: AKL > CHC Full Pallet,,No,1,5023,5023,"12388, 12389, 12392, 12393, 12394",,"1, 2, 3, 4, 5",07:00:00,17:00:00,10000,20,147,68,Virbac: AKL Depot to Christchuch - Chilled Full Pallet,1,67,0,8,NULL,NULL,NULL,NULL,147,NULL,NULL,0,NULL,NULL,NULL
Virbac: AKL > PNR Carton & Half Pallet,,No,1,5023,5023,"12379, 12381, 12398, 12399, 12400",,"1, 2, 3, 4, 5",07:00:00,17:00:00,10000,6,147,14,Virbac: AKL Depot to Palmerston North - Chilled Cartons & Half Pallets,1,66,0,8,NULL,NULL,NULL,NULL,147,NULL,NULL,0,NULL,NULL,NULL
Virbac: AKL > PNR Full Pallet,,No,1,5023,5023,"12380, 12382, 12401, 12402, 12403",,"1, 2, 3, 4, 5",07:00:00,17:00:00,10000,6,147,14,Virbac: AKL Depot to Palmerston North - Chilled Full Pallet,1,66,0,8,NULL,NULL,NULL,NULL,147,NULL,NULL,0,NULL,NULL,NULL
Virbac: AKL > Timaru Cartons & Half Pallet,,No,1,5023,5023,"12409, 12410, 12411, 12412, 12413",,"1, 2, 3, 4, 5",07:00:00,17:00:00,10000,26,147,62,Virbac: AKL Depot to Timaru - Chilled Cartons & Half Pallets,1,NULL,0,8,NULL,NULL,NULL,NULL,147,NULL,NULL,0,NULL,NULL,NULL
Virbac: AKL > Timaru Full Pallet,,No,1,5023,5023,"12404, 12405, 12406, 12407, 12408",,"1, 2, 3, 4, 5",07:00:00,17:00:00,10000,26,147,62,Virbac: AKL Depot to Timaru - Chilled Full Pallet,1,NULL,0,8,NULL,NULL,NULL,NULL,147,NULL,NULL,0,NULL,NULL,NULL
Volare Tauranga Regional Home,,No,1,31362,31362,"509, 13061, 13062, 13063, 13064",,"1, 2, 3, 4, 5",08:00:00,17:00:00,10000,3,112,1,NULL,0,12,NULL,4,NULL,NULL,NULL,NULL,112,NULL,NULL,NULL,NULL,NULL,NULL
Volare Waikato Regional Home,,No,1,31362,31362,"180, 181, 182, 13065, 13066",,"1, 2, 3, 4, 5",08:00:00,17:00:00,10000,4,112,1,NULL,NULL,11,NULL,4,NULL,NULL,NULL,NULL,112,NULL,NULL,NULL,NULL,NULL,NULL
Waiheke,,No,1,14691,14691,2047,,3,07:00:00,12:00:00,10000,8,96,10,NULL,0,NULL,0,8,NULL,NULL,NULL,NULL,96,NULL,NULL,NULL,NULL,NULL,NULL
Waiheke - Urgent Delivery,,No,1,17951,17951,"912, 913, 914, 915, 916",,"1, 2, 3, 4, 5",12:00:00,17:00:00,10000,8,95,12,Express Delivery Waiheke,0,NULL,0,8,NULL,NULL,NULL,NULL,95,NULL,NULL,NULL,NULL,NULL,NULL
Waiheke Baggage Delivery,,No,1,12764,12764,"7243, 7244, 7245, 7246, 7247",,"1, 2, 3, 4, 5",10:00:00,17:00:00,10000,8,96,63,Next-day baggage delivery to Waiheke,1,62,1,8,NULL,NULL,127,NULL,96,1,2,NULL,NULL,NULL,NULL
Waiheke Next Day - Book by 830pm | Arrives,,No,1,16166,16166,"13138, 13139, 13140, 13141, 13142",,"1, 2, 3, 4, 5",08:30:00,12:00:00,10000,8,140,24,Waiheke Next Day - Book by 8:30pm,0,62,1,8,NULL,NULL,142,NULL,140,1,NULL,0,NULL,NULL,NULL
Waiheke Same Day - Book by 930am | Arrives,,No,1,16166,16166,"13143, 13144, 13145, 13146, 13147",,"1, 2, 3, 4, 5",13:30:00,16:00:00,10000,40,140,4,Waiheke Same Day - Book by 9:30am,0,91,1,40,NULL,NULL,24,NULL,140,1,NULL,0,NULL,NULL,NULL
Waikato - Urgent Delivery,,No,1,17951,17951,"636, 637, 638, 639, 660",,"1, 2, 3, 4, 5",12:00:00,17:00:00,10000,4,112,12,Live tracked delivery service with Urgent Couriers,0,NULL,NULL,4,NULL,NULL,NULL,NULL,112,NULL,NULL,NULL,NULL,NULL,NULL
Waikato > Auckland Express 4pm-6pm,,No,1,31932,31932,"13105, 13106, 13107, 13108, 13109",,"1, 2, 3, 4, 5",16:00:00,18:00:00,10000,8,145,5,NULL,1,NULL,1,4,NULL,NULL,127,51,145,1,NULL,0,NULL,NULL,NULL
Waikato > Cambridge Afternoon,,No,1,31952,31952,"12523, 12524, 12525, 12526, 12527",,"1, 2, 3, 4, 5",12:00:00,17:00:00,10000,4,128,1,NULL,1,38,1,4,1,1,127,90,128,1,NULL,0,NULL,NULL,NULL
Waikato > Cambridge Morning,,No,1,31952,31952,"12518, 12519, 12520, 12521, 12522",,"1, 2, 3, 4, 5",07:00:00,13:00:00,10000,4,128,14,NULL,1,38,1,4,1,1,127,90,128,1,NULL,0,NULL,NULL,NULL
Waikato > Tauranga afternoon,,Yes,2,"9196, 36813",NULL,"2372, 2373, 2374, 2375, 2376","7417, 7418, 7419, 7420, 7421, 7592, 7593, 7594, 7595, 7596, 9005, 9006, 9007, 9008, 9009","1, 2, 3, 4, 5",16:00:00,18:00:00,10000,3,129,6,NULL,1,12,1,4,1,1,127,90,129,1,3,NULL,NULL,NULL,NULL
Waikato Delivery (DBOX),,No,1,35329,35329,"3028, 3029, 3030, 3031, 3032",,"1, 2, 3, 4, 5",07:00:00,12:00:00,10000,4,112,16,NULL,0,11,0,4,NULL,NULL,NULL,NULL,112,NULL,NULL,NULL,NULL,NULL,NULL
Waikato Delivery From AQ,,No,1,9673,9673,"5470, 5471, 5472, 5473, 5474",,"1, 2, 3, 4, 5",13:00:00,17:00:00,10000,4,128,4,NULL,1,76,1,8,1,1,142,NULL,128,1,NULL,1,240,NULL,NULL
Waikato Express,,No,1,32973,32973,"1110, 1111, 1112, 1113, 1114",,"1, 2, 3, 4, 5",11:00:00,17:00:00,10000,4,111,2,NULL,0,NULL,0,8,NULL,NULL,NULL,NULL,111,NULL,NULL,NULL,NULL,NULL,NULL
Waikato Express Service,,No,1,18232,18232,"493, 494, 495, 496",,"2, 3, 4, 5",08:00:00,17:30:00,10000,4,112,26,Express delivery service with live tracking,0,11,NULL,8,NULL,NULL,NULL,NULL,112,NULL,NULL,NULL,NULL,NULL,NULL
Waikato Fresh Express,,No,1,33099,33099,919,,2,13:00:00,17:00:00,10000,4,112,22,"Same-day, live-tracked delivery. Tuesday delivery from 1-5pm",0,11,0,4,NULL,NULL,NULL,NULL,112,NULL,NULL,NULL,NULL,NULL,NULL
Waikato Home Delivery 5am,,No,1,15744,15744,"13339, 13340",,"3, 4",07:00:00,12:00:00,10000,4,112,16,This is booked form Urgent Couriers and no pick up is included,1,11,0,8,NULL,NULL,NULL,NULL,112,NULL,NULL,NULL,NULL,NULL,NULL
Waikato Inner Pickup,,No,1,9673,9673,"5363, 5364, 5365, 5366, 5367",,"1, 2, 3, 4, 5",16:00:00,17:30:00,10000,8,145,5,NULL,1,62,1,4,1,1,127,72,145,1,3,1,300,NULL,NULL
Waikato Local & Outer > BOP,,Yes,2,"9196, 36813",NULL,"2357, 2358, 2359, 2360, 2361","7462, 7463, 7464, 7465, 7466, 7597, 7598, 7599, 7600, 7601, 7602, 7603, 7604, 7605, 7606, 8995, 8996, 8997, 8998, 8999","1, 2, 3, 4, 5",09:00:00,17:00:00,10000,3,129,18,NULL,1,12,1,4,1,1,127,90,129,1,3,NULL,NULL,NULL,NULL
Waikato Local > Auckland Express 11am-1pm,,No,1,36813,36813,"8930, 8931, 8932, 8933, 8934",,"1, 2, 3, 4, 5",11:00:00,13:00:00,10000,8,145,0,NULL,1,NULL,1,4,1,1,127,90,145,1,3,NULL,NULL,NULL,NULL
Waikato Local > Auckland Express 11am-1pm #2,Waikato Local > Auckland Express 11am-1pm,No,1,31504,31504,"12051, 12052, 12053, 12054, 12055",,"1, 2, 3, 4, 5",11:00:00,13:00:00,10000,8,145,68,NULL,1,NULL,1,4,1,1,127,90,145,1,3,NULL,NULL,NULL,NULL
Waikato Local > Auckland Express 4pm-6pm #2,Waikato Local > Auckland Express 4pm-6pm,No,1,36813,36813,"8935, 8936, 8937, 8938, 8939",,"1, 2, 3, 4, 5",16:00:00,18:00:00,10000,8,145,0,NULL,1,NULL,1,4,1,1,127,90,145,1,3,NULL,NULL,NULL,NULL
Waikato Outer - Hamilton Afternoon,,No,1,35338,35338,"11817, 12203, 12204, 12205, 12206",,"1, 2, 3, 4, 5",13:00:00,17:00:00,10000,4,128,19,NULL,1,11,1,3,1,1,127,NULL,129,1,NULL,0,NULL,NULL,NULL
Waikato Outer - Hamilton Afternoon #2,Waikato Outer - Hamilton Afternoon,No,1,36813,36813,"12324, 12325, 12326, 12327, 12328",,"1, 2, 3, 4, 5",13:00:00,17:00:00,10000,4,128,2,NULL,1,11,1,4,1,1,127,90,128,1,NULL,0,NULL,NULL,NULL
Waikato Outer - Morning,,Yes,1,36813,NULL,"10368, 10369, 10370, 10371, 10372","12329, 12330, 12331, 12332, 12333","1, 2, 3, 4, 5",08:00:00,12:00:00,10000,4,128,2,NULL,1,11,1,4,NULL,NULL,127,90,128,1,NULL,0,NULL,NULL,NULL
Waikato Outer - Morning #2,Waikato Outer - Morning,No,1,31492,31492,"12113, 12114, 12115, 12116, 12117",,"1, 2, 3, 4, 5",08:00:00,12:00:00,10000,4,128,2,NULL,1,11,1,4,NULL,NULL,127,90,128,1,NULL,1,60,NULL,NULL
Waikato Outer - Taupo,,No,1,36813,36813,"8887, 8888, 8889, 12334, 12335, 12336",,"1, 3, 5",07:00:00,12:00:00,10000,4,128,0,NULL,0,11,1,4,NULL,NULL,127,90,128,1,NULL,0,NULL,NULL,NULL
Waikato Outer > Auckland Express 11am-1pm #2,Waikato Outer > Auckland Express 11am-1pm,No,1,36813,36813,"8940, 8941, 8942, 8943, 8944",,"1, 2, 3, 4, 5",11:00:00,13:00:00,10000,8,145,0,NULL,1,NULL,1,4,1,1,127,90,145,1,3,NULL,NULL,NULL,NULL
Waikato Outer > Auckland Express 11am-1pm #3,Waikato Outer > Auckland Express 11am-1pm,No,1,34981,34981,"12970, 12971, 12972, 12973, 12974",,"1, 2, 3, 4, 5",11:00:00,13:00:00,10000,8,145,68,NULL,1,NULL,1,4,1,1,127,51,145,1,3,NULL,NULL,NULL,NULL
Waikato Outer > Auckland Express 4pm-6pm #2,Waikato Outer > Auckland Express 4pm-6pm,No,1,36813,36813,"8945, 8946, 8947, 8948, 8949",,"1, 2, 3, 4, 5",16:00:00,18:00:00,10000,8,145,0,NULL,1,NULL,1,4,1,1,127,90,145,1,3,NULL,NULL,NULL,NULL
Waikato Outer > Auckland Express 4pm-6pm #3,Waikato Outer > Auckland Express 4pm-6pm,No,1,34981,34981,"12965, 12966, 12967, 12968, 12969",,"1, 2, 3, 4, 5",16:00:00,18:00:00,10000,8,145,6,NULL,1,NULL,1,4,1,1,127,51,145,1,3,NULL,NULL,NULL,NULL
Waikato Outer > Hamilton,,No,1,31492,31492,"12275, 12276, 12277, 12278, 12279",,"1, 2, 3, 4, 5",13:00:00,17:00:00,10000,4,128,2,NULL,1,11,1,4,1,1,127,90,128,1,NULL,0,NULL,NULL,NULL
"Waikato Outer > Taupo, Tokoroa, Putaruru",,Yes,1,31492,NULL,"5660, 5661, 5662","12933, 12934, 12935","1, 3, 5",07:00:00,12:00:00,10000,4,128,24,NULL,1,11,1,4,NULL,NULL,127,90,128,1,NULL,0,NULL,NULL,NULL
Waikato Outer Pickup,,No,1,9673,9673,"5453, 5454, 5455, 5457, 5458",,"1, 2, 3, 4, 5",11:00:00,12:30:00,10000,8,145,3,NULL,1,62,1,4,1,1,127,74,145,1,3,0,240,NULL,NULL
Waikato Pallets Ex UCL depot,,No,1,32896,32896,"5933, 5934, 5935, 5991, 5992",,"1, 2, 3, 4, 5",07:00:00,12:00:00,10000,4,112,18,For Pallet Freight Into Waikato Region,0,11,1,8,NULL,NULL,43,NULL,112,1,NULL,0,NULL,NULL,NULL
WedHFAK,,No,1,32374,32374,35,,3,07:00:00,17:00:00,10000,8,96,24,NULL,NULL,NULL,NULL,8,NULL,NULL,NULL,NULL,96,NULL,NULL,NULL,NULL,NULL,NULL
Wednesday 2 Hour Express (11:00am-1:00pm),,No,1,33096,33096,3328,,3,11:00:00,13:00:00,10000,8,24,25,NULL,1,NULL,0,8,NULL,NULL,NULL,NULL,24,NULL,NULL,NULL,NULL,NULL,NULL
Wednesday 2 Hour Express (1:00-3pm),,No,1,33096,33096,3332,,3,13:00:00,15:00:00,10000,8,24,27,NULL,1,NULL,0,8,NULL,NULL,NULL,NULL,24,NULL,NULL,NULL,NULL,NULL,NULL
Wednesday 2 Hour Express (9:00-11:00am),,No,1,33096,33096,3325,,3,09:00:00,11:00:00,10000,8,24,23,NULL,1,NULL,0,8,NULL,NULL,NULL,NULL,24,NULL,NULL,NULL,NULL,NULL,NULL
Wednesday 2 hour express*08:00:00-10:00:00,,No,1,17732,17732,1364,,3,08:00:00,10:00:00,10000,8,24,0,,1,NULL,NULL,8,NULL,NULL,NULL,NULL,24,NULL,NULL,NULL,NULL,NULL,NULL
Wednesday 2 hour express*08:00:00-10:00:00x,,No,1,17732,17732,268,,3,08:00:00,10:00:00,10000,8,24,28,,1,NULL,NULL,8,NULL,NULL,NULL,NULL,24,NULL,NULL,NULL,NULL,NULL,NULL
Wednesday 2 hour express*10:00:00-12:00:00,,No,1,17732,17732,1365,,3,10:00:00,12:00:00,10000,8,24,0,,1,NULL,NULL,8,NULL,NULL,NULL,NULL,24,NULL,NULL,NULL,NULL,NULL,NULL
Wednesday 2 hour express*10:00:00-12:00:00x,,No,1,17732,17732,269,,3,10:00:00,12:00:00,10000,8,24,30,,1,NULL,NULL,8,NULL,NULL,NULL,NULL,24,NULL,NULL,NULL,NULL,NULL,NULL
Wednesday 2 hour express*13:00:00-15:00:00,,No,1,17732,17732,1366,,3,13:00:00,15:00:00,10000,8,24,0,,1,NULL,NULL,8,NULL,NULL,NULL,NULL,24,NULL,NULL,NULL,NULL,NULL,NULL
Wednesday 2 hour express*13:00:00-15:00:00x,,No,1,17732,17732,270,,3,13:00:00,15:00:00,10000,8,24,9,,1,NULL,NULL,8,NULL,NULL,NULL,NULL,24,NULL,NULL,NULL,NULL,NULL,NULL
Wednesday 2 hour express*14:00:00-16:00:00,,No,1,17732,17732,1367,,3,14:00:00,16:00:00,10000,8,24,0,,1,NULL,NULL,8,NULL,NULL,NULL,NULL,24,NULL,NULL,NULL,NULL,NULL,NULL
Wednesday 2 hour express*14:00:00-16:00:00x,,No,1,17732,17732,278,,3,14:00:00,16:00:00,10000,8,24,10,,1,NULL,NULL,8,NULL,NULL,NULL,NULL,24,NULL,NULL,NULL,NULL,NULL,NULL
Wednesday Afternoon Bay of Plenty Express,,No,1,33094,33094,1047,,3,12:00:00,17:00:00,10000,3,111,14,Live tracked - Delivery from 3-6pm,0,NULL,0,3,NULL,NULL,NULL,NULL,111,NULL,NULL,NULL,NULL,NULL,NULL
Wednesday Afternoon Delivery,,No,1,33055,33055,707,,3,00:00:00,17:00:00,10000,8,94,24,Wednesday Afternoon Delivery,1,NULL,NULL,8,NULL,NULL,NULL,NULL,94,NULL,NULL,NULL,NULL,NULL,NULL
Wednesday Afternoon Express,,No,2,"33089, 33091",33089,878,883,3,12:00:00,14:00:00,10000,8,25,1,"Afternoon Express - Book by 11am, delivery from 12-2pm",1,NULL,0,8,NULL,NULL,NULL,NULL,25,NULL,NULL,NULL,NULL,NULL,NULL
Wednesday Afternoon Express #2,Wednesday Afternoon Express,No,1,32758,32758,185,,3,12:00:00,17:00:00,10000,8,94,3,NULL,NULL,NULL,NULL,8,NULL,NULL,NULL,NULL,94,NULL,NULL,NULL,NULL,NULL,NULL
Wednesday Afternoon Express #3,Wednesday Afternoon Express,No,1,32822,32822,304,,3,12:00:00,17:00:00,10000,8,94,2,Premium live tracked delivery service with Urgent Couriers,NULL,NULL,NULL,8,NULL,NULL,NULL,NULL,94,NULL,NULL,NULL,NULL,NULL,NULL
Wednesday Afternoon Express #4,Wednesday Afternoon Express,No,1,33093,33093,894,,3,15:00:00,17:00:00,10000,8,25,2,"Express, live-tracked delivery between 3-5pm",1,NULL,0,8,NULL,NULL,NULL,NULL,25,NULL,NULL,NULL,NULL,NULL,NULL
Wednesday Afternoon Express #5,Wednesday Afternoon Express,No,1,33094,33094,899,,3,12:00:00,17:00:00,10000,8,94,14,Live tracked - Delivery from 12-5pm,0,NULL,0,8,NULL,NULL,NULL,NULL,94,NULL,NULL,NULL,NULL,NULL,NULL
Wednesday afternoon express delivery,,No,1,32773,32773,289,,3,12:00:00,17:00:00,10000,8,94,3,Afternoon Home and Office delivery between 12pm and 5pm,NULL,NULL,NULL,8,NULL,NULL,NULL,NULL,94,NULL,NULL,NULL,NULL,NULL,NULL
Wednesday Afternoon Home,,No,1,32429,32429,171,,3,12:00:00,17:00:00,10000,8,94,22,Fast live tracked delivery with Urgent Couriers,NULL,NULL,NULL,8,NULL,NULL,NULL,NULL,94,NULL,NULL,NULL,NULL,NULL,NULL
Wednesday Afternoon Home #2,Wednesday Afternoon Home,No,1,18232,18232,202,,3,12:00:00,17:00:00,10000,8,94,6,Live tracked delivery service,NULL,NULL,NULL,8,NULL,NULL,NULL,NULL,94,NULL,NULL,NULL,NULL,NULL,NULL
Wednesday Afternoon Home #3,Wednesday Afternoon Home,No,1,32738,32738,261,,3,12:00:00,17:00:00,10000,8,94,23,NULL,NULL,NULL,NULL,8,NULL,NULL,NULL,NULL,94,NULL,NULL,NULL,NULL,NULL,NULL
Wednesday Afternoon Home #4,Wednesday Afternoon Home,No,1,32799,32799,337,,3,12:00:00,17:00:00,10000,8,94,3,Express delivery to your door,NULL,NULL,NULL,8,NULL,NULL,NULL,NULL,94,NULL,NULL,NULL,NULL,NULL,NULL
Wednesday Afternoon Home Auckland,,No,1,34381,34381,1947,,3,12:00:00,17:00:00,10000,8,94,1,NULL,0,NULL,0,8,NULL,NULL,NULL,NULL,94,NULL,NULL,NULL,NULL,NULL,NULL
Wednesday Afternoon Service,,No,1,32710,32710,136,,3,12:00:00,17:00:00,10000,8,94,12,NULL,NULL,NULL,NULL,8,NULL,NULL,NULL,NULL,94,NULL,NULL,NULL,NULL,NULL,NULL
Wednesday Afternoon Waikato Express,,No,1,33094,33094,1042,,3,12:00:00,17:00:00,10000,4,111,14,Live tracked - Delivery from 1-6pm,0,NULL,0,4,NULL,NULL,NULL,NULL,111,NULL,NULL,NULL,NULL,NULL,NULL
Wednesday Afternoon Whangarei Express,,No,1,33094,33094,1053,,3,12:00:00,17:00:00,10000,21,111,14,Live tracked - Delivery from 12-5pm,1,NULL,0,21,NULL,NULL,NULL,NULL,111,NULL,NULL,NULL,NULL,360,NULL
Wednesday Evening Express,,No,2,"33089, 33091",33089,863,868,3,15:00:00,17:00:00,10000,8,25,1,"Evening Express - Book by 2pm, delivery from 3-5pm",1,NULL,0,8,NULL,NULL,NULL,NULL,25,NULL,NULL,NULL,NULL,NULL,NULL
Wednesday Evening Express #2,Wednesday Evening Express,No,1,32758,32758,190,,3,18:00:00,21:00:00,10000,8,110,3,NULL,NULL,NULL,NULL,8,NULL,NULL,NULL,NULL,110,NULL,NULL,NULL,NULL,NULL,NULL
Wednesday Evening Express #3,Wednesday Evening Express,No,1,32822,32822,319,,3,18:00:00,21:00:00,10000,8,110,3,Premium live tracked delivery service with Urgent Couriers,NULL,NULL,NULL,8,NULL,NULL,NULL,NULL,110,NULL,NULL,NULL,NULL,NULL,NULL
Wednesday Evening Express #4,Wednesday Evening Express,No,1,33094,33094,904,,3,18:00:00,21:00:00,10000,8,110,8,Live tracked - Delivery from 6-9pm,0,NULL,0,8,NULL,NULL,NULL,NULL,110,NULL,NULL,NULL,NULL,NULL,NULL
Wednesday Evening Home,,No,1,32429,32429,176,,3,18:00:00,21:00:00,10000,8,110,4,Fast live tracked delivery with Urgent Couriers,NULL,NULL,NULL,8,NULL,NULL,NULL,NULL,110,NULL,NULL,NULL,NULL,NULL,NULL
Wednesday Evening Home #2,Wednesday Evening Home,No,1,18232,18232,196,,3,18:00:00,21:00:00,10000,8,110,12,Live tracked delivery service,NULL,NULL,NULL,8,NULL,NULL,NULL,NULL,110,NULL,NULL,NULL,NULL,NULL,NULL
Wednesday Evening Home #3,Wednesday Evening Home,No,1,32770,32770,206,,3,18:00:00,21:00:00,10000,8,110,3,Express live tracked delivery service,NULL,NULL,NULL,8,NULL,NULL,NULL,NULL,110,NULL,NULL,NULL,NULL,NULL,NULL
Wednesday Evening Home #4,Wednesday Evening Home,No,1,32799,32799,343,,3,18:00:00,21:00:00,10000,8,110,3,Express delivery to your door,NULL,NULL,NULL,8,NULL,NULL,NULL,NULL,110,NULL,NULL,NULL,NULL,NULL,NULL
Wednesday express delivery,,No,1,32773,32773,294,,3,14:00:00,16:00:00,10000,8,25,2,Two hour delivery between 2pm - 4pm same day,1,NULL,NULL,8,NULL,NULL,NULL,NULL,25,NULL,NULL,NULL,NULL,NULL,NULL
Wednesday HF Hamilton,,No,1,17921,17921,39,,3,07:00:00,17:00:00,10000,4,96,48,NULL,NULL,44,NULL,4,NULL,NULL,NULL,NULL,96,NULL,NULL,NULL,NULL,NULL,NULL
Wednesday HF Napier,,No,1,17921,17921,1858,,3,08:00:00,17:00:00,10000,10,96,48,NULL,NULL,45,NULL,10,NULL,NULL,NULL,NULL,96,NULL,NULL,NULL,NULL,NULL,NULL
Wednesday HF Palmerston North,,No,1,17921,17921,1859,,3,07:05:00,17:00:00,10000,6,96,0,NULL,NULL,46,NULL,6,NULL,NULL,NULL,NULL,96,NULL,NULL,NULL,NULL,NULL,NULL
Wednesday Home Delivery,,No,1,33149,33149,4491,,3,07:00:00,19:00:00,10000,8,96,24,NULL,NULL,NULL,NULL,8,NULL,NULL,NULL,NULL,96,NULL,NULL,NULL,NULL,NULL,NULL
Wednesday Morning 3 Hour,,No,1,216,216,1580,,3,09:00:00,13:00:00,10000,8,4,1,"Live-tracked, express service",1,NULL,0,8,NULL,NULL,NULL,NULL,4,NULL,NULL,NULL,NULL,NULL,NULL
Wednesday Morning Express,,No,2,"33089, 33091",33089,873,888,3,10:00:00,12:00:00,10000,8,25,1,"Morning Express - Book by 9am, delivery from 10am-12pm",1,NULL,0,8,NULL,NULL,NULL,NULL,25,NULL,NULL,NULL,NULL,NULL,NULL
Wednesday same day delivery,,No,1,32714,32714,164,,3,18:00:00,21:00:00,10000,8,110,4,Premium live tracked delivery service,NULL,NULL,NULL,8,NULL,NULL,NULL,NULL,110,NULL,NULL,NULL,NULL,NULL,NULL
Wednesday same-day delivery,,No,1,32697,32697,246,,3,12:00:00,17:00:00,10000,8,94,36,Premium same-day live tracked delivery service to residential or business addresses,NULL,NULL,NULL,8,NULL,NULL,NULL,NULL,94,NULL,NULL,NULL,NULL,NULL,NULL
Weekday 2 Hour Express (1:00-3pm),,No,1,36048,36048,"4728, 4733, 4734, 4735",,"2, 3, 4, 5",13:00:00,15:00:00,10000,8,25,50,NULL,1,NULL,0,8,NULL,NULL,NULL,NULL,25,NULL,NULL,NULL,NULL,NULL,NULL
Weekday 2 Hour Express (9:00-11:00am),,No,1,36048,36048,"4727, 4730, 4731, 4732",,"2, 3, 4, 5",09:00:00,11:00:00,10000,8,25,47,,1,NULL,NULL,8,NULL,NULL,NULL,NULL,25,NULL,NULL,NULL,NULL,NULL,NULL
Wellington > Akl Returns,,No,1,15910,15910,"12488, 12489, 12490, 12491, 12492",,"1, 2, 3, 4, 5",08:00:00,12:00:00,10000,8,160,68,Book by 12 pm for next day delivery,1,NULL,1,16,1,1,166,26,160,1,NULL,0,NULL,NULL,NULL
Wellington Afternoon Home,,No,1,684,684,"3905, 3906, 3907, 3908, 3909",,"1, 2, 3, 4, 5",12:00:00,17:00:00,10000,16,94,24,Wellington Afternoon Home - Delivery between 12pm to 5pm,0,26,0,8,1,1,NULL,NULL,94,NULL,NULL,NULL,NULL,NULL,NULL
Wellington Afternoon Home - Friday,,No,1,34589,34589,1939,,5,12:05:00,17:00:00,10000,16,94,24,NULL,0,26,0,8,NULL,NULL,NULL,NULL,94,NULL,NULL,NULL,NULL,NULL,NULL
Wellington Afternoon Home - Monday,,No,1,34589,34589,1935,,1,12:05:00,17:00:00,10000,16,94,24,NULL,0,26,0,8,NULL,NULL,NULL,NULL,94,NULL,NULL,NULL,NULL,NULL,NULL
Wellington Afternoon Home - Thursday,,No,1,34589,34589,1938,,4,12:05:00,17:00:00,10000,16,94,24,NULL,0,26,0,8,NULL,NULL,NULL,NULL,94,NULL,NULL,NULL,NULL,NULL,NULL
Wellington Afternoon Home - Tuesday,,No,1,34589,34589,1936,,2,12:05:00,17:00:00,10000,16,94,24,NULL,0,26,0,8,NULL,NULL,NULL,NULL,94,NULL,NULL,NULL,NULL,NULL,NULL
Wellington Afternoon Home - Wednesday,,No,1,34589,34589,1937,,3,12:05:00,17:00:00,10000,16,94,24,NULL,0,26,0,8,NULL,NULL,NULL,NULL,94,NULL,NULL,NULL,NULL,NULL,NULL
Wellington Afternoons AH #2,Wellington Afternoons AH,No,1,16298,16298,"4583, 4584, 4585, 4586, 4587",,"1, 2, 3, 4, 5",12:00:00,17:00:00,10000,16,94,24,NULL,0,26,0,8,2,1,NULL,NULL,94,NULL,NULL,NULL,NULL,NULL,NULL
Wellington Afternoons AH #3,Wellington Afternoons AH,No,1,36266,36266,"6702, 6703, 6704, 6705, 6706",,"1, 2, 3, 4, 5",12:00:00,17:00:00,10000,16,94,24,NULL,0,26,1,8,2,1,1,NULL,94,1,NULL,NULL,NULL,NULL,NULL
Wellington Chilled,,No,1,33710,33710,"4045, 4046, 4047, 4048, 4049",,"1, 2, 3, 4, 5",07:00:00,17:00:00,10000,16,147,19,Chilled deliveries in Wellington,0,26,0,8,2,2,NULL,NULL,147,NULL,NULL,NULL,NULL,NULL,NULL
Wellington Chilled #2,Wellington Chilled,No,1,35221,35221,"6090, 6091, 6092, 6093, 6094",,"1, 2, 3, 4, 5",06:00:00,17:00:00,10000,16,147,17,NULL,0,26,0,8,2,2,NULL,NULL,147,2,NULL,0,NULL,NULL,NULL
Wellington Pallet,,No,1,35221,35221,"6095, 6096, 6097, 6098, 6099, 6100, 6101, 6102",,"2, 3, 4, 5",06:00:00,17:00:00,10000,16,147,17,NULL,0,26,0,8,NULL,NULL,NULL,NULL,147,NULL,NULL,0,NULL,NULL,NULL
Wellington Pallet Delivery,,No,1,36354,36354,"5971, 5972, 5973, 5974, 5975",,"1, 2, 3, 4, 5",12:00:00,17:00:00,10000,16,96,24,NULL,0,26,0,8,2,1,NULL,NULL,96,NULL,NULL,NULL,NULL,NULL,NULL
Wellington Saturday,,No,1,33063,33063,917,,6,08:00:00,17:00:00,10000,16,96,48,NULL,0,NULL,0,16,NULL,NULL,NULL,NULL,96,NULL,NULL,NULL,NULL,NULL,NULL
Wellington Schedules,,No,2,"1088, 36266",1088,"5956, 5957, 5958, 5959, 5960","5986, 5987, 5988, 5989, 5990","1, 2, 3, 4, 5",12:00:00,17:00:00,10000,16,140,24,Overnight Delivery to Wellington,0,26,1,8,1,1,4,NULL,140,1,2,0,NULL,NULL,NULL
Wellington Sunday,,No,1,33063,33063,918,,7,08:00:00,17:00:00,10000,16,96,72,NULL,0,NULL,0,16,NULL,NULL,NULL,NULL,96,NULL,NULL,NULL,NULL,NULL,NULL
Wellington Sunday 12pm - 6pm,,No,1,32335,32335,4991,,7,12:00:00,18:00:00,10000,16,95,2,NULL,0,21,1,8,2,1,127,NULL,95,1,NULL,1,2670,NULL,NULL
wellington sunday evening,,No,1,12764,12764,787,,7,19:20:00,21:00:00,10000,16,110,0,NULL,0,NULL,NULL,16,NULL,NULL,NULL,NULL,110,NULL,NULL,NULL,NULL,NULL,NULL
WFHA,,No,1,32812,32812,"346, 347, 348, 349, 350",,"1, 2, 3, 4, 5",18:00:00,21:00:00,10000,8,110,7,NULL,NULL,NULL,NULL,8,NULL,NULL,NULL,NULL,110,NULL,NULL,NULL,NULL,NULL,NULL
WGT Afternoon,,No,1,35330,35330,"3053, 3054, 3055, 3056, 3057",,"1, 2, 3, 4, 5",12:00:00,17:00:00,10000,16,94,24,,0,26,0,16,1,1,NULL,NULL,94,NULL,NULL,NULL,NULL,NULL,NULL
WGT TO AKL - Auckland Afternoon Chilled,,No,1,36127,36127,"4781, 4782, 4783, 4784, 4785",,"1, 2, 3, 4, 5",13:00:00,17:00:00,10000,8,123,2,NULL,0,27,NULL,16,2,2,NULL,NULL,123,NULL,NULL,NULL,NULL,NULL,NULL
WGT TO AKL - Auckland Morning Chilled,,No,1,36127,36127,"4776, 4777, 4778, 4779, 4780",,"1, 2, 3, 4, 5",07:00:00,12:00:00,10000,8,122,16,Auckland Morning Chilled Delivery 7am - 12pm,0,27,0,16,2,2,NULL,NULL,122,NULL,NULL,NULL,NULL,NULL,NULL
Whakatane 12pm > AKL Next Day Run,,No,1,33103,33103,"6139, 6140, 6141, 6142, 6143",,"1, 2, 3, 4, 5",11:00:00,13:00:00,10000,8,145,23,Next Business Day Medical Delivery to Auckland,1,NULL,1,3,NULL,NULL,127,53,129,1,6,NULL,NULL,NULL,NULL
Whakatane 9am > AKL Next Day Run,,No,1,33103,33103,"6149, 6150, 6151, 6152, 6153",,"1, 2, 3, 4, 5",16:00:00,18:00:00,10000,8,145,7,Next Business Day Medical Delivery to Auckland,1,NULL,1,3,NULL,NULL,127,53,129,1,6,NULL,NULL,NULL,NULL
Whakatane  > TRG Return Run,,No,1,32934,32934,"12144, 12145, 12147",,"2, 3, 4",14:00:00,17:00:00,10000,4,129,18,NULL,1,12,1,3,1,1,127,58,129,1,3,NULL,NULL,NULL,NULL
Whanagrei/Mangawhai Half Pallet Booking,,No,1,15581,15581,"5727, 5729, 5730, 5731, 5732",,"1, 2, 3, 4, 5",07:00:00,14:00:00,10000,21,147,16,NULL,1,NULL,0,21,NULL,NULL,NULL,NULL,147,NULL,NULL,0,NULL,360,NULL
Whangarei - Same Day,,No,1,32944,32944,"1290, 1291, 1292, 1293, 1294",,"1, 2, 3, 4, 5",11:00:00,17:00:00,10000,21,111,2,NULL,1,NULL,NULL,8,NULL,NULL,NULL,NULL,111,NULL,NULL,NULL,NULL,360,NULL
Whangarei 10am > AKL Next Day Run,,No,1,33103,33103,"3645, 3646, 3647, 3648, 3649",,"1, 2, 3, 4, 5",13:00:00,15:00:00,10000,8,145,3,Next Business Day Medical Delivery to Auckland,1,NULL,1,21,NULL,NULL,127,57,145,1,4,NULL,NULL,NULL,NULL
Whangarei 12pm > AKL Next Day Run,,No,1,33103,33103,"3640, 3641, 3642, 3643, 3644",,"1, 2, 3, 4, 5",11:00:00,16:00:00,10000,8,145,23,Next Business Day Medical Delivery to Auckland,1,NULL,1,21,NULL,NULL,127,57,129,1,NULL,NULL,NULL,NULL,NULL
Whangarei Regional Home Delivery,,No,1,32530,32530,"4324, 4325, 4326, 4327",,"2, 3, 4, 5",07:00:00,12:00:00,10000,21,112,31,NULL,1,NULL,0,8,NULL,NULL,NULL,NULL,112,NULL,2,NULL,NULL,360,NULL
Whangarei Same day,,No,1,15521,15521,"945, 1088, 1089, 1090, 1091",,"1, 2, 3, 4, 5",12:00:00,17:00:00,10000,21,111,2,NULL,1,NULL,0,8,NULL,NULL,NULL,NULL,111,NULL,2,NULL,NULL,360,NULL
Whangarei Sunday,,No,1,32530,32530,1569,,7,14:00:00,20:00:00,10000,21,95,100000,NULL,1,NULL,0,8,NULL,NULL,NULL,NULL,95,NULL,2,NULL,NULL,360,NULL
WHFP Waikato Outer - Morning,,No,1,32086,32086,"12473, 12474, 12475, 12476, 12477",,"1, 2, 3, 4, 5",08:00:00,12:00:00,10000,4,128,2,Deliveries to Waikato Outer,1,11,1,4,NULL,NULL,127,89,128,1,NULL,0,NULL,NULL,NULL
WHFP Waikato Outer > Auckland Express 11am-1pm,,No,1,32086,32086,"12445, 12469, 12470, 12471, 12472",,"1, 2, 3, 4, 5",11:00:00,13:00:00,10000,8,145,68,Deliveries to Auckland 11am -1pm,1,NULL,1,4,1,1,127,89,145,1,3,NULL,NULL,NULL,NULL
WHFP Waikato Outer > Auckland Express 4pm-6pm,,No,1,32086,32086,"12464, 12465, 12466, 12467, 12468",,"1, 2, 3, 4, 5",16:00:00,18:00:00,10000,8,145,6,Deliveries to Auckland 4-6pm,1,NULL,1,4,1,1,127,89,145,1,3,NULL,NULL,NULL,NULL
WHFP Waikato Outer > BOP,,No,1,32086,32086,"12459, 12460, 12461, 12462, 12463",,"1, 2, 3, 4, 5",16:00:00,18:00:00,10000,3,129,6,Deliveries to Tauranga / BOP,1,12,1,4,1,1,127,89,129,1,3,NULL,NULL,NULL,NULL
WHFP Waikato Outer > Hamilton Afternoon,,No,1,32086,32086,"12439, 12440, 12441, 12442, 12443",,"1, 2, 3, 4, 5",13:00:00,17:00:00,10000,4,128,2,Deliveries to Hamilton,1,11,1,4,1,1,127,89,128,1,NULL,0,NULL,NULL,NULL
WHK > AKL Next Day Run,,No,16,"14582, 16947, 16513, 18188, 13713, 504, 14578, 9477, 14763, 18185, 3191, 13822, 13773, 35755, 169, 36672",14582,"3415, 3416, 3417, 3418, 3419","3460, 3461, 3462, 3463, 3464, 3505, 3506, 3507, 3508, 3509, 3550, 3551, 3552, 3553, 3554, 3595, 3596, 3597, 3598, 3599, 3685, 3686, 3687, 3688, 3689, 3730, 3731, 3732, 3733, 3734, 3775, 3776, 3777, 3778, 3779, 3820, 3821, 3822, 3823, 3824, 3865, 3866, 3867, 3868, 3869, 3890, 3891, 3892, 3893, 3894, 4862, 4863, 4864, 4865, 4866, 4937, 4938, 4939, 4940, 4941, 6368, 6369, 6370, 6371, 6372, 6973, 6974, 6975, 6976, 6977, 7129, 7130, 7131, 7132, 7133","1, 2, 3, 4, 5",11:00:00,16:00:00,10000,8,145,23,Next Business Day Medical Delivery to Auckland,1,NULL,1,3,NULL,NULL,127,12,129,1,6,NULL,NULL,NULL,NULL
WHK > AKL Next Day Run #2,WHK > AKL Next Day Run,No,1,14927,14927,"3370, 3371, 3372, 3373, 3374",,"1, 2, 3, 4, 5",11:30:00,16:00:00,10000,8,145,72,Book by 1130am | Next Business Day Medical Delivery to Auckland,1,NULL,1,3,NULL,NULL,127,53,129,1,6,NULL,NULL,NULL,NULL
WHK > AKL Next Day Run #3,WHK > AKL Next Day Run,No,1,36739,36739,"8675, 8676, 8677, 8678, 8679",,"1, 2, 3, 4, 5",11:00:00,16:00:00,10000,8,145,23,Next Business Day Medical Delivery to Auckland,1,NULL,1,3,NULL,NULL,127,12,145,1,6,NULL,NULL,NULL,NULL
WHK > AKL Next Day Run #4,WHK > AKL Next Day Run,No,1,32946,32946,"10149, 10150, 10151, 10152, 10153",,"1, 2, 3, 4, 5",11:00:00,16:00:00,10000,8,145,23,Next Business Day Medical Delivery to Auckland,1,NULL,1,3,NULL,NULL,127,53,129,1,6,NULL,NULL,NULL,NULL
Wild Flour Tauranga - Auckland Afternoon Chilled,,No,1,32490,32490,"5946, 5947, 5948, 5949, 5950",,"1, 2, 3, 4, 5",13:30:00,17:00:00,10000,8,123,23,Auckland Afternoon Chilled Delivery 1pm - 5pm Tauranga to Auckland,0,27,1,3,2,2,127,52,123,1,NULL,NULL,NULL,NULL,NULL
Wild Flour Tauranga - Auckland Morning Chilled,,No,2,"32490, 36266",32490,"5951, 5952, 5953, 5954, 5955","7376, 7377, 7378, 7379, 7380","1, 2, 3, 4, 5",07:00:00,12:00:00,10000,8,122,72,Auckland Morning Chilled Delivery 7am - 12pm Tauranga to Auckland,0,27,1,3,2,2,127,52,122,1,NULL,NULL,NULL,NULL,NULL
Wild Flour Tauranga - Hamilton Chilled,,No,1,32490,32490,"9847, 9848, 9849, 9850, 9851",,"1, 2, 3, 4, 5",07:30:00,17:00:00,10000,4,130,17,NULL,0,28,1,3,2,2,127,52,130,1,6,NULL,NULL,NULL,NULL
WLG > Akl Medical Returns,,No,1,35773,35773,"13072, 13073, 13074, 13075, 13076",,"1, 2, 3, 4, 5",08:00:00,12:00:00,10000,35,160,66,Book by 12 pm for next day delivery,1,NULL,1,16,1,1,166,26,160,1,NULL,0,NULL,NULL,NULL
WLG > Napier,,No,4,"16730, 35642, 17326, 16166",16730,"12342, 12343, 12344, 12345, 12346","13376, 13377, 13378, 13379, 13380, 13572, 13573, 13574, 13575, 13576, 13630, 13631, 13632, 13633, 13634","1, 2, 3, 4, 5",07:00:00,12:00:00,10000,10,164,37,Book by 6pm; 2-day delivery service to Napier,1,65,1,16,1,1,166,NULL,164,1,NULL,NULL,NULL,NULL,NULL
WLG > Palmerston North,,No,3,"35642, 17326, 16166",35642,"13381, 13382, 13383, 13384, 13385","13577, 13578, 13579, 13580, 13581, 13635, 13636, 13637, 13638, 13639","1, 2, 3, 4, 5",13:00:00,17:00:00,10000,6,164,67,Book by 6pm for overnight to Palmerston North,1,66,1,16,1,1,166,NULL,164,1,NULL,NULL,NULL,NULL,NULL
WLG > Palmerston North #2,WLG > Palmerston North,No,1,16730,16730,"13694, 13695, 13696, 13697, 13698",,"1, 2, 3, 4, 5",13:00:00,17:00:00,10000,6,164,67,Book by 6pm for overnight to Palmerston North,1,66,1,16,1,1,166,NULL,164,1,NULL,0,NULL,NULL,NULL
WLG > Whanganui (G&B),,No,4,"16730, 35642, 17326, 16166",16730,"13209, 13210, 13211, 13212, 13213","13386, 13387, 13388, 13389, 13390, 13597, 13598, 13599, 13600, 13601, 13640, 13641, 13642, 13643, 13644","1, 2, 3, 4, 5",07:00:00,12:00:00,10000,6,165,61,Book by 6pm for overnight to Whanganui,1,NULL,1,16,NULL,NULL,166,NULL,165,1,NULL,0,NULL,NULL,NULL
WLG > Whanganui (QC),,No,3,"16730, 35642, 16166",16730,"10451, 10452, 10453, 10454, 10455","13391, 13392, 13393, 13394, 13395, 13645, 13646, 13647, 13648, 13649","1, 2, 3, 4, 5",07:00:00,12:00:00,10000,6,164,37,Book by 6pm; 2-day delivery service to Whanganui,1,NULL,1,16,1,1,166,NULL,164,1,NULL,NULL,NULL,NULL,NULL
WLG > Whanganui (QC) #2,WLG > Whanganui (QC),No,1,17326,17326,"13582, 13583, 13584, 13585, 13586",,"1, 2, 3, 4, 5",07:00:00,12:00:00,10000,6,164,61,Book by 6pm; 2-day delivery service to Whanganui,1,NULL,1,16,1,1,166,NULL,164,1,NULL,NULL,NULL,NULL,NULL
WLG Mon PH,,No,1,17534,17534,479,,1,14:00:00,20:00:00,10000,16,95,24,NULL,0,NULL,NULL,16,NULL,NULL,NULL,NULL,95,NULL,NULL,NULL,NULL,NULL,NULL
Wlg Saturday delivery,,No,1,32779,32779,601,,6,07:00:00,17:00:00,10000,16,95,24,NULL,0,NULL,NULL,16,NULL,NULL,NULL,NULL,95,NULL,NULL,NULL,NULL,NULL,NULL
WLG XMAS HF,,No,1,17921,17921,"6441, 6442",,"1, 2",07:00:00,19:00:00,10000,16,121,2,,0,48,NULL,16,NULL,NULL,NULL,NULL,121,NULL,NULL,NULL,NULL,NULL,NULL
Woop Auckland 12pm - 6pm,,No,1,16867,16867,"2052, 12580, 12581",,"3, 4, 7",12:00:00,18:00:00,10000,8,95,12,NULL,0,14,1,8,2,1,142,NULL,95,1,2,1,1800,NULL,NULL
WOOP BBQ box Akl,,No,1,16867,16867,"4339, 4578",,"4, 5",12:00:00,17:00:00,10000,8,94,2,NULL,0,NULL,1,8,2,1,142,NULL,94,1,2,1,180,NULL,NULL
Woop BBQ box Ham,,No,1,16867,16867,"4340, 4576",,"4, 5",12:30:00,17:00:00,10000,4,112,3,NULL,0,11,1,8,2,1,127,NULL,112,1,2,1,210,NULL,NULL
Woop BBQ box Tga,,No,1,16867,16867,"4341, 4577",,"4, 5",13:00:00,18:00:00,10000,3,112,4,NULL,0,12,1,8,2,1,127,NULL,112,1,2,1,240,NULL,NULL
Woop Christchurch 12pm - 6pm,,No,1,16867,16867,"4261, 4322, 6825, 12584",,"1, 2, 5, 7",12:00:00,18:00:00,10000,20,95,24,NULL,0,18,0,8,NULL,NULL,NULL,NULL,95,1,NULL,NULL,NULL,NULL,NULL
Woop Christchurch 2pm - 8pm,,No,1,18005,18005,2058,,1,14:00:00,20:00:00,10000,20,95,100,NULL,0,18,0,20,NULL,NULL,NULL,NULL,95,NULL,NULL,NULL,NULL,NULL,NULL
Woop Christchurch Xmas,,No,1,18005,18005,4057,,6,09:00:00,15:00:00,10000,20,120,264,Woop Christmas Schedule - Christchurch Deliveries,0,18,0,20,2,1,NULL,NULL,120,NULL,NULL,NULL,NULL,NULL,NULL
Woop Dunedin Xmas,,No,1,34155,34155,4058,,6,09:00:00,15:00:00,10000,17,120,264,Woop Christmas Schedule - Dunedin Deliveries,0,24,0,17,2,1,NULL,NULL,120,NULL,NULL,NULL,NULL,NULL,NULL
Woop Evening Home Auckland,,No,1,16867,16867,"5687, 5688, 5690, 5692, 5693",,"1, 2, 3, 4, 5",18:00:00,21:00:00,10000,8,110,3,Evening Home,NULL,62,1,8,1,2,142,NULL,110,1,2,1,180,NULL,NULL
Woop Ham Xmas,,No,1,17535,17535,4051,,6,09:00:00,15:00:00,10000,4,120,264,Woop Christmas Schedule - Hamilton Deliveries,0,19,0,4,2,1,NULL,NULL,120,NULL,NULL,NULL,NULL,NULL,NULL
Woop Hamilton 12pm - 6pm,,No,1,16867,16867,"4263, 12650",,"6, 7",12:00:00,18:00:00,10000,4,95,24,NULL,0,19,1,8,2,1,142,NULL,95,1,NULL,1,1800,NULL,NULL
Woop Hamilton 2pm - 8pm,,No,1,17535,17535,2054,,7,14:00:00,20:00:00,10000,4,95,4,NULL,0,19,0,4,2,1,NULL,NULL,95,NULL,NULL,NULL,NULL,NULL,NULL
Woop Hamilton Regional Runs Ex Urgent,,No,1,16867,16867,4786,,1,12:30:00,17:00:00,10000,4,112,4,NULL,0,11,1,8,2,1,127,NULL,112,1,NULL,NULL,NULL,NULL,NULL
Woop Mon/Tue Waiheke,,No,1,16867,16867,"4759, 5053",,"1, 2",10:00:00,17:00:00,10000,8,96,24,NULL,NULL,14,1,8,2,1,142,NULL,96,1,NULL,1,1800,NULL,NULL
WOOP Mon/Tues Afternoon Delivery,,No,1,16867,16867,"4337, 4338",,"1, 2",12:00:00,17:00:00,10000,8,94,1,Afternoon home Delivery,NULL,62,1,8,1,2,142,NULL,94,1,2,1,180,NULL,NULL
WOOP Monday Dunedin 12-6pm,,No,1,16867,16867,4262,,1,12:00:00,18:00:00,10000,17,95,9999,NULL,0,24,0,8,NULL,NULL,NULL,NULL,95,NULL,NULL,NULL,NULL,NULL,NULL
Woop Napier 12pm - 6pm,,No,1,16867,16867,"4265, 12585, 12653",,"1, 4, 7",12:00:00,18:00:00,10000,10,95,12,NULL,0,23,1,8,2,1,142,NULL,95,1,2,1,1800,NULL,NULL
Woop Napier 2pm - 8pm,,No,1,18137,18137,2056,,7,14:00:00,20:00:00,10000,10,95,74,NULL,0,23,0,10,2,1,NULL,NULL,95,NULL,NULL,NULL,NULL,NULL,NULL
Woop Napier Xmas,,No,1,18137,18137,"4055, 4258",,6,09:00:00,15:00:00,10000,10,120,264,Woop Christmas Schedule - Napier Deliveries,0,23,0,10,2,1,NULL,NULL,120,NULL,NULL,NULL,NULL,NULL,NULL
Woop Napier Xmas #2,Woop Napier Xmas,No,1,17534,17534,4259,,6,09:00:00,15:00:00,10000,10,120,100,Woop Christmas Schedule - Napier Deliveries,0,23,0,10,2,1,NULL,NULL,120,NULL,NULL,NULL,NULL,NULL,NULL
Woop Palmy 12pm - 6pm,,No,1,16867,16867,"4750, 12586, 12652",,"1, 4, 7",12:00:00,18:00:00,10000,6,95,24,NULL,0,22,1,8,2,1,142,NULL,95,1,2,1,1800,NULL,NULL
Woop Palmy 2pm - 8pm,,No,1,17815,17815,2057,,7,14:00:00,20:00:00,10000,6,95,74,NULL,0,22,0,6,2,1,NULL,NULL,95,NULL,NULL,NULL,NULL,NULL,NULL
Woop PN Xmas,,No,1,17815,17815,4054,,6,09:00:00,15:00:00,10000,6,120,264,Woop Christmas Schedule - Palmerston North Deliveries,0,22,0,6,2,1,NULL,NULL,120,NULL,NULL,NULL,NULL,NULL,NULL
Woop PN Xmas #2,Woop PN Xmas,No,1,17534,17534,4257,,6,09:00:00,15:00:00,10000,6,120,100,Woop Christmas Schedule - Palmerston North Deliveries,0,22,0,6,2,1,NULL,NULL,120,NULL,NULL,NULL,NULL,NULL,NULL
Woop Public Holiday Auckland,,No,1,16867,16867,"4383, 4384",,"1, 2",08:00:00,13:00:00,10000,8,95,96,Woop Auckland Public Holiday Schedule,0,62,1,8,2,1,142,NULL,95,1,2,1,1800,NULL,NULL
Woop Tauranga 12pm - 6pm,,No,1,16867,16867,"4264, 12651",,"6, 7",12:00:00,18:00:00,10000,3,95,12,NULL,0,20,1,8,2,1,142,NULL,95,1,2,1,1800,NULL,NULL
Woop Tauranga 2pm - 8pm,,No,1,17535,17535,2055,,7,14:00:00,20:00:00,10000,3,95,74,NULL,0,20,0,3,2,1,NULL,NULL,95,NULL,NULL,NULL,NULL,NULL,NULL
Woop Tga Xmas,,No,1,17535,17535,"4052, 4053",,6,09:00:00,15:00:00,10000,3,120,264,Woop Christmas Schedule - Tauranga Deliveries,0,20,0,3,2,1,NULL,NULL,120,NULL,NULL,NULL,NULL,NULL,NULL
Woop Tga Xmas #2,Woop Tga Xmas,No,1,17534,17534,4260,,6,09:00:00,15:00:00,10000,3,120,100,Woop Christmas Schedule - Tauranga Deliveries,0,20,0,3,2,1,NULL,NULL,120,NULL,NULL,NULL,NULL,NULL,NULL
Woop Warkworth/Whangarei,,No,1,16867,16867,"5757, 5758",,"1, 5",07:00:00,12:00:00,10000,21,112,16,NULL,1,NULL,1,8,2,1,127,NULL,112,1,2,1,960,360,NULL
Woop Wellington  12pm - 6pm,,No,1,16867,16867,"4267, 12587, 12654",,"1, 4, 7",12:00:00,18:00:00,10000,16,95,12,NULL,0,21,1,8,2,1,142,NULL,95,1,2,1,1800,NULL,NULL
Woop Wellington 2pm - 8pm,,No,1,17534,17534,4189,,7,14:00:00,20:00:00,10000,16,95,74,NULL,0,21,0,16,2,1,NULL,NULL,95,NULL,NULL,NULL,NULL,NULL,NULL
Woop Wellington 2pm - 8pm 1,,No,1,17534,17534,2053,,7,14:00:00,20:00:00,10000,16,95,76,NULL,0,21,0,16,2,1,NULL,NULL,95,NULL,NULL,NULL,NULL,NULL,NULL
WOOP Wellington AH,,No,1,16867,16867,"4757, 10561, 10562",,"1, 5",10:00:00,17:00:00,10000,16,94,240,Afternoon Home Delivery in Wellington,NULL,26,1,8,2,1,127,NULL,94,1,2,1,1440,NULL,NULL
Woop Wellington Xmas,,No,1,17534,17534,4056,,6,09:00:00,15:00:00,10000,16,120,100,Woop Christmas Schedule - Wellington Deliveries,0,21,0,16,2,1,NULL,NULL,120,NULL,NULL,NULL,NULL,NULL,NULL
Woop WLG Monday AM/Public Holiday,,No,1,16867,16867,4608,,1,08:00:00,13:00:00,10000,16,95,70,Woop Wellington Public Holiday Schedule,0,21,1,8,2,1,142,NULL,95,1,2,1,1800,NULL,NULL
Woop WLG Tues,,No,1,17534,17534,624,,2,12:00:00,17:00:00,10000,16,95,2,NULL,0,NULL,NULL,16,NULL,NULL,NULL,NULL,95,NULL,NULL,NULL,NULL,NULL,NULL
Worco Waikato Outer > Auckland 4pm-6pm,,No,1,1088,1088,"12656, 12657, 12658, 12659, 12660",,"1, 2, 3, 4, 5",16:00:00,18:00:00,10000,8,145,4,NULL,1,NULL,1,4,1,1,127,90,145,0,3,NULL,NULL,NULL,NULL
Worco Whanganui > Akl Returns,,No,1,1088,1088,"9651, 9652, 9653, 9654, 9655",,"1, 2, 3, 4, 5",08:00:00,12:00:00,10000,8,160,68,Book by 12 pm for next day delivery,1,NULL,1,6,1,1,166,NULL,160,1,NULL,0,NULL,NULL,NULL
WorldFront 1-6pm - Waikato Same Day,,No,1,36919,36919,"10518, 10519, 10520, 10521, 10522",,"1, 2, 3, 4, 5",13:00:00,18:00:00,10000,4,112,4,This Does Not Include Collection,0,11,0,8,NULL,NULL,NULL,NULL,112,NULL,NULL,NULL,NULL,NULL,NULL
WorldFront 10am-5pm - Wellington Afternoons,,No,1,36919,36919,"10492, 10493, 10494, 10495, 10496",,"1, 2, 3, 4, 5",10:00:00,17:00:00,10000,16,94,22,This Does Not Include Collection,0,26,0,8,2,1,NULL,NULL,94,NULL,NULL,NULL,NULL,NULL,NULL
WorldFront 12-5pm - Auckland Afternoons,,No,1,36919,36919,"10481, 10482, 10483, 10484, 10485, 10486",,"1, 2, 3, 4, 5, 6",12:00:00,17:00:00,10000,8,94,2,This Does Not Include Collection,NULL,62,NULL,8,NULL,NULL,NULL,NULL,94,NULL,NULL,NULL,NULL,NULL,NULL
WorldFront 12-5pm - Napier Afternoons,,No,1,36919,36919,"10500, 10501, 10502",,"2, 3, 5",12:00:00,17:00:00,10000,10,94,24,This Does Not Include Collection,0,65,0,6,2,1,NULL,NULL,94,NULL,NULL,NULL,NULL,NULL,NULL
WorldFront 12-5pm - Palmy Afternoons,,No,1,36919,36919,"10497, 10498, 10499",,"2, 3, 5",12:00:00,17:00:00,10000,6,94,24,This Does Not Include Collection,0,66,0,8,2,1,NULL,NULL,94,NULL,NULL,NULL,NULL,NULL,NULL
WorldFront 1pm - 6pm - Same Day Bay of Plenty,,No,1,36919,36919,"10513, 10514, 10515, 10516, 10517",,"1, 2, 3, 4, 5",13:00:00,18:00:00,10000,3,112,4,This Does Not Include Collection,0,12,0,4,1,1,NULL,NULL,112,NULL,NULL,NULL,NULL,NULL,NULL
WorldFront 6-9pm - Evening Home Service,,No,1,36919,36919,"10487, 10488, 10489, 10490, 10491",,"1, 2, 3, 4, 5",18:00:00,21:00:00,10000,8,110,3,This Does Not Include Collection,NULL,62,NULL,8,NULL,NULL,NULL,NULL,110,NULL,NULL,NULL,NULL,NULL,NULL
WorldFront 7am-12pm - Bay of Plenty Overnight,,No,1,36919,36919,"10508, 10509, 10510, 10511, 10512",,"1, 2, 3, 4, 5",07:00:00,12:00:00,10000,3,112,16,This Does Not Include Collection,0,12,0,4,NULL,NULL,NULL,NULL,112,NULL,NULL,NULL,NULL,NULL,NULL
WorldFront 7am-12pm - Waikato Overnight,,No,1,36919,36919,"10503, 10504, 10505, 10506, 10507",,"1, 2, 3, 4, 5",07:00:00,12:00:00,10000,4,112,16,This Does Not Include Collection,0,11,0,8,NULL,NULL,NULL,NULL,112,NULL,NULL,NULL,NULL,NULL,NULL
WorldFront 7am-12pm - Whangarei Overnight,,No,1,36919,36919,"10523, 10524, 10525, 10526, 10527",,"1, 2, 3, 4, 5",07:00:00,12:00:00,10000,21,112,16,This Does Not Include Collection,1,NULL,0,21,NULL,NULL,NULL,NULL,112,NULL,NULL,NULL,NULL,NULL,NULL
WRE Regional Home Delivery 5am #2,WRE Regional Home Delivery 5am,No,1,17827,17827,"4630, 4631, 4632, 4633, 4634",,"1, 2, 3, 4, 5",07:00:00,12:00:00,10000,21,112,14,NULL,1,NULL,0,8,NULL,NULL,NULL,NULL,112,NULL,NULL,NULL,NULL,360,NULL
WRE Regional Home Delivery 5am #3,WRE Regional Home Delivery 5am,No,1,16298,16298,"9897, 9898, 9899, 9900, 9901",,"1, 2, 3, 4, 5",07:00:00,12:00:00,10000,21,112,64,NULL,1,NULL,0,21,NULL,NULL,NULL,NULL,112,NULL,NULL,NULL,NULL,NULL,NULL
WRE RHD (ex TGA),,No,1,33745,33745,"1570, 1571, 1572, 1573, 1574",,"1, 2, 3, 4, 5",05:00:00,17:00:00,10000,21,112,2,NULL,1,NULL,0,3,NULL,NULL,NULL,NULL,112,NULL,NULL,NULL,NULL,360,NULL
WRE XMAS HF,,No,1,17921,17921,"6443, 6444",,"1, 2",07:00:00,19:00:00,10000,21,121,2,,1,NULL,NULL,21,NULL,NULL,NULL,NULL,121,NULL,NULL,NULL,NULL,360,NULL
WRG > AKL Day Run,,No,15,"14582, 16947, 16513, 18188, 13713, 504, 9477, 14763, 18185, 13822, 13773, 35755, 169, 36672, 36739",14582,"3420, 3421, 3422, 3423, 3424","3465, 3466, 3467, 3468, 3469, 3510, 3511, 3512, 3513, 3514, 3555, 3556, 3557, 3558, 3559, 3600, 3601, 3602, 3603, 3604, 3690, 3691, 3692, 3693, 3694, 3780, 3781, 3782, 3783, 3784, 3825, 3826, 3827, 3828, 3829, 3870, 3871, 3872, 3873, 3874, 4867, 4868, 4869, 4870, 4871, 4942, 4943, 4944, 4945, 4946, 6373, 6374, 6375, 6376, 6377, 6978, 6979, 6980, 6981, 6982, 7134, 7135, 7136, 7137, 7138, 8680, 8681, 8682, 8683, 8684","1, 2, 3, 4, 5",13:00:00,15:00:00,10000,8,145,3,Sameday Medical Delivery to Auckland,1,NULL,1,21,NULL,NULL,127,57,145,1,4,NULL,NULL,NULL,NULL
WRG > AKL Day Run #2,WRG > AKL Day Run,No,2,"3191, 32946",3191,"2988, 2989, 2990, 2991, 2992","10154, 10155, 10156, 10157, 10158","1, 2, 3, 4, 5",13:00:00,15:00:00,10000,8,145,3,Sameday Medical Deliveries to Auckland,1,NULL,1,21,NULL,NULL,127,57,129,1,4,NULL,NULL,NULL,NULL
WRG > AKL Day Run #3,WRG > AKL Day Run,No,1,14927,14927,"3375, 3376, 3377, 3378, 3379",,"1, 2, 3, 4, 5",13:00:00,15:00:00,10000,8,145,3,Book by 10am | Sameday Medical Deliveries to Auckland,1,NULL,1,21,NULL,NULL,127,57,129,1,4,NULL,NULL,NULL,NULL
WRG > AKL Day Run #4,WRG > AKL Day Run,No,1,14578,14578,"3735, 3736, 3737, 3738, 3739",,"1, 2, 3, 4, 5",13:00:00,15:00:00,10000,8,145,3,Book by 10 am for Same-day Medical Delivery to Auckland,1,NULL,1,21,NULL,NULL,127,57,145,1,4,NULL,NULL,NULL,NULL
WRG > AKL Day Run #5,WRG > AKL Day Run,No,1,36266,36266,"12424, 12425, 12426, 12427, 12428",,"1, 2, 3, 4, 5",13:00:00,15:00:00,10000,8,145,3,Sameday Medical Deliveries to Auckland,1,NULL,0,21,NULL,NULL,127,57,129,1,4,NULL,NULL,NULL,NULL
WRG > AKL Regional Run #2,WRG > AKL Regional Run,No,1,36266,36266,"8420, 8421, 8422, 8423, 8424, 8425, 8426, 8427, 8428, 8429",,"1, 2, 3, 4, 5",12:00:00,15:00:00,10000,8,145,3,Sameday Regional Deliveries to Auckland,1,NULL,0,21,1,1,127,57,129,1,4,NULL,NULL,NULL,NULL
WRG > AKL Regional Run #3,WRG > AKL Regional Run,No,1,36813,36813,"8990, 8991, 8992, 8993, 8994",,"1, 2, 3, 4, 5",12:00:00,15:00:00,10000,8,145,0,Sameday Regional Deliveries to Auckland,1,NULL,1,21,1,1,127,57,129,1,4,NULL,NULL,NULL,NULL
WRG > TGA Regional Run,,No,1,36266,36266,"8430, 8431, 8432, 8433, 8434",,"1, 2, 3, 4, 5",09:00:00,12:00:00,10000,3,129,25,,1,12,1,21,1,1,127,57,129,1,4,NULL,NULL,NULL,NULL
Xmas - GOLBL Deli,,No,1,32876,32876,"1728, 1729",,"1, 2",13:00:00,20:00:00,10000,6,96,0,NULL,0,NULL,0,6,NULL,NULL,NULL,NULL,96,NULL,NULL,NULL,NULL,NULL,NULL
Xmas Farro Auckland,,No,1,36350,36350,"6191, 11446, 11456",,"1, 2, 7",12:00:00,17:00:00,10000,8,120,0,Christmas Deliveries in Auckland,0,14,0,8,NULL,NULL,NULL,NULL,120,NULL,NULL,0,NULL,NULL,NULL
Xmas Farro Christchurch,,No,1,36350,36350,6192,,1,08:00:00,14:00:00,10000,20,120,24,Christmas Deliveries in Christhcurch,0,18,0,8,NULL,NULL,NULL,NULL,120,NULL,NULL,0,NULL,NULL,NULL
Xmas Farro Dunedin,,No,1,36350,36350,6193,,1,08:00:00,14:00:00,10000,17,120,24,Christmas Deliveries in Dunedin,0,24,0,8,NULL,NULL,NULL,NULL,120,NULL,NULL,0,NULL,NULL,NULL
Xmas Farro Hamilton,,No,1,36350,36350,"6195, 11447",,"1, 2",08:00:00,14:00:00,10000,4,120,24,Christmas Deliveries in Hamilton,0,11,0,8,NULL,NULL,NULL,NULL,120,NULL,NULL,0,NULL,NULL,NULL
Xmas Farro Napier,,No,1,36350,36350,"6197, 11448",,"1, 2",08:00:00,14:00:00,10000,10,120,24,Christmas Deliveries in Napier,0,23,0,8,NULL,NULL,NULL,NULL,120,NULL,NULL,0,NULL,NULL,NULL
Xmas Farro Palmy,,No,1,36350,36350,"6198, 6199, 11449",,"1, 2, 7",08:00:00,14:00:00,10000,6,120,24,Christmas Deliveries in Palmerston North,0,22,0,8,NULL,NULL,NULL,NULL,120,NULL,NULL,0,NULL,NULL,NULL
Xmas Farro Taupo,,No,1,36350,36350,"6392, 6393, 6394",,"1, 3, 5",07:00:00,12:00:00,10000,4,120,16,Christmas Deliveries in Taupo,0,11,0,8,NULL,NULL,NULL,NULL,120,NULL,NULL,NULL,NULL,NULL,NULL
Xmas Farro Tauranga,,No,1,36350,36350,"6200, 6201, 11450",,"1, 2, 7",08:00:00,14:00:00,10000,3,120,24,Christmas Deliveries in Tauranga,0,20,0,8,NULL,NULL,NULL,NULL,120,NULL,NULL,0,NULL,NULL,NULL
Xmas Farro Waiheke,,No,1,36350,36350,11453,,1,10:00:00,17:00:00,10000,8,96,24,Christmas Deliveries in Waiheke,0,62,0,8,NULL,NULL,NULL,NULL,96,NULL,NULL,NULL,NULL,NULL,NULL
Xmas Farro Wellington,,No,1,36350,36350,"6202, 6203, 11451",,"1, 2, 7",08:00:00,14:00:00,10000,16,120,24,Christmas Deliveries in Wellington,0,21,0,8,NULL,NULL,NULL,NULL,120,NULL,NULL,0,NULL,NULL,NULL
Xmas Farro Whangarei,,No,1,36350,36350,"6222, 11452",,"1, 2",08:00:00,14:00:00,10000,21,120,24,Christmas Deliveries in Whangarei,1,NULL,0,8,NULL,NULL,NULL,NULL,120,NULL,NULL,NULL,NULL,360,NULL
Xmas WOOP Auckland,,No,1,16867,16867,"11457, 11458, 11459",,"1, 2, 7",08:00:00,14:00:00,10000,8,120,24,Christmas Deliveries in Auckland,0,14,1,8,NULL,NULL,142,NULL,120,NULL,NULL,0,NULL,NULL,NULL
Xmas WOOP Christchurch,,No,1,16867,16867,"11460, 11506",,"1, 2",08:00:00,14:00:00,10000,20,120,24,Christmas Deliveries in Christhcurch,0,18,0,8,NULL,NULL,NULL,NULL,120,NULL,NULL,0,NULL,NULL,NULL
Xmas Woop Hamilton,,No,1,16867,16867,"11495, 11497",,"2, 7",08:00:00,14:00:00,10000,4,120,72,NULL,0,19,1,8,2,1,142,NULL,120,1,NULL,1,1800,NULL,NULL
Xmas Woop Mon/Tue Waiheke,,No,1,16867,16867,"11617, 11618",,"1, 2",10:00:00,17:00:00,10000,8,120,24,NULL,NULL,14,1,8,2,1,142,NULL,120,1,NULL,1,1800,NULL,NULL
Xmas Woop Napier,,No,1,16867,16867,"11501, 11510, 11686",,"2, 3, 7",08:00:00,14:00:00,10000,10,120,72,NULL,0,23,0,8,2,1,142,NULL,120,1,2,0,1800,NULL,NULL
Xmas Woop Palmy,,No,1,16867,16867,"11502, 11505",,"2, 7",08:00:00,14:00:00,10000,6,120,999,NULL,0,22,1,8,2,1,142,NULL,120,1,2,1,1800,NULL,NULL
Xmas Woop Tauranga,,No,1,16867,16867,"11498, 11500",,"2, 7",08:00:00,14:00:00,10000,3,120,999,NULL,0,20,1,8,2,1,142,NULL,120,1,2,1,1800,NULL,NULL
Xmas Woop Warkworth/Whangarei,,No,1,16867,16867,11509,,2,08:00:00,14:00:00,10000,21,120,24,NULL,1,NULL,1,8,2,1,127,NULL,120,1,2,1,960,NULL,NULL
Xmas Woop Wellington,,No,1,16867,16867,"11503, 11504",,"2, 7",08:00:00,14:00:00,10000,16,120,998,NULL,0,21,1,8,2,1,142,NULL,120,1,2,1,1800,NULL,NULL
XmasAKL,,No,1,32871,32871,427,,4,12:00:00,17:00:00,10000,8,94,24,NULL,0,NULL,NULL,8,NULL,NULL,NULL,NULL,94,NULL,NULL,NULL,NULL,NULL,NULL
XmasCHCH,,No,1,32871,32871,431,,4,14:00:00,20:00:00,10000,20,120,24,NULL,0,NULL,NULL,20,NULL,NULL,NULL,NULL,120,NULL,NULL,NULL,NULL,NULL,NULL
XmasHam,,No,1,32871,32871,428,,4,14:00:00,20:00:00,10000,4,120,24,NULL,0,NULL,NULL,4,NULL,NULL,NULL,NULL,120,NULL,NULL,NULL,NULL,NULL,NULL
XmasTga,,No,1,32871,32871,429,,4,14:00:00,20:00:00,10000,3,120,24,NULL,0,NULL,NULL,3,NULL,NULL,NULL,NULL,120,NULL,NULL,NULL,NULL,NULL,NULL
XmasWLG,,No,1,32871,32871,430,,4,14:00:00,20:00:00,10000,16,120,24,NULL,0,NULL,NULL,16,NULL,NULL,NULL,NULL,120,NULL,NULL,NULL,NULL,NULL,NULL
"Z1, Z2, Z3 FDCHN",,No,1,32827,32827,"357, 358, 359, 360, 361, 362",,"1, 2, 3, 4, 5, 6",12:00:00,17:00:00,10000,8,94,3,NULL,NULL,NULL,NULL,8,NULL,NULL,NULL,NULL,94,NULL,NULL,NULL,NULL,NULL,NULL
ZB CHCH > Akl Returns,,No,1,14927,14927,"8224, 8225, 8226, 8227, 8228",,"1, 2, 3, 4, 5",08:30:00,12:00:00,10000,33,160,16,Book by 4:30 pm - Next Business Day Delivery,1,NULL,1,34,1,1,166,NULL,160,1,NULL,0,NULL,NULL,NULL
ZB Gisborne > Akl Returns,,No,1,14927,14927,"8415, 8416, 8417, 8418, 8419",,"1, 2, 3, 4, 5",08:00:00,12:00:00,10000,44,160,18,Book by 2 pm for next day delivery,1,NULL,1,22,1,1,166,NULL,160,1,NULL,0,NULL,NULL,NULL
ZB Masterton > Akl Returns,,No,1,14927,14927,"12980, 12981, 12982, 12983, 12984",,"1, 2, 3, 4, 5",08:30:00,12:00:00,10000,35,160,19,Book by 1:30pm for next business day delivery,1,NULL,1,38,1,1,166,NULL,160,1,NULL,0,NULL,NULL,NULL
ZB Napier > Akl Returns,,No,1,14927,14927,"8229, 8230, 8231, 8232, 8233",,"1, 2, 3, 4, 5",08:30:00,12:00:00,10000,35,160,19,Book by 1:30pm for next business day delivery,1,NULL,1,42,1,1,166,NULL,160,1,NULL,0,NULL,NULL,NULL
ZB New Plymouth > Akl Returns,,No,1,14927,14927,"13650, 13651, 13652, 13653, 13654",,"1, 2, 3, 4, 5",08:30:00,12:00:00,10000,35,160,67,Book by 1:30pm for next business day delivery,1,NULL,1,41,1,1,166,NULL,160,1,NULL,0,NULL,NULL,NULL
ZB PN > Akl Returns,,No,1,14927,14927,"8234, 8235, 8236, 8237, 8238",,"1, 2, 3, 4, 5",08:00:00,12:00:00,10000,8,160,20,Book by 12 pm for next day delivery,1,NULL,1,6,1,1,166,66,160,1,NULL,0,NULL,NULL,NULL
ZB Wellington > Akl Returns,,No,1,14927,14927,"13077, 13078, 13079, 13080, 13081",,"1, 2, 3, 4, 5",08:00:00,12:00:00,10000,35,160,18,Book by 2pm for next business day delivery,1,NULL,1,16,1,1,166,26,160,NULL,NULL,0,NULL,NULL,NULL
ZB Whanganui > Akl Returns,,No,1,14927,14927,"9667, 9668, 9669, 9670, 9671",,"1, 2, 3, 4, 5",08:00:00,12:00:00,10000,8,160,68,Book by 12 pm for next business day delivery,1,NULL,1,6,1,1,166,NULL,160,1,NULL,0,NULL,NULL,NULL
ZIM CHCH > Akl Returns,,No,1,32929,32929,"7957, 7958, 7959, 7960, 7961",,"1, 2, 3, 4, 5",08:00:00,12:00:00,10000,8,160,69,Book by 11 am - 2 Business Day Delivery,1,NULL,1,20,1,1,166,67,160,1,NULL,0,NULL,NULL,NULL
ZIM Napier > Akl Returns,,No,1,32929,32929,"8057, 8058, 8059, 8060, 8061",,"1, 2, 3, 4, 5",08:00:00,12:00:00,10000,8,160,70,NULL,1,NULL,1,10,1,1,166,NULL,160,1,NULL,0,NULL,NULL,NULL
ZIM PN > Akl Returns,,No,1,32929,32929,"7962, 7963, 7964, 7965, 7966",,"1, 2, 3, 4, 5",08:00:00,12:00:00,10000,8,160,18,NULL,1,NULL,1,6,1,1,166,NULL,160,1,NULL,0,NULL,NULL,NULL
ZIM Wellington > Akl Returns,,No,1,32929,32929,"8106, 8107, 8108, 8109, 8110",,"1, 2, 3, 4, 5",08:00:00,12:00:00,10000,8,160,70,NULL,1,NULL,1,16,1,1,166,NULL,160,1,NULL,0,NULL,NULL,NULL
ZQN XMAS HF,,No,1,17921,17921,"6445, 6446",,"1, 2",07:00:00,19:00:00,10000,23,121,2,,0,NULL,NULL,23,NULL,NULL,NULL,NULL,121,NULL,NULL,NULL,NULL,NULL,NULL
