RetiredBulkRunScheduleId,RetiredClientId,ScheduleName,SurvivorLegacyClientId,SurvivorRowId
8625,14763,AKL > CHCH Pre 10am Medical,16513,8610
8626,14763,AKL > CHCH Pre 10am Medical,16513,8610
8627,14763,AKL > CHCH Pre 10am Medical,16513,8610
8628,14763,AKL > CHCH Pre 10am Medical,16513,8610
8629,14763,AKL > CHCH Pre 10am Medical,16513,8610
8895,169,AKL > CHCH Pre 10am Medical,16513,8610
8896,169,AKL > CHCH Pre 10am Medical,16513,8610
8897,169,AKL > CHCH Pre 10am Medical,16513,8610
8898,169,AKL > CHCH Pre 10am Medical,16513,8610
8899,169,AKL > CHCH Pre 10am Medical,16513,8610
9233,18185,AKL > CHCH Pre 10am Medical,16513,8610
9234,18185,AKL > CHCH Pre 10am Medical,16513,8610
9235,18185,AKL > CHCH Pre 10am Medical,16513,8610
9236,18185,AKL > CHCH Pre 10am Medical,16513,8610
9237,18185,AKL > CHCH Pre 10am Medical,16513,8610
9333,14578,AKL > CHCH Pre 10am Medical,16513,8610
9334,14578,AKL > CHCH Pre 10am Medical,16513,8610
9335,14578,AKL > CHCH Pre 10am Medical,16513,8610
9336,14578,AKL > CHCH Pre 10am Medical,16513,8610
9337,14578,AKL > CHCH Pre 10am Medical,16513,8610
9722,16947,AKL > CHCH Pre 10am Medical,16513,8610
9723,16947,AKL > CHCH Pre 10am Medical,16513,8610
9724,16947,AKL > CHCH Pre 10am Medical,16513,8610
9725,16947,AKL > CHCH Pre 10am Medical,16513,8610
9726,16947,AKL > CHCH Pre 10am Medical,16513,8610
10224,32946,AKL > CHCH Pre 10am Medical,16513,8610
10225,32946,AKL > CHCH Pre 10am Medical,16513,8610
10226,32946,AKL > CHCH Pre 10am Medical,16513,8610
10227,32946,AKL > CHCH Pre 10am Medical,16513,8610
10228,32946,AKL > CHCH Pre 10am Medical,16513,8610
10618,9477,AKL > CHCH Pre 10am Medical,16513,8610
10619,9477,AKL > CHCH Pre 10am Medical,16513,8610
10620,9477,AKL > CHCH Pre 10am Medical,16513,8610
10621,9477,AKL > CHCH Pre 10am Medical,16513,8610
10622,9477,AKL > CHCH Pre 10am Medical,16513,8610
10738,35755,AKL > CHCH Pre 10am Medical,16513,8610
10739,35755,AKL > CHCH Pre 10am Medical,16513,8610
10740,35755,AKL > CHCH Pre 10am Medical,16513,8610
10741,35755,AKL > CHCH Pre 10am Medical,16513,8610
10742,35755,AKL > CHCH Pre 10am Medical,16513,8610
10859,18188,AKL > CHCH Pre 10am Medical,16513,8610
10860,18188,AKL > CHCH Pre 10am Medical,16513,8610
10861,18188,AKL > CHCH Pre 10am Medical,16513,8610
10862,18188,AKL > CHCH Pre 10am Medical,16513,8610
10863,18188,AKL > CHCH Pre 10am Medical,16513,8610
10964,36739,AKL > CHCH Pre 10am Medical,16513,8610
10965,36739,AKL > CHCH Pre 10am Medical,16513,8610
10966,36739,AKL > CHCH Pre 10am Medical,16513,8610
10967,36739,AKL > CHCH Pre 10am Medical,16513,8610
10968,36739,AKL > CHCH Pre 10am Medical,16513,8610
8620,14763,AKL > CHCH Pre 8am Medical,16513,8605
8621,14763,AKL > CHCH Pre 8am Medical,16513,8605
8622,14763,AKL > CHCH Pre 8am Medical,16513,8605
8623,14763,AKL > CHCH Pre 8am Medical,16513,8605
8624,14763,AKL > CHCH Pre 8am Medical,16513,8605
8900,169,AKL > CHCH Pre 8am Medical,16513,8605
8901,169,AKL > CHCH Pre 8am Medical,16513,8605
8902,169,AKL > CHCH Pre 8am Medical,16513,8605
8903,169,AKL > CHCH Pre 8am Medical,16513,8605
8904,169,AKL > CHCH Pre 8am Medical,16513,8605
9228,18185,AKL > CHCH Pre 8am Medical,16513,8605
9229,18185,AKL > CHCH Pre 8am Medical,16513,8605
9230,18185,AKL > CHCH Pre 8am Medical,16513,8605
9231,18185,AKL > CHCH Pre 8am Medical,16513,8605
9232,18185,AKL > CHCH Pre 8am Medical,16513,8605
9677,13713,AKL > CHCH Pre 8am Medical,16513,8605
9678,13713,AKL > CHCH Pre 8am Medical,16513,8605
9679,13713,AKL > CHCH Pre 8am Medical,16513,8605
9680,13713,AKL > CHCH Pre 8am Medical,16513,8605
9681,13713,AKL > CHCH Pre 8am Medical,16513,8605
9717,16947,AKL > CHCH Pre 8am Medical,16513,8605
9718,16947,AKL > CHCH Pre 8am Medical,16513,8605
9719,16947,AKL > CHCH Pre 8am Medical,16513,8605
9720,16947,AKL > CHCH Pre 8am Medical,16513,8605
9721,16947,AKL > CHCH Pre 8am Medical,16513,8605
10199,32946,AKL > CHCH Pre 8am Medical,16513,8605
10200,32946,AKL > CHCH Pre 8am Medical,16513,8605
10201,32946,AKL > CHCH Pre 8am Medical,16513,8605
10202,32946,AKL > CHCH Pre 8am Medical,16513,8605
10203,32946,AKL > CHCH Pre 8am Medical,16513,8605
10613,9477,AKL > CHCH Pre 8am Medical,16513,8605
10614,9477,AKL > CHCH Pre 8am Medical,16513,8605
10615,9477,AKL > CHCH Pre 8am Medical,16513,8605
10616,9477,AKL > CHCH Pre 8am Medical,16513,8605
10617,9477,AKL > CHCH Pre 8am Medical,16513,8605
10733,35755,AKL > CHCH Pre 8am Medical,16513,8605
10734,35755,AKL > CHCH Pre 8am Medical,16513,8605
10735,35755,AKL > CHCH Pre 8am Medical,16513,8605
10736,35755,AKL > CHCH Pre 8am Medical,16513,8605
10737,35755,AKL > CHCH Pre 8am Medical,16513,8605
10854,18188,AKL > CHCH Pre 8am Medical,16513,8605
10855,18188,AKL > CHCH Pre 8am Medical,16513,8605
10856,18188,AKL > CHCH Pre 8am Medical,16513,8605
10857,18188,AKL > CHCH Pre 8am Medical,16513,8605
10858,18188,AKL > CHCH Pre 8am Medical,16513,8605
10959,36739,AKL > CHCH Pre 8am Medical,16513,8605
10960,36739,AKL > CHCH Pre 8am Medical,16513,8605
10961,36739,AKL > CHCH Pre 8am Medical,16513,8605
10962,36739,AKL > CHCH Pre 8am Medical,16513,8605
10963,36739,AKL > CHCH Pre 8am Medical,16513,8605
9434,169,AKL > Gisborne pre 10am,18185,9238
9435,169,AKL > Gisborne pre 10am,18185,9238
9436,169,AKL > Gisborne pre 10am,18185,9238
9437,169,AKL > Gisborne pre 10am,18185,9238
9438,169,AKL > Gisborne pre 10am,18185,9238
9727,16947,AKL > Gisborne pre 10am,18185,9238
9728,16947,AKL > Gisborne pre 10am,18185,9238
9729,16947,AKL > Gisborne pre 10am,18185,9238
9730,16947,AKL > Gisborne pre 10am,18185,9238
9731,16947,AKL > Gisborne pre 10am,18185,9238
10229,32946,AKL > Gisborne pre 10am,18185,9238
10230,32946,AKL > Gisborne pre 10am,18185,9238
10231,32946,AKL > Gisborne pre 10am,18185,9238
10232,32946,AKL > Gisborne pre 10am,18185,9238
10233,32946,AKL > Gisborne pre 10am,18185,9238
10623,9477,AKL > Gisborne pre 10am,18185,9238
10624,9477,AKL > Gisborne pre 10am,18185,9238
10625,9477,AKL > Gisborne pre 10am,18185,9238
10626,9477,AKL > Gisborne pre 10am,18185,9238
10627,9477,AKL > Gisborne pre 10am,18185,9238
10743,35755,AKL > Gisborne pre 10am,18185,9238
10744,35755,AKL > Gisborne pre 10am,18185,9238
10745,35755,AKL > Gisborne pre 10am,18185,9238
10746,35755,AKL > Gisborne pre 10am,18185,9238
10747,35755,AKL > Gisborne pre 10am,18185,9238
10969,36739,AKL > Gisborne pre 10am,18185,9238
10970,36739,AKL > Gisborne pre 10am,18185,9238
10971,36739,AKL > Gisborne pre 10am,18185,9238
10972,36739,AKL > Gisborne pre 10am,18185,9238
10973,36739,AKL > Gisborne pre 10am,18185,9238
11074,14582,AKL > Gisborne pre 10am,18185,9238
11075,14582,AKL > Gisborne pre 10am,18185,9238
11076,14582,AKL > Gisborne pre 10am,18185,9238
11077,14582,AKL > Gisborne pre 10am,18185,9238
11078,14582,AKL > Gisborne pre 10am,18185,9238
11254,13713,AKL > Gisborne pre 10am,18185,9238
11255,13713,AKL > Gisborne pre 10am,18185,9238
11256,13713,AKL > Gisborne pre 10am,18185,9238
11257,13713,AKL > Gisborne pre 10am,18185,9238
11258,13713,AKL > Gisborne pre 10am,18185,9238
9115,16513,AKL > Gisborne pre 10am,14763,9045
9116,16513,AKL > Gisborne pre 10am,14763,9045
9117,16513,AKL > Gisborne pre 10am,14763,9045
9118,16513,AKL > Gisborne pre 10am,14763,9045
9119,16513,AKL > Gisborne pre 10am,14763,9045
9439,169,AKL > Gisborne pre 8am,18185,9243
9440,169,AKL > Gisborne pre 8am,18185,9243
9441,169,AKL > Gisborne pre 8am,18185,9243
9442,169,AKL > Gisborne pre 8am,18185,9243
9443,169,AKL > Gisborne pre 8am,18185,9243
9732,16947,AKL > Gisborne pre 8am,18185,9243
9733,16947,AKL > Gisborne pre 8am,18185,9243
9734,16947,AKL > Gisborne pre 8am,18185,9243
9735,16947,AKL > Gisborne pre 8am,18185,9243
9736,16947,AKL > Gisborne pre 8am,18185,9243
10234,32946,AKL > Gisborne pre 8am,18185,9243
10235,32946,AKL > Gisborne pre 8am,18185,9243
10236,32946,AKL > Gisborne pre 8am,18185,9243
10237,32946,AKL > Gisborne pre 8am,18185,9243
10238,32946,AKL > Gisborne pre 8am,18185,9243
10628,9477,AKL > Gisborne pre 8am,18185,9243
10629,9477,AKL > Gisborne pre 8am,18185,9243
10630,9477,AKL > Gisborne pre 8am,18185,9243
10631,9477,AKL > Gisborne pre 8am,18185,9243
10632,9477,AKL > Gisborne pre 8am,18185,9243
10974,36739,AKL > Gisborne pre 8am,18185,9243
10975,36739,AKL > Gisborne pre 8am,18185,9243
10976,36739,AKL > Gisborne pre 8am,18185,9243
10977,36739,AKL > Gisborne pre 8am,18185,9243
10978,36739,AKL > Gisborne pre 8am,18185,9243
11079,14582,AKL > Gisborne pre 8am,18185,9243
11080,14582,AKL > Gisborne pre 8am,18185,9243
11081,14582,AKL > Gisborne pre 8am,18185,9243
11082,14582,AKL > Gisborne pre 8am,18185,9243
11083,14582,AKL > Gisborne pre 8am,18185,9243
11259,13713,AKL > Gisborne pre 8am,18185,9243
11260,13713,AKL > Gisborne pre 8am,18185,9243
11261,13713,AKL > Gisborne pre 8am,18185,9243
11262,13713,AKL > Gisborne pre 8am,18185,9243
11263,13713,AKL > Gisborne pre 8am,18185,9243
9120,16513,AKL > Gisborne pre 8am,14763,9050
9121,16513,AKL > Gisborne pre 8am,14763,9050
9122,16513,AKL > Gisborne pre 8am,14763,9050
9123,16513,AKL > Gisborne pre 8am,14763,9050
9124,16513,AKL > Gisborne pre 8am,14763,9050
2586,16947,AKL > HLZ Afternoon Medical Run,9477,2511
2587,16947,AKL > HLZ Afternoon Medical Run,9477,2511
2588,16947,AKL > HLZ Afternoon Medical Run,9477,2511
2589,16947,AKL > HLZ Afternoon Medical Run,9477,2511
2590,16947,AKL > HLZ Afternoon Medical Run,9477,2511
2696,13713,AKL > HLZ Afternoon Medical Run,9477,2511
2697,13713,AKL > HLZ Afternoon Medical Run,9477,2511
2698,13713,AKL > HLZ Afternoon Medical Run,9477,2511
2699,13713,AKL > HLZ Afternoon Medical Run,9477,2511
2700,13713,AKL > HLZ Afternoon Medical Run,9477,2511
2801,14578,AKL > HLZ Afternoon Medical Run,9477,2511
2802,14578,AKL > HLZ Afternoon Medical Run,9477,2511
2803,14578,AKL > HLZ Afternoon Medical Run,9477,2511
2804,14578,AKL > HLZ Afternoon Medical Run,9477,2511
2805,14578,AKL > HLZ Afternoon Medical Run,9477,2511
7144,36672,AKL > HLZ Afternoon Medical Run 10am Cutoff,169,6988
7145,36672,AKL > HLZ Afternoon Medical Run 10am Cutoff,169,6988
7146,36672,AKL > HLZ Afternoon Medical Run 10am Cutoff,169,6988
7147,36672,AKL > HLZ Afternoon Medical Run 10am Cutoff,169,6988
7148,36672,AKL > HLZ Afternoon Medical Run 10am Cutoff,169,6988
7139,36672,AKL > HLZ Afternoon Medical Run 9:30am Cutoff,169,6983
7140,36672,AKL > HLZ Afternoon Medical Run 9:30am Cutoff,169,6983
7141,36672,AKL > HLZ Afternoon Medical Run 9:30am Cutoff,169,6983
7142,36672,AKL > HLZ Afternoon Medical Run 9:30am Cutoff,169,6983
7143,36672,AKL > HLZ Afternoon Medical Run 9:30am Cutoff,169,6983
2766,504,AKL > HLZ Afternoon Medical Run*12:30:00-17:00:00,33103,2731
2767,504,AKL > HLZ Afternoon Medical Run*12:30:00-17:00:00,33103,2731
2768,504,AKL > HLZ Afternoon Medical Run*12:30:00-17:00:00,33103,2731
2769,504,AKL > HLZ Afternoon Medical Run*12:30:00-17:00:00,33103,2731
2770,504,AKL > HLZ Afternoon Medical Run*12:30:00-17:00:00,33103,2731
4787,13822,AKL > HLZ Afternoon Medical Run*12:30:00-17:00:00,33103,2731
4788,13822,AKL > HLZ Afternoon Medical Run*12:30:00-17:00:00,33103,2731
4789,13822,AKL > HLZ Afternoon Medical Run*12:30:00-17:00:00,33103,2731
4790,13822,AKL > HLZ Afternoon Medical Run*12:30:00-17:00:00,33103,2731
4791,13822,AKL > HLZ Afternoon Medical Run*12:30:00-17:00:00,33103,2731
3225,18185,AKL > HLZ Afternoon Medical Run*12:30:00-17:00:00,14763,2471
3226,18185,AKL > HLZ Afternoon Medical Run*12:30:00-17:00:00,14763,2471
3227,18185,AKL > HLZ Afternoon Medical Run*12:30:00-17:00:00,14763,2471
3228,18185,AKL > HLZ Afternoon Medical Run*12:30:00-17:00:00,14763,2471
3229,18185,AKL > HLZ Afternoon Medical Run*12:30:00-17:00:00,14763,2471
8685,36739,AKL > HLZ Afternoon Medical Run*12:30:00-17:00:00,18188,2661
8686,36739,AKL > HLZ Afternoon Medical Run*12:30:00-17:00:00,18188,2661
8687,36739,AKL > HLZ Afternoon Medical Run*12:30:00-17:00:00,18188,2661
8688,36739,AKL > HLZ Afternoon Medical Run*12:30:00-17:00:00,18188,2661
8689,36739,AKL > HLZ Afternoon Medical Run*12:30:00-17:00:00,18188,2661
2591,16947,AKL > HLZ Pre 8am Medical Run,9477,2516
2592,16947,AKL > HLZ Pre 8am Medical Run,9477,2516
2593,16947,AKL > HLZ Pre 8am Medical Run,9477,2516
2594,16947,AKL > HLZ Pre 8am Medical Run,9477,2516
2595,16947,AKL > HLZ Pre 8am Medical Run,9477,2516
2666,18188,AKL > HLZ Pre 8am Medical Run,9477,2516
2667,18188,AKL > HLZ Pre 8am Medical Run,9477,2516
2668,18188,AKL > HLZ Pre 8am Medical Run,9477,2516
2669,18188,AKL > HLZ Pre 8am Medical Run,9477,2516
2670,18188,AKL > HLZ Pre 8am Medical Run,9477,2516
2868,17122,AKL > HLZ Pre 8am Medical Run,9477,2516
2869,17122,AKL > HLZ Pre 8am Medical Run,9477,2516
2870,17122,AKL > HLZ Pre 8am Medical Run,9477,2516
2871,17122,AKL > HLZ Pre 8am Medical Run,9477,2516
2872,17122,AKL > HLZ Pre 8am Medical Run,9477,2516
8690,36739,AKL > HLZ Pre 8am Medical Run,9477,2516
8691,36739,AKL > HLZ Pre 8am Medical Run,9477,2516
8692,36739,AKL > HLZ Pre 8am Medical Run,9477,2516
8693,36739,AKL > HLZ Pre 8am Medical Run,9477,2516
8694,36739,AKL > HLZ Pre 8am Medical Run,9477,2516
12630,32946,AKL > HLZ Pre 8am Medical Run,9477,2516
12631,32946,AKL > HLZ Pre 8am Medical Run,9477,2516
12632,32946,AKL > HLZ Pre 8am Medical Run,9477,2516
12633,32946,AKL > HLZ Pre 8am Medical Run,9477,2516
12634,32946,AKL > HLZ Pre 8am Medical Run,9477,2516
2806,14578,AKL > HLZ Pre 8am Medical Run,16513,2631
2807,14578,AKL > HLZ Pre 8am Medical Run,16513,2631
2808,14578,AKL > HLZ Pre 8am Medical Run,16513,2631
2809,14578,AKL > HLZ Pre 8am Medical Run,16513,2631
2810,14578,AKL > HLZ Pre 8am Medical Run,16513,2631
6303,35755,AKL > HLZ Pre 8am Medical Run,16513,2631
6304,35755,AKL > HLZ Pre 8am Medical Run,16513,2631
6305,35755,AKL > HLZ Pre 8am Medical Run,16513,2631
6306,35755,AKL > HLZ Pre 8am Medical Run,16513,2631
6307,35755,AKL > HLZ Pre 8am Medical Run,16513,2631
6993,169,AKL > HLZ Pre 8am Medical Run,16513,2631
6994,169,AKL > HLZ Pre 8am Medical Run,16513,2631
6995,169,AKL > HLZ Pre 8am Medical Run,16513,2631
6996,169,AKL > HLZ Pre 8am Medical Run,16513,2631
6997,169,AKL > HLZ Pre 8am Medical Run,16513,2631
2771,504,AKL > HLZ Pre 8am Medical Run,33103,2736
2772,504,AKL > HLZ Pre 8am Medical Run,33103,2736
2773,504,AKL > HLZ Pre 8am Medical Run,33103,2736
2774,504,AKL > HLZ Pre 8am Medical Run,33103,2736
2775,504,AKL > HLZ Pre 8am Medical Run,33103,2736
4792,13822,AKL > HLZ Pre 8am Medical Run,33103,2736
4793,13822,AKL > HLZ Pre 8am Medical Run,33103,2736
4794,13822,AKL > HLZ Pre 8am Medical Run,33103,2736
4795,13822,AKL > HLZ Pre 8am Medical Run,33103,2736
4796,13822,AKL > HLZ Pre 8am Medical Run,33103,2736
3230,18185,AKL > HLZ Pre 8am Medical Run,13713,2701
3231,18185,AKL > HLZ Pre 8am Medical Run,13713,2701
3232,18185,AKL > HLZ Pre 8am Medical Run,13713,2701
3233,18185,AKL > HLZ Pre 8am Medical Run,13713,2701
3234,18185,AKL > HLZ Pre 8am Medical Run,13713,2701
10753,35755,AKL > Masterton,9477,10633
10754,35755,AKL > Masterton,9477,10633
10755,35755,AKL > Masterton,9477,10633
10756,35755,AKL > Masterton,9477,10633
10757,35755,AKL > Masterton,9477,10633
10874,18188,AKL > Masterton,9477,10633
10875,18188,AKL > Masterton,9477,10633
10876,18188,AKL > Masterton,9477,10633
10877,18188,AKL > Masterton,9477,10633
10878,18188,AKL > Masterton,9477,10633
10979,36739,AKL > Masterton,9477,10633
10980,36739,AKL > Masterton,9477,10633
10981,36739,AKL > Masterton,9477,10633
10982,36739,AKL > Masterton,9477,10633
10983,36739,AKL > Masterton,9477,10633
11084,14582,AKL > Masterton,9477,10633
11085,14582,AKL > Masterton,9477,10633
11086,14582,AKL > Masterton,9477,10633
11087,14582,AKL > Masterton,9477,10633
11088,14582,AKL > Masterton,9477,10633
9914,14927,AKL > Masterton,13713,8740
9915,14927,AKL > Masterton,13713,8740
9916,14927,AKL > Masterton,13713,8740
9917,14927,AKL > Masterton,13713,8740
9918,14927,AKL > Masterton,13713,8740
9353,14578,AKL > Napier pre 10am,18185,9253
9354,14578,AKL > Napier pre 10am,18185,9253
9355,14578,AKL > Napier pre 10am,18185,9253
9356,14578,AKL > Napier pre 10am,18185,9253
9357,14578,AKL > Napier pre 10am,18185,9253
9449,169,AKL > Napier pre 10am,18185,9253
9450,169,AKL > Napier pre 10am,18185,9253
9451,169,AKL > Napier pre 10am,18185,9253
9452,169,AKL > Napier pre 10am,18185,9253
9453,169,AKL > Napier pre 10am,18185,9253
9742,16947,AKL > Napier pre 10am,18185,9253
9743,16947,AKL > Napier pre 10am,18185,9253
9744,16947,AKL > Napier pre 10am,18185,9253
9745,16947,AKL > Napier pre 10am,18185,9253
9746,16947,AKL > Napier pre 10am,18185,9253
10184,32946,AKL > Napier pre 10am,18185,9253
10185,32946,AKL > Napier pre 10am,18185,9253
10186,32946,AKL > Napier pre 10am,18185,9253
10187,32946,AKL > Napier pre 10am,18185,9253
10188,32946,AKL > Napier pre 10am,18185,9253
10643,9477,AKL > Napier pre 10am,18185,9253
10644,9477,AKL > Napier pre 10am,18185,9253
10645,9477,AKL > Napier pre 10am,18185,9253
10646,9477,AKL > Napier pre 10am,18185,9253
10647,9477,AKL > Napier pre 10am,18185,9253
10763,35755,AKL > Napier pre 10am,18185,9253
10764,35755,AKL > Napier pre 10am,18185,9253
10765,35755,AKL > Napier pre 10am,18185,9253
10766,35755,AKL > Napier pre 10am,18185,9253
10767,35755,AKL > Napier pre 10am,18185,9253
10884,18188,AKL > Napier pre 10am,18185,9253
10885,18188,AKL > Napier pre 10am,18185,9253
10886,18188,AKL > Napier pre 10am,18185,9253
10887,18188,AKL > Napier pre 10am,18185,9253
10888,18188,AKL > Napier pre 10am,18185,9253
11094,14582,AKL > Napier pre 10am,18185,9253
11095,14582,AKL > Napier pre 10am,18185,9253
11096,14582,AKL > Napier pre 10am,18185,9253
11097,14582,AKL > Napier pre 10am,18185,9253
11098,14582,AKL > Napier pre 10am,18185,9253
9130,16513,AKL > Napier pre 10am,14763,9060
9131,16513,AKL > Napier pre 10am,14763,9060
9132,16513,AKL > Napier pre 10am,14763,9060
9133,16513,AKL > Napier pre 10am,14763,9060
9134,16513,AKL > Napier pre 10am,14763,9060
9444,169,AKL > Napier pre 8am,14578,9348
9445,169,AKL > Napier pre 8am,14578,9348
9446,169,AKL > Napier pre 8am,14578,9348
9447,169,AKL > Napier pre 8am,14578,9348
9448,169,AKL > Napier pre 8am,14578,9348
9524,3191,AKL > Napier pre 8am,14578,9348
9525,3191,AKL > Napier pre 8am,14578,9348
9526,3191,AKL > Napier pre 8am,14578,9348
9527,3191,AKL > Napier pre 8am,14578,9348
9528,3191,AKL > Napier pre 8am,14578,9348
9737,16947,AKL > Napier pre 8am,14578,9348
9738,16947,AKL > Napier pre 8am,14578,9348
9739,16947,AKL > Napier pre 8am,14578,9348
9740,16947,AKL > Napier pre 8am,14578,9348
9741,16947,AKL > Napier pre 8am,14578,9348
10249,32946,AKL > Napier pre 8am,14578,9348
10250,32946,AKL > Napier pre 8am,14578,9348
10251,32946,AKL > Napier pre 8am,14578,9348
10252,32946,AKL > Napier pre 8am,14578,9348
10253,32946,AKL > Napier pre 8am,14578,9348
10638,9477,AKL > Napier pre 8am,14578,9348
10639,9477,AKL > Napier pre 8am,14578,9348
10640,9477,AKL > Napier pre 8am,14578,9348
10641,9477,AKL > Napier pre 8am,14578,9348
10642,9477,AKL > Napier pre 8am,14578,9348
10758,35755,AKL > Napier pre 8am,14578,9348
10759,35755,AKL > Napier pre 8am,14578,9348
10760,35755,AKL > Napier pre 8am,14578,9348
10761,35755,AKL > Napier pre 8am,14578,9348
10762,35755,AKL > Napier pre 8am,14578,9348
10879,18188,AKL > Napier pre 8am,14578,9348
10880,18188,AKL > Napier pre 8am,14578,9348
10881,18188,AKL > Napier pre 8am,14578,9348
10882,18188,AKL > Napier pre 8am,14578,9348
10883,18188,AKL > Napier pre 8am,14578,9348
9125,16513,AKL > Napier pre 8am,14763,9055
9126,16513,AKL > Napier pre 8am,14763,9055
9127,16513,AKL > Napier pre 8am,14763,9055
9128,16513,AKL > Napier pre 8am,14763,9055
9129,16513,AKL > Napier pre 8am,14763,9055
9454,169,AKL > New Plymouth pre 10am,14578,9358
9455,169,AKL > New Plymouth pre 10am,14578,9358
9456,169,AKL > New Plymouth pre 10am,14578,9358
9457,169,AKL > New Plymouth pre 10am,14578,9358
9458,169,AKL > New Plymouth pre 10am,14578,9358
9747,16947,AKL > New Plymouth pre 10am,14578,9358
9748,16947,AKL > New Plymouth pre 10am,14578,9358
9749,16947,AKL > New Plymouth pre 10am,14578,9358
9750,16947,AKL > New Plymouth pre 10am,14578,9358
9751,16947,AKL > New Plymouth pre 10am,14578,9358
10244,32946,AKL > New Plymouth pre 10am,14578,9358
10245,32946,AKL > New Plymouth pre 10am,14578,9358
10246,32946,AKL > New Plymouth pre 10am,14578,9358
10247,32946,AKL > New Plymouth pre 10am,14578,9358
10248,32946,AKL > New Plymouth pre 10am,14578,9358
10648,9477,AKL > New Plymouth pre 10am,14578,9358
10649,9477,AKL > New Plymouth pre 10am,14578,9358
10650,9477,AKL > New Plymouth pre 10am,14578,9358
10651,9477,AKL > New Plymouth pre 10am,14578,9358
10652,9477,AKL > New Plymouth pre 10am,14578,9358
10768,35755,AKL > New Plymouth pre 10am,14578,9358
10769,35755,AKL > New Plymouth pre 10am,14578,9358
10770,35755,AKL > New Plymouth pre 10am,14578,9358
10771,35755,AKL > New Plymouth pre 10am,14578,9358
10772,35755,AKL > New Plymouth pre 10am,14578,9358
10889,18188,AKL > New Plymouth pre 10am,14578,9358
10890,18188,AKL > New Plymouth pre 10am,14578,9358
10891,18188,AKL > New Plymouth pre 10am,14578,9358
10892,18188,AKL > New Plymouth pre 10am,14578,9358
10893,18188,AKL > New Plymouth pre 10am,14578,9358
10994,36739,AKL > New Plymouth pre 10am,14578,9358
10995,36739,AKL > New Plymouth pre 10am,14578,9358
10996,36739,AKL > New Plymouth pre 10am,14578,9358
10997,36739,AKL > New Plymouth pre 10am,14578,9358
10998,36739,AKL > New Plymouth pre 10am,14578,9358
11099,14582,AKL > New Plymouth pre 10am,14578,9358
11100,14582,AKL > New Plymouth pre 10am,14578,9358
11101,14582,AKL > New Plymouth pre 10am,14578,9358
11102,14582,AKL > New Plymouth pre 10am,14578,9358
11103,14582,AKL > New Plymouth pre 10am,14578,9358
11234,13713,AKL > New Plymouth pre 10am,14578,9358
11235,13713,AKL > New Plymouth pre 10am,14578,9358
11236,13713,AKL > New Plymouth pre 10am,14578,9358
11237,13713,AKL > New Plymouth pre 10am,14578,9358
11238,13713,AKL > New Plymouth pre 10am,14578,9358
11933,14927,AKL > New Plymouth pre 10am,14578,9358
11934,14927,AKL > New Plymouth pre 10am,14578,9358
11935,14927,AKL > New Plymouth pre 10am,14578,9358
11936,14927,AKL > New Plymouth pre 10am,14578,9358
11937,14927,AKL > New Plymouth pre 10am,14578,9358
9135,16513,AKL > New Plymouth pre 10am,14763,9065
9136,16513,AKL > New Plymouth pre 10am,14763,9065
9137,16513,AKL > New Plymouth pre 10am,14763,9065
9138,16513,AKL > New Plymouth pre 10am,14763,9065
9139,16513,AKL > New Plymouth pre 10am,14763,9065
9258,18185,AKL > New Plymouth pre 10am,14763,9065
9259,18185,AKL > New Plymouth pre 10am,14763,9065
9260,18185,AKL > New Plymouth pre 10am,14763,9065
9261,18185,AKL > New Plymouth pre 10am,14763,9065
9262,18185,AKL > New Plymouth pre 10am,14763,9065
9268,18185,AKL > Palmerston North pre 10am,14927,7084
9269,18185,AKL > Palmerston North pre 10am,14927,7084
9270,18185,AKL > Palmerston North pre 10am,14927,7084
9271,18185,AKL > Palmerston North pre 10am,14927,7084
9272,18185,AKL > Palmerston North pre 10am,14927,7084
9368,14578,AKL > Palmerston North pre 10am,14927,7084
9369,14578,AKL > Palmerston North pre 10am,14927,7084
9370,14578,AKL > Palmerston North pre 10am,14927,7084
9371,14578,AKL > Palmerston North pre 10am,14927,7084
9372,14578,AKL > Palmerston North pre 10am,14927,7084
9464,169,AKL > Palmerston North pre 10am,14927,7084
9465,169,AKL > Palmerston North pre 10am,14927,7084
9466,169,AKL > Palmerston North pre 10am,14927,7084
9467,169,AKL > Palmerston North pre 10am,14927,7084
9468,169,AKL > Palmerston North pre 10am,14927,7084
9757,16947,AKL > Palmerston North pre 10am,14927,7084
9758,16947,AKL > Palmerston North pre 10am,14927,7084
9759,16947,AKL > Palmerston North pre 10am,14927,7084
9760,16947,AKL > Palmerston North pre 10am,14927,7084
9761,16947,AKL > Palmerston North pre 10am,14927,7084
10179,32946,AKL > Palmerston North pre 10am,14927,7084
10180,32946,AKL > Palmerston North pre 10am,14927,7084
10181,32946,AKL > Palmerston North pre 10am,14927,7084
10182,32946,AKL > Palmerston North pre 10am,14927,7084
10183,32946,AKL > Palmerston North pre 10am,14927,7084
10658,9477,AKL > Palmerston North pre 10am,14927,7084
10659,9477,AKL > Palmerston North pre 10am,14927,7084
10660,9477,AKL > Palmerston North pre 10am,14927,7084
10661,9477,AKL > Palmerston North pre 10am,14927,7084
10662,9477,AKL > Palmerston North pre 10am,14927,7084
10899,18188,AKL > Palmerston North pre 10am,14927,7084
10900,18188,AKL > Palmerston North pre 10am,14927,7084
10901,18188,AKL > Palmerston North pre 10am,14927,7084
10902,18188,AKL > Palmerston North pre 10am,14927,7084
10903,18188,AKL > Palmerston North pre 10am,14927,7084
11004,36739,AKL > Palmerston North pre 10am,14927,7084
11005,36739,AKL > Palmerston North pre 10am,14927,7084
11006,36739,AKL > Palmerston North pre 10am,14927,7084
11007,36739,AKL > Palmerston North pre 10am,14927,7084
11008,36739,AKL > Palmerston North pre 10am,14927,7084
11109,14582,AKL > Palmerston North pre 10am,14927,7084
11110,14582,AKL > Palmerston North pre 10am,14927,7084
11111,14582,AKL > Palmerston North pre 10am,14927,7084
11112,14582,AKL > Palmerston North pre 10am,14927,7084
11113,14582,AKL > Palmerston North pre 10am,14927,7084
9145,16513,AKL > Palmerston North pre 10am,14763,9075
9146,16513,AKL > Palmerston North pre 10am,14763,9075
9147,16513,AKL > Palmerston North pre 10am,14763,9075
9148,16513,AKL > Palmerston North pre 10am,14763,9075
9149,16513,AKL > Palmerston North pre 10am,14763,9075
9363,14578,AKL > Palmerston North pre 8am,18185,9263
9364,14578,AKL > Palmerston North pre 8am,18185,9263
9365,14578,AKL > Palmerston North pre 8am,18185,9263
9366,14578,AKL > Palmerston North pre 8am,18185,9263
9367,14578,AKL > Palmerston North pre 8am,18185,9263
9459,169,AKL > Palmerston North pre 8am,18185,9263
9460,169,AKL > Palmerston North pre 8am,18185,9263
9461,169,AKL > Palmerston North pre 8am,18185,9263
9462,169,AKL > Palmerston North pre 8am,18185,9263
9463,169,AKL > Palmerston North pre 8am,18185,9263
9752,16947,AKL > Palmerston North pre 8am,18185,9263
9753,16947,AKL > Palmerston North pre 8am,18185,9263
9754,16947,AKL > Palmerston North pre 8am,18185,9263
9755,16947,AKL > Palmerston North pre 8am,18185,9263
9756,16947,AKL > Palmerston North pre 8am,18185,9263
10174,32946,AKL > Palmerston North pre 8am,18185,9263
10175,32946,AKL > Palmerston North pre 8am,18185,9263
10176,32946,AKL > Palmerston North pre 8am,18185,9263
10177,32946,AKL > Palmerston North pre 8am,18185,9263
10178,32946,AKL > Palmerston North pre 8am,18185,9263
10653,9477,AKL > Palmerston North pre 8am,18185,9263
10654,9477,AKL > Palmerston North pre 8am,18185,9263
10655,9477,AKL > Palmerston North pre 8am,18185,9263
10656,9477,AKL > Palmerston North pre 8am,18185,9263
10657,9477,AKL > Palmerston North pre 8am,18185,9263
10894,18188,AKL > Palmerston North pre 8am,18185,9263
10895,18188,AKL > Palmerston North pre 8am,18185,9263
10896,18188,AKL > Palmerston North pre 8am,18185,9263
10897,18188,AKL > Palmerston North pre 8am,18185,9263
10898,18188,AKL > Palmerston North pre 8am,18185,9263
10999,36739,AKL > Palmerston North pre 8am,18185,9263
11000,36739,AKL > Palmerston North pre 8am,18185,9263
11001,36739,AKL > Palmerston North pre 8am,18185,9263
11002,36739,AKL > Palmerston North pre 8am,18185,9263
11003,36739,AKL > Palmerston North pre 8am,18185,9263
11104,14582,AKL > Palmerston North pre 8am,18185,9263
11105,14582,AKL > Palmerston North pre 8am,18185,9263
11106,14582,AKL > Palmerston North pre 8am,18185,9263
11107,14582,AKL > Palmerston North pre 8am,18185,9263
11108,14582,AKL > Palmerston North pre 8am,18185,9263
9140,16513,AKL > Palmerston North pre 8am,14763,9070
9141,16513,AKL > Palmerston North pre 8am,14763,9070
9142,16513,AKL > Palmerston North pre 8am,14763,9070
9143,16513,AKL > Palmerston North pre 8am,14763,9070
9144,16513,AKL > Palmerston North pre 8am,14763,9070
7361,13713,AKL > Pukekohe Overnight Medical Run,14927,4309
7362,13713,AKL > Pukekohe Overnight Medical Run,14927,4309
7363,13713,AKL > Pukekohe Overnight Medical Run,14927,4309
7364,13713,AKL > Pukekohe Overnight Medical Run,14927,4309
7365,13713,AKL > Pukekohe Overnight Medical Run,14927,4309
7612,13713,AKL > Pukekohe Overnight Medical Run,14927,4309
7613,13713,AKL > Pukekohe Overnight Medical Run,14927,4309
7614,13713,AKL > Pukekohe Overnight Medical Run,14927,4309
7615,13713,AKL > Pukekohe Overnight Medical Run,14927,4309
7616,13713,AKL > Pukekohe Overnight Medical Run,14927,4309
7725,16947,AKL > Pukekohe Overnight Medical Run,14927,4309
7726,16947,AKL > Pukekohe Overnight Medical Run,14927,4309
7727,16947,AKL > Pukekohe Overnight Medical Run,14927,4309
7728,16947,AKL > Pukekohe Overnight Medical Run,14927,4309
7729,16947,AKL > Pukekohe Overnight Medical Run,14927,4309
8745,36820,AKL > Pukekohe Overnight Medical Run,14927,4309
8746,36820,AKL > Pukekohe Overnight Medical Run,14927,4309
8747,36820,AKL > Pukekohe Overnight Medical Run,14927,4309
8748,36820,AKL > Pukekohe Overnight Medical Run,14927,4309
8749,36820,AKL > Pukekohe Overnight Medical Run,14927,4309
8760,36820,AKL > Pukekohe Overnight Medical Run,14927,4309
8761,36820,AKL > Pukekohe Overnight Medical Run,14927,4309
8762,36820,AKL > Pukekohe Overnight Medical Run,14927,4309
8763,36820,AKL > Pukekohe Overnight Medical Run,14927,4309
8764,36820,AKL > Pukekohe Overnight Medical Run,14927,4309
9187,18185,AKL > Pukekohe Overnight Medical Run,14927,4309
9188,18185,AKL > Pukekohe Overnight Medical Run,14927,4309
9189,18185,AKL > Pukekohe Overnight Medical Run,14927,4309
9190,18185,AKL > Pukekohe Overnight Medical Run,14927,4309
9191,18185,AKL > Pukekohe Overnight Medical Run,14927,4309
9293,14578,AKL > Pukekohe Overnight Medical Run,14927,4309
9294,14578,AKL > Pukekohe Overnight Medical Run,14927,4309
9295,14578,AKL > Pukekohe Overnight Medical Run,14927,4309
9296,14578,AKL > Pukekohe Overnight Medical Run,14927,4309
9297,14578,AKL > Pukekohe Overnight Medical Run,14927,4309
9479,3191,AKL > Pukekohe Overnight Medical Run,14927,4309
9480,3191,AKL > Pukekohe Overnight Medical Run,14927,4309
9481,3191,AKL > Pukekohe Overnight Medical Run,14927,4309
9482,3191,AKL > Pukekohe Overnight Medical Run,14927,4309
9483,3191,AKL > Pukekohe Overnight Medical Run,14927,4309
9559,169,AKL > Pukekohe Overnight Medical Run,14927,4309
9560,169,AKL > Pukekohe Overnight Medical Run,14927,4309
9561,169,AKL > Pukekohe Overnight Medical Run,14927,4309
9562,169,AKL > Pukekohe Overnight Medical Run,14927,4309
9563,169,AKL > Pukekohe Overnight Medical Run,14927,4309
10159,32946,AKL > Pukekohe Overnight Medical Run,14927,4309
10160,32946,AKL > Pukekohe Overnight Medical Run,14927,4309
10161,32946,AKL > Pukekohe Overnight Medical Run,14927,4309
10162,32946,AKL > Pukekohe Overnight Medical Run,14927,4309
10163,32946,AKL > Pukekohe Overnight Medical Run,14927,4309
10563,14821,AKL > Pukekohe Overnight Medical Run,14927,4309
10564,14821,AKL > Pukekohe Overnight Medical Run,14927,4309
10565,14821,AKL > Pukekohe Overnight Medical Run,14927,4309
10566,14821,AKL > Pukekohe Overnight Medical Run,14927,4309
10567,14821,AKL > Pukekohe Overnight Medical Run,14927,4309
10573,9477,AKL > Pukekohe Overnight Medical Run,14927,4309
10574,9477,AKL > Pukekohe Overnight Medical Run,14927,4309
10575,9477,AKL > Pukekohe Overnight Medical Run,14927,4309
10576,9477,AKL > Pukekohe Overnight Medical Run,14927,4309
10577,9477,AKL > Pukekohe Overnight Medical Run,14927,4309
10683,35755,AKL > Pukekohe Overnight Medical Run,14927,4309
10684,35755,AKL > Pukekohe Overnight Medical Run,14927,4309
10685,35755,AKL > Pukekohe Overnight Medical Run,14927,4309
10686,35755,AKL > Pukekohe Overnight Medical Run,14927,4309
10687,35755,AKL > Pukekohe Overnight Medical Run,14927,4309
10814,18188,AKL > Pukekohe Overnight Medical Run,14927,4309
10815,18188,AKL > Pukekohe Overnight Medical Run,14927,4309
10816,18188,AKL > Pukekohe Overnight Medical Run,14927,4309
10817,18188,AKL > Pukekohe Overnight Medical Run,14927,4309
10818,18188,AKL > Pukekohe Overnight Medical Run,14927,4309
10919,36739,AKL > Pukekohe Overnight Medical Run,14927,4309
10920,36739,AKL > Pukekohe Overnight Medical Run,14927,4309
10921,36739,AKL > Pukekohe Overnight Medical Run,14927,4309
10922,36739,AKL > Pukekohe Overnight Medical Run,14927,4309
10923,36739,AKL > Pukekohe Overnight Medical Run,14927,4309
11024,14582,AKL > Pukekohe Overnight Medical Run,14927,4309
11025,14582,AKL > Pukekohe Overnight Medical Run,14927,4309
11026,14582,AKL > Pukekohe Overnight Medical Run,14927,4309
11027,14582,AKL > Pukekohe Overnight Medical Run,14927,4309
11028,14582,AKL > Pukekohe Overnight Medical Run,14927,4309
11129,13773,AKL > Pukekohe Overnight Medical Run,14927,4309
11130,13773,AKL > Pukekohe Overnight Medical Run,14927,4309
11131,13773,AKL > Pukekohe Overnight Medical Run,14927,4309
11132,13773,AKL > Pukekohe Overnight Medical Run,14927,4309
11133,13773,AKL > Pukekohe Overnight Medical Run,14927,4309
2776,504,AKL > ROT Afternoon Medical Run,33103,2741
2777,504,AKL > ROT Afternoon Medical Run,33103,2741
2778,504,AKL > ROT Afternoon Medical Run,33103,2741
2779,504,AKL > ROT Afternoon Medical Run,33103,2741
2780,504,AKL > ROT Afternoon Medical Run,33103,2741
4797,13822,AKL > ROT Afternoon Medical Run,33103,2741
4798,13822,AKL > ROT Afternoon Medical Run,33103,2741
4799,13822,AKL > ROT Afternoon Medical Run,33103,2741
4800,13822,AKL > ROT Afternoon Medical Run,33103,2741
4801,13822,AKL > ROT Afternoon Medical Run,33103,2741
2561,14582,AKL > ROT Pre 10am Medical Run,9477,2526
2562,14582,AKL > ROT Pre 10am Medical Run,9477,2526
2563,14582,AKL > ROT Pre 10am Medical Run,9477,2526
2564,14582,AKL > ROT Pre 10am Medical Run,9477,2526
2565,14582,AKL > ROT Pre 10am Medical Run,9477,2526
2601,16947,AKL > ROT Pre 10am Medical Run,9477,2526
2602,16947,AKL > ROT Pre 10am Medical Run,9477,2526
2603,16947,AKL > ROT Pre 10am Medical Run,9477,2526
2604,16947,AKL > ROT Pre 10am Medical Run,9477,2526
2605,16947,AKL > ROT Pre 10am Medical Run,9477,2526
2676,18188,AKL > ROT Pre 10am Medical Run,9477,2526
2677,18188,AKL > ROT Pre 10am Medical Run,9477,2526
2678,18188,AKL > ROT Pre 10am Medical Run,9477,2526
2679,18188,AKL > ROT Pre 10am Medical Run,9477,2526
2680,18188,AKL > ROT Pre 10am Medical Run,9477,2526
2711,13713,AKL > ROT Pre 10am Medical Run,9477,2526
2712,13713,AKL > ROT Pre 10am Medical Run,9477,2526
2713,13713,AKL > ROT Pre 10am Medical Run,9477,2526
2714,13713,AKL > ROT Pre 10am Medical Run,9477,2526
2715,13713,AKL > ROT Pre 10am Medical Run,9477,2526
3255,18185,AKL > ROT Pre 10am Medical Run,9477,2526
3256,18185,AKL > ROT Pre 10am Medical Run,9477,2526
3257,18185,AKL > ROT Pre 10am Medical Run,9477,2526
3258,18185,AKL > ROT Pre 10am Medical Run,9477,2526
3259,18185,AKL > ROT Pre 10am Medical Run,9477,2526
2816,14578,AKL > ROT Pre 10am Medical Run,35755,2641
2817,14578,AKL > ROT Pre 10am Medical Run,35755,2641
2818,14578,AKL > ROT Pre 10am Medical Run,35755,2641
2819,14578,AKL > ROT Pre 10am Medical Run,35755,2641
2820,14578,AKL > ROT Pre 10am Medical Run,35755,2641
7003,169,AKL > ROT Pre 10am Medical Run,35755,2641
7004,169,AKL > ROT Pre 10am Medical Run,35755,2641
7005,169,AKL > ROT Pre 10am Medical Run,35755,2641
7006,169,AKL > ROT Pre 10am Medical Run,35755,2641
7007,169,AKL > ROT Pre 10am Medical Run,35755,2641
10289,32946,AKL > ROT Pre 10am Medical Run,14927,2337
10290,32946,AKL > ROT Pre 10am Medical Run,14927,2337
10291,32946,AKL > ROT Pre 10am Medical Run,14927,2337
10292,32946,AKL > ROT Pre 10am Medical Run,14927,2337
10293,32946,AKL > ROT Pre 10am Medical Run,14927,2337
2781,504,AKL > ROT Pre 8am Medical Run*09:00:00-10:00:00,33103,2746
2782,504,AKL > ROT Pre 8am Medical Run*09:00:00-10:00:00,33103,2746
2783,504,AKL > ROT Pre 8am Medical Run*09:00:00-10:00:00,33103,2746
2784,504,AKL > ROT Pre 8am Medical Run*09:00:00-10:00:00,33103,2746
2785,504,AKL > ROT Pre 8am Medical Run*09:00:00-10:00:00,33103,2746
2878,17122,AKL > ROT Pre 8am Medical Run*09:00:00-10:00:00,33103,2746
2879,17122,AKL > ROT Pre 8am Medical Run*09:00:00-10:00:00,33103,2746
2880,17122,AKL > ROT Pre 8am Medical Run*09:00:00-10:00:00,33103,2746
2881,17122,AKL > ROT Pre 8am Medical Run*09:00:00-10:00:00,33103,2746
2882,17122,AKL > ROT Pre 8am Medical Run*09:00:00-10:00:00,33103,2746
4807,13822,AKL > ROT Pre 8am Medical Run*09:00:00-10:00:00,33103,2746
4808,13822,AKL > ROT Pre 8am Medical Run*09:00:00-10:00:00,33103,2746
4809,13822,AKL > ROT Pre 8am Medical Run*09:00:00-10:00:00,33103,2746
4810,13822,AKL > ROT Pre 8am Medical Run*09:00:00-10:00:00,33103,2746
4811,13822,AKL > ROT Pre 8am Medical Run*09:00:00-10:00:00,33103,2746
10413,14821,AKL > Taupo Pre 8am Medical Run,32946,10315
10414,14821,AKL > Taupo Pre 8am Medical Run,32946,10315
10415,14821,AKL > Taupo Pre 8am Medical Run,32946,10315
7008,169,AKL > TGA Afternoon Medical Run,13713,2716
7009,169,AKL > TGA Afternoon Medical Run,13713,2716
7010,169,AKL > TGA Afternoon Medical Run,13713,2716
7011,169,AKL > TGA Afternoon Medical Run,13713,2716
7012,169,AKL > TGA Afternoon Medical Run,13713,2716
7038,16513,AKL > TGA Afternoon Medical Run,13713,2716
7039,16513,AKL > TGA Afternoon Medical Run,13713,2716
7040,16513,AKL > TGA Afternoon Medical Run,13713,2716
7041,16513,AKL > TGA Afternoon Medical Run,13713,2716
7042,16513,AKL > TGA Afternoon Medical Run,13713,2716
7164,36672,AKL > TGA Afternoon Medical Run,13713,2716
7165,36672,AKL > TGA Afternoon Medical Run,13713,2716
7166,36672,AKL > TGA Afternoon Medical Run,13713,2716
7167,36672,AKL > TGA Afternoon Medical Run,13713,2716
7168,36672,AKL > TGA Afternoon Medical Run,13713,2716
2681,18188,AKL > TGA Afternoon Medical Run*15:00:00-17:00:00,16947,2621
2682,18188,AKL > TGA Afternoon Medical Run*15:00:00-17:00:00,16947,2621
2683,18188,AKL > TGA Afternoon Medical Run*15:00:00-17:00:00,16947,2621
2684,18188,AKL > TGA Afternoon Medical Run*15:00:00-17:00:00,16947,2621
2685,18188,AKL > TGA Afternoon Medical Run*15:00:00-17:00:00,16947,2621
2751,33103,AKL > TGA Afternoon Medical Run*15:00:00-17:00:00,16947,2621
2752,33103,AKL > TGA Afternoon Medical Run*15:00:00-17:00:00,16947,2621
2753,33103,AKL > TGA Afternoon Medical Run*15:00:00-17:00:00,16947,2621
2754,33103,AKL > TGA Afternoon Medical Run*15:00:00-17:00:00,16947,2621
2755,33103,AKL > TGA Afternoon Medical Run*15:00:00-17:00:00,16947,2621
2786,504,AKL > TGA Afternoon Medical Run*15:00:00-17:00:00,16947,2621
2787,504,AKL > TGA Afternoon Medical Run*15:00:00-17:00:00,16947,2621
2788,504,AKL > TGA Afternoon Medical Run*15:00:00-17:00:00,16947,2621
2789,504,AKL > TGA Afternoon Medical Run*15:00:00-17:00:00,16947,2621
2790,504,AKL > TGA Afternoon Medical Run*15:00:00-17:00:00,16947,2621
4812,13822,AKL > TGA Afternoon Medical Run*15:00:00-17:00:00,16947,2621
4813,13822,AKL > TGA Afternoon Medical Run*15:00:00-17:00:00,16947,2621
4814,13822,AKL > TGA Afternoon Medical Run*15:00:00-17:00:00,16947,2621
4815,13822,AKL > TGA Afternoon Medical Run*15:00:00-17:00:00,16947,2621
4816,13822,AKL > TGA Afternoon Medical Run*15:00:00-17:00:00,16947,2621
8705,36739,AKL > TGA Afternoon Medical Run*15:00:00-17:00:00,16947,2621
8706,36739,AKL > TGA Afternoon Medical Run*15:00:00-17:00:00,16947,2621
8707,36739,AKL > TGA Afternoon Medical Run*15:00:00-17:00:00,16947,2621
8708,36739,AKL > TGA Afternoon Medical Run*15:00:00-17:00:00,16947,2621
8709,36739,AKL > TGA Afternoon Medical Run*15:00:00-17:00:00,16947,2621
3245,18185,AKL > TGA Afternoon Medical Run*15:00:00-17:00:00,17122,2883
3246,18185,AKL > TGA Afternoon Medical Run*15:00:00-17:00:00,17122,2883
3247,18185,AKL > TGA Afternoon Medical Run*15:00:00-17:00:00,17122,2883
3248,18185,AKL > TGA Afternoon Medical Run*15:00:00-17:00:00,17122,2883
3249,18185,AKL > TGA Afternoon Medical Run*15:00:00-17:00:00,17122,2883
2686,18188,AKL > TGA Pre 930am Medical Run,16947,2611
2687,18188,AKL > TGA Pre 930am Medical Run,16947,2611
2688,18188,AKL > TGA Pre 930am Medical Run,16947,2611
2689,18188,AKL > TGA Pre 930am Medical Run,16947,2611
2690,18188,AKL > TGA Pre 930am Medical Run,16947,2611
2756,33103,AKL > TGA Pre 930am Medical Run,16947,2611
2757,33103,AKL > TGA Pre 930am Medical Run,16947,2611
2758,33103,AKL > TGA Pre 930am Medical Run,16947,2611
2759,33103,AKL > TGA Pre 930am Medical Run,16947,2611
2760,33103,AKL > TGA Pre 930am Medical Run,16947,2611
2791,504,AKL > TGA Pre 930am Medical Run,16947,2611
2792,504,AKL > TGA Pre 930am Medical Run,16947,2611
2793,504,AKL > TGA Pre 930am Medical Run,16947,2611
2794,504,AKL > TGA Pre 930am Medical Run,16947,2611
2795,504,AKL > TGA Pre 930am Medical Run,16947,2611
2888,17122,AKL > TGA Pre 930am Medical Run,16947,2611
2889,17122,AKL > TGA Pre 930am Medical Run,16947,2611
2890,17122,AKL > TGA Pre 930am Medical Run,16947,2611
2891,17122,AKL > TGA Pre 930am Medical Run,16947,2611
2892,17122,AKL > TGA Pre 930am Medical Run,16947,2611
4817,13822,AKL > TGA Pre 930am Medical Run,16947,2611
4818,13822,AKL > TGA Pre 930am Medical Run,16947,2611
4819,13822,AKL > TGA Pre 930am Medical Run,16947,2611
4820,13822,AKL > TGA Pre 930am Medical Run,16947,2611
4821,13822,AKL > TGA Pre 930am Medical Run,16947,2611
8710,36739,AKL > TGA Pre 930am Medical Run,16947,2611
8711,36739,AKL > TGA Pre 930am Medical Run,16947,2611
8712,36739,AKL > TGA Pre 930am Medical Run,16947,2611
8713,36739,AKL > TGA Pre 930am Medical Run,16947,2611
8714,36739,AKL > TGA Pre 930am Medical Run,16947,2611
6323,35755,AKL > TGA Pre 930am Medical Run,16513,2651
6324,35755,AKL > TGA Pre 930am Medical Run,16513,2651
6325,35755,AKL > TGA Pre 930am Medical Run,16513,2651
6326,35755,AKL > TGA Pre 930am Medical Run,16513,2651
6327,35755,AKL > TGA Pre 930am Medical Run,16513,2651
7013,169,AKL > TGA Pre 930am Medical Run,16513,2651
7014,169,AKL > TGA Pre 930am Medical Run,16513,2651
7015,169,AKL > TGA Pre 930am Medical Run,16513,2651
7016,169,AKL > TGA Pre 930am Medical Run,16513,2651
7017,169,AKL > TGA Pre 930am Medical Run,16513,2651
7169,36672,AKL > TGA Pre 930am Medical Run,16513,2651
7170,36672,AKL > TGA Pre 930am Medical Run,16513,2651
7171,36672,AKL > TGA Pre 930am Medical Run,16513,2651
7172,36672,AKL > TGA Pre 930am Medical Run,16513,2651
7173,36672,AKL > TGA Pre 930am Medical Run,16513,2651
2721,13713,AKL > TGA Pre 930am Medical Run,14927,2327
2722,13713,AKL > TGA Pre 930am Medical Run,14927,2327
2723,13713,AKL > TGA Pre 930am Medical Run,14927,2327
2724,13713,AKL > TGA Pre 930am Medical Run,14927,2327
2725,13713,AKL > TGA Pre 930am Medical Run,14927,2327
3250,18185,AKL > TGA Pre 930am Medical Run,9477,2536
3251,18185,AKL > TGA Pre 930am Medical Run,9477,2536
3252,18185,AKL > TGA Pre 930am Medical Run,9477,2536
3253,18185,AKL > TGA Pre 930am Medical Run,9477,2536
3254,18185,AKL > TGA Pre 930am Medical Run,9477,2536
12280,14927,AKL > Whakatane Medical Run,14582,11425
12281,14927,AKL > Whakatane Medical Run,14582,11425
12282,14927,AKL > Whakatane Medical Run,14582,11425
12283,14927,AKL > Whakatane Medical Run,14582,11425
12284,14927,AKL > Whakatane Medical Run,14582,11425
9626,18185,AKL > Whanganui Pre 10am,1088,9621
9627,18185,AKL > Whanganui Pre 10am,1088,9621
9628,18185,AKL > Whanganui Pre 10am,1088,9621
9629,18185,AKL > Whanganui Pre 10am,1088,9621
9630,18185,AKL > Whanganui Pre 10am,1088,9621
9631,14578,AKL > Whanganui Pre 10am,1088,9621
9632,14578,AKL > Whanganui Pre 10am,1088,9621
9633,14578,AKL > Whanganui Pre 10am,1088,9621
9634,14578,AKL > Whanganui Pre 10am,1088,9621
9635,14578,AKL > Whanganui Pre 10am,1088,9621
9636,169,AKL > Whanganui Pre 10am,1088,9621
9637,169,AKL > Whanganui Pre 10am,1088,9621
9638,169,AKL > Whanganui Pre 10am,1088,9621
9639,169,AKL > Whanganui Pre 10am,1088,9621
9640,169,AKL > Whanganui Pre 10am,1088,9621
9762,16947,AKL > Whanganui Pre 10am,1088,9621
9763,16947,AKL > Whanganui Pre 10am,1088,9621
9764,16947,AKL > Whanganui Pre 10am,1088,9621
9765,16947,AKL > Whanganui Pre 10am,1088,9621
9766,16947,AKL > Whanganui Pre 10am,1088,9621
9852,13713,AKL > Whanganui Pre 10am,1088,9621
9853,13713,AKL > Whanganui Pre 10am,1088,9621
9854,13713,AKL > Whanganui Pre 10am,1088,9621
9855,13713,AKL > Whanganui Pre 10am,1088,9621
9856,13713,AKL > Whanganui Pre 10am,1088,9621
10663,9477,AKL > Whanganui Pre 10am,1088,9621
10664,9477,AKL > Whanganui Pre 10am,1088,9621
10665,9477,AKL > Whanganui Pre 10am,1088,9621
10666,9477,AKL > Whanganui Pre 10am,1088,9621
10667,9477,AKL > Whanganui Pre 10am,1088,9621
10783,35755,AKL > Whanganui Pre 10am,1088,9621
10784,35755,AKL > Whanganui Pre 10am,1088,9621
10785,35755,AKL > Whanganui Pre 10am,1088,9621
10786,35755,AKL > Whanganui Pre 10am,1088,9621
10787,35755,AKL > Whanganui Pre 10am,1088,9621
10904,18188,AKL > Whanganui Pre 10am,1088,9621
10905,18188,AKL > Whanganui Pre 10am,1088,9621
10906,18188,AKL > Whanganui Pre 10am,1088,9621
10907,18188,AKL > Whanganui Pre 10am,1088,9621
10908,18188,AKL > Whanganui Pre 10am,1088,9621
11009,36739,AKL > Whanganui Pre 10am,1088,9621
11010,36739,AKL > Whanganui Pre 10am,1088,9621
11011,36739,AKL > Whanganui Pre 10am,1088,9621
11012,36739,AKL > Whanganui Pre 10am,1088,9621
11013,36739,AKL > Whanganui Pre 10am,1088,9621
11114,14582,AKL > Whanganui Pre 10am,1088,9621
11115,14582,AKL > Whanganui Pre 10am,1088,9621
11116,14582,AKL > Whanganui Pre 10am,1088,9621
11117,14582,AKL > Whanganui Pre 10am,1088,9621
11118,14582,AKL > Whanganui Pre 10am,1088,9621
9646,14927,AKL > Whanganui Pre 10am,3191,9544
9647,14927,AKL > Whanganui Pre 10am,3191,9544
9648,14927,AKL > Whanganui Pre 10am,3191,9544
9649,14927,AKL > Whanganui Pre 10am,3191,9544
9650,14927,AKL > Whanganui Pre 10am,3191,9544
9662,14927,AKL > Whanganui Pre 10am,3191,9544
9663,14927,AKL > Whanganui Pre 10am,3191,9544
9664,14927,AKL > Whanganui Pre 10am,3191,9544
9665,14927,AKL > Whanganui Pre 10am,3191,9544
9666,14927,AKL > Whanganui Pre 10am,3191,9544
10254,32946,AKL > Whanganui Pre 10am,3191,9544
10255,32946,AKL > Whanganui Pre 10am,3191,9544
10256,32946,AKL > Whanganui Pre 10am,3191,9544
10257,32946,AKL > Whanganui Pre 10am,3191,9544
10258,32946,AKL > Whanganui Pre 10am,3191,9544
10259,32946,AKL > Whanganui Pre 10am,3191,9544
10260,32946,AKL > Whanganui Pre 10am,3191,9544
10261,32946,AKL > Whanganui Pre 10am,3191,9544
10262,32946,AKL > Whanganui Pre 10am,3191,9544
10263,32946,AKL > Whanganui Pre 10am,3191,9544
9273,18185,AKL > WLG Pre 10am,14927,7067
9274,18185,AKL > WLG Pre 10am,14927,7067
9275,18185,AKL > WLG Pre 10am,14927,7067
9276,18185,AKL > WLG Pre 10am,14927,7067
9277,18185,AKL > WLG Pre 10am,14927,7067
9373,14578,AKL > WLG Pre 10am,14927,7067
9374,14578,AKL > WLG Pre 10am,14927,7067
9375,14578,AKL > WLG Pre 10am,14927,7067
9376,14578,AKL > WLG Pre 10am,14927,7067
9377,14578,AKL > WLG Pre 10am,14927,7067
9469,169,AKL > WLG Pre 10am,14927,7067
9470,169,AKL > WLG Pre 10am,14927,7067
9471,169,AKL > WLG Pre 10am,14927,7067
9472,169,AKL > WLG Pre 10am,14927,7067
9473,169,AKL > WLG Pre 10am,14927,7067
9549,3191,AKL > WLG Pre 10am,14927,7067
9550,3191,AKL > WLG Pre 10am,14927,7067
9551,3191,AKL > WLG Pre 10am,14927,7067
9552,3191,AKL > WLG Pre 10am,14927,7067
9553,3191,AKL > WLG Pre 10am,14927,7067
9767,16947,AKL > WLG Pre 10am,14927,7067
9768,16947,AKL > WLG Pre 10am,14927,7067
9769,16947,AKL > WLG Pre 10am,14927,7067
9770,16947,AKL > WLG Pre 10am,14927,7067
9771,16947,AKL > WLG Pre 10am,14927,7067
10164,32946,AKL > WLG Pre 10am,14927,7067
10165,32946,AKL > WLG Pre 10am,14927,7067
10166,32946,AKL > WLG Pre 10am,14927,7067
10167,32946,AKL > WLG Pre 10am,14927,7067
10168,32946,AKL > WLG Pre 10am,14927,7067
10668,9477,AKL > WLG Pre 10am,14927,7067
10669,9477,AKL > WLG Pre 10am,14927,7067
10670,9477,AKL > WLG Pre 10am,14927,7067
10671,9477,AKL > WLG Pre 10am,14927,7067
10672,9477,AKL > WLG Pre 10am,14927,7067
10788,35755,AKL > WLG Pre 10am,14927,7067
10789,35755,AKL > WLG Pre 10am,14927,7067
10790,35755,AKL > WLG Pre 10am,14927,7067
10791,35755,AKL > WLG Pre 10am,14927,7067
10792,35755,AKL > WLG Pre 10am,14927,7067
10909,18188,AKL > WLG Pre 10am,14927,7067
10910,18188,AKL > WLG Pre 10am,14927,7067
10911,18188,AKL > WLG Pre 10am,14927,7067
10912,18188,AKL > WLG Pre 10am,14927,7067
10913,18188,AKL > WLG Pre 10am,14927,7067
11014,36739,AKL > WLG Pre 10am,14927,7067
11015,36739,AKL > WLG Pre 10am,14927,7067
11016,36739,AKL > WLG Pre 10am,14927,7067
11017,36739,AKL > WLG Pre 10am,14927,7067
11018,36739,AKL > WLG Pre 10am,14927,7067
11119,14582,AKL > WLG Pre 10am,14927,7067
11120,14582,AKL > WLG Pre 10am,14927,7067
11121,14582,AKL > WLG Pre 10am,14927,7067
11122,14582,AKL > WLG Pre 10am,14927,7067
11123,14582,AKL > WLG Pre 10am,14927,7067
9150,16513,AKL > WLG Pre 10am,14763,9080
9151,16513,AKL > WLG Pre 10am,14763,9080
9152,16513,AKL > WLG Pre 10am,14763,9080
9153,16513,AKL > WLG Pre 10am,14763,9080
9154,16513,AKL > WLG Pre 10am,14763,9080
9378,14578,AKL > WLG Pre 8am,18185,9278
9379,14578,AKL > WLG Pre 8am,18185,9278
9380,14578,AKL > WLG Pre 8am,18185,9278
9381,14578,AKL > WLG Pre 8am,18185,9278
9382,14578,AKL > WLG Pre 8am,18185,9278
9474,169,AKL > WLG Pre 8am,18185,9278
9475,169,AKL > WLG Pre 8am,18185,9278
9476,169,AKL > WLG Pre 8am,18185,9278
9477,169,AKL > WLG Pre 8am,18185,9278
9478,169,AKL > WLG Pre 8am,18185,9278
9554,3191,AKL > WLG Pre 8am,18185,9278
9555,3191,AKL > WLG Pre 8am,18185,9278
9556,3191,AKL > WLG Pre 8am,18185,9278
9557,3191,AKL > WLG Pre 8am,18185,9278
9558,3191,AKL > WLG Pre 8am,18185,9278
9772,16947,AKL > WLG Pre 8am,18185,9278
9773,16947,AKL > WLG Pre 8am,18185,9278
9774,16947,AKL > WLG Pre 8am,18185,9278
9775,16947,AKL > WLG Pre 8am,18185,9278
9776,16947,AKL > WLG Pre 8am,18185,9278
10189,32946,AKL > WLG Pre 8am,18185,9278
10190,32946,AKL > WLG Pre 8am,18185,9278
10191,32946,AKL > WLG Pre 8am,18185,9278
10192,32946,AKL > WLG Pre 8am,18185,9278
10193,32946,AKL > WLG Pre 8am,18185,9278
10673,9477,AKL > WLG Pre 8am,18185,9278
10674,9477,AKL > WLG Pre 8am,18185,9278
10675,9477,AKL > WLG Pre 8am,18185,9278
10676,9477,AKL > WLG Pre 8am,18185,9278
10677,9477,AKL > WLG Pre 8am,18185,9278
10793,35755,AKL > WLG Pre 8am,18185,9278
10794,35755,AKL > WLG Pre 8am,18185,9278
10795,35755,AKL > WLG Pre 8am,18185,9278
10796,35755,AKL > WLG Pre 8am,18185,9278
10797,35755,AKL > WLG Pre 8am,18185,9278
10914,18188,AKL > WLG Pre 8am,18185,9278
10915,18188,AKL > WLG Pre 8am,18185,9278
10916,18188,AKL > WLG Pre 8am,18185,9278
10917,18188,AKL > WLG Pre 8am,18185,9278
10918,18188,AKL > WLG Pre 8am,18185,9278
11019,36739,AKL > WLG Pre 8am,18185,9278
11020,36739,AKL > WLG Pre 8am,18185,9278
11021,36739,AKL > WLG Pre 8am,18185,9278
11022,36739,AKL > WLG Pre 8am,18185,9278
11023,36739,AKL > WLG Pre 8am,18185,9278
11124,14582,AKL > WLG Pre 8am,18185,9278
11125,14582,AKL > WLG Pre 8am,18185,9278
11126,14582,AKL > WLG Pre 8am,18185,9278
11127,14582,AKL > WLG Pre 8am,18185,9278
11128,14582,AKL > WLG Pre 8am,18185,9278
9155,16513,AKL > WLG Pre 8am,14763,9085
9156,16513,AKL > WLG Pre 8am,14763,9085
9157,16513,AKL > WLG Pre 8am,14763,9085
9158,16513,AKL > WLG Pre 8am,14763,9085
9159,16513,AKL > WLG Pre 8am,14763,9085
2616,16947,AKL > WRG Pre 8am Medical Run,9477,2541
2617,16947,AKL > WRG Pre 8am Medical Run,9477,2541
2618,16947,AKL > WRG Pre 8am Medical Run,9477,2541
2619,16947,AKL > WRG Pre 8am Medical Run,9477,2541
2620,16947,AKL > WRG Pre 8am Medical Run,9477,2541
2691,18188,AKL > WRG Pre 8am Medical Run,9477,2541
2692,18188,AKL > WRG Pre 8am Medical Run,9477,2541
2693,18188,AKL > WRG Pre 8am Medical Run,9477,2541
2694,18188,AKL > WRG Pre 8am Medical Run,9477,2541
2695,18188,AKL > WRG Pre 8am Medical Run,9477,2541
2761,33103,AKL > WRG Pre 8am Medical Run,9477,2541
2762,33103,AKL > WRG Pre 8am Medical Run,9477,2541
2763,33103,AKL > WRG Pre 8am Medical Run,9477,2541
2764,33103,AKL > WRG Pre 8am Medical Run,9477,2541
2765,33103,AKL > WRG Pre 8am Medical Run,9477,2541
2796,504,AKL > WRG Pre 8am Medical Run,9477,2541
2797,504,AKL > WRG Pre 8am Medical Run,9477,2541
2798,504,AKL > WRG Pre 8am Medical Run,9477,2541
2799,504,AKL > WRG Pre 8am Medical Run,9477,2541
2800,504,AKL > WRG Pre 8am Medical Run,9477,2541
2893,17122,AKL > WRG Pre 8am Medical Run,9477,2541
2894,17122,AKL > WRG Pre 8am Medical Run,9477,2541
2895,17122,AKL > WRG Pre 8am Medical Run,9477,2541
2896,17122,AKL > WRG Pre 8am Medical Run,9477,2541
2897,17122,AKL > WRG Pre 8am Medical Run,9477,2541
3159,18185,AKL > WRG Pre 8am Medical Run,9477,2541
3160,18185,AKL > WRG Pre 8am Medical Run,9477,2541
3161,18185,AKL > WRG Pre 8am Medical Run,9477,2541
3162,18185,AKL > WRG Pre 8am Medical Run,9477,2541
3163,18185,AKL > WRG Pre 8am Medical Run,9477,2541
4822,13822,AKL > WRG Pre 8am Medical Run,9477,2541
4823,13822,AKL > WRG Pre 8am Medical Run,9477,2541
4824,13822,AKL > WRG Pre 8am Medical Run,9477,2541
4825,13822,AKL > WRG Pre 8am Medical Run,9477,2541
4826,13822,AKL > WRG Pre 8am Medical Run,9477,2541
2656,16513,AKL > WRG Pre 8am Medical Run,14763,2496
2657,16513,AKL > WRG Pre 8am Medical Run,14763,2496
2658,16513,AKL > WRG Pre 8am Medical Run,14763,2496
2659,16513,AKL > WRG Pre 8am Medical Run,14763,2496
2660,16513,AKL > WRG Pre 8am Medical Run,14763,2496
2831,14578,AKL > WRG Pre 8am Medical Run,14763,2496
2832,14578,AKL > WRG Pre 8am Medical Run,14763,2496
2833,14578,AKL > WRG Pre 8am Medical Run,14763,2496
2834,14578,AKL > WRG Pre 8am Medical Run,14763,2496
2835,14578,AKL > WRG Pre 8am Medical Run,14763,2496
6328,35755,AKL > WRG Pre 8am Medical Run,14763,2496
6329,35755,AKL > WRG Pre 8am Medical Run,14763,2496
6330,35755,AKL > WRG Pre 8am Medical Run,14763,2496
6331,35755,AKL > WRG Pre 8am Medical Run,14763,2496
6332,35755,AKL > WRG Pre 8am Medical Run,14763,2496
7018,169,AKL > WRG Pre 8am Medical Run,14763,2496
7019,169,AKL > WRG Pre 8am Medical Run,14763,2496
7020,169,AKL > WRG Pre 8am Medical Run,14763,2496
7021,169,AKL > WRG Pre 8am Medical Run,14763,2496
7022,169,AKL > WRG Pre 8am Medical Run,14763,2496
7174,36672,AKL > WRG Pre 8am Medical Run,14763,2496
7175,36672,AKL > WRG Pre 8am Medical Run,14763,2496
7176,36672,AKL > WRG Pre 8am Medical Run,14763,2496
7177,36672,AKL > WRG Pre 8am Medical Run,14763,2496
7178,36672,AKL > WRG Pre 8am Medical Run,14763,2496
2466,3191,AKL > WRG Pre 8am Medical Run,14927,2352
2467,3191,AKL > WRG Pre 8am Medical Run,14927,2352
2468,3191,AKL > WRG Pre 8am Medical Run,14927,2352
2469,3191,AKL > WRG Pre 8am Medical Run,14927,2352
2470,3191,AKL > WRG Pre 8am Medical Run,14927,2352
5505,9225,Auckland - Tauranga Chilled,NULL,1470
5506,9225,Auckland - Tauranga Chilled,NULL,1470
5507,9225,Auckland - Tauranga Chilled,NULL,1470
5508,9225,Auckland - Tauranga Chilled,NULL,1470
5509,9225,Auckland - Tauranga Chilled,NULL,1470
8255,13681,Auckland - Waikato Home Delivery 11am,16298,4588
8256,13681,Auckland - Waikato Home Delivery 11am,16298,4588
8257,13681,Auckland - Waikato Home Delivery 11am,16298,4588
8258,13681,Auckland - Waikato Home Delivery 11am,16298,4588
8259,13681,Auckland - Waikato Home Delivery 11am,16298,4588
8910,4609,Auckland - Wellington Chilled,NULL,3978
8911,4609,Auckland - Wellington Chilled,NULL,3978
8912,4609,Auckland - Wellington Chilled,NULL,3978
8913,4609,Auckland - Wellington Chilled,NULL,3978
8914,4609,Auckland - Wellington Chilled,NULL,3978
6204,32110,Auckland > Hamilton Run 1-6,14853,5733
6205,32110,Auckland > Hamilton Run 1-6,14853,5733
6206,32110,Auckland > Hamilton Run 1-6,14853,5733
6207,32110,Auckland > Hamilton Run 1-6,14853,5733
6208,32110,Auckland > Hamilton Run 1-6,14853,5733
6227,36266,Auckland > Hamilton Run 1-6,14853,5733
6228,36266,Auckland > Hamilton Run 1-6,14853,5733
6229,36266,Auckland > Hamilton Run 1-6,14853,5733
6230,36266,Auckland > Hamilton Run 1-6,14853,5733
6231,36266,Auckland > Hamilton Run 1-6,14853,5733
5738,14853,Auckland > Hamilton Run 7-12,33014,4436
5739,14853,Auckland > Hamilton Run 7-12,33014,4436
5740,14853,Auckland > Hamilton Run 7-12,33014,4436
5741,14853,Auckland > Hamilton Run 7-12,33014,4436
5742,14853,Auckland > Hamilton Run 7-12,33014,4436
6209,32110,Auckland > Hamilton Run 7-12,33014,4436
6210,32110,Auckland > Hamilton Run 7-12,33014,4436
6211,32110,Auckland > Hamilton Run 7-12,33014,4436
6212,32110,Auckland > Hamilton Run 7-12,33014,4436
6213,32110,Auckland > Hamilton Run 7-12,33014,4436
6232,36266,Auckland > Hamilton Run 7-12,33014,4436
6233,36266,Auckland > Hamilton Run 7-12,33014,4436
6234,36266,Auckland > Hamilton Run 7-12,33014,4436
6235,36266,Auckland > Hamilton Run 7-12,33014,4436
6236,36266,Auckland > Hamilton Run 7-12,33014,4436
6214,32110,Auckland > Hamilton Run Express 1-6,33014,4441
6215,32110,Auckland > Hamilton Run Express 1-6,33014,4441
6216,32110,Auckland > Hamilton Run Express 1-6,33014,4441
6217,32110,Auckland > Hamilton Run Express 1-6,33014,4441
6218,32110,Auckland > Hamilton Run Express 1-6,33014,4441
6410,13713,Auckland > Tauranga Evening Booking Delivery,1088,5897
6411,13713,Auckland > Tauranga Evening Booking Delivery,1088,5897
6412,13713,Auckland > Tauranga Evening Booking Delivery,1088,5897
6413,13713,Auckland > Tauranga Evening Booking Delivery,1088,5897
6414,13713,Auckland > Tauranga Evening Booking Delivery,1088,5897
8244,13681,Auckland Afternoons,17761,5476
8245,13681,Auckland Afternoons,17761,5476
8246,13681,Auckland Afternoons,17761,5476
8247,13681,Auckland Afternoons,17761,5476
8248,13681,Auckland Afternoons,17761,5476
8249,13681,Auckland Afternoons,17761,5476
7422,9196,BOP > Waikato Morning Run,NULL,2377
7423,9196,BOP > Waikato Morning Run,NULL,2377
7424,9196,BOP > Waikato Morning Run,NULL,2377
7425,9196,BOP > Waikato Morning Run,NULL,2377
7426,9196,BOP > Waikato Morning Run,NULL,2377
7497,9196,BOP > Waikato Morning Run,NULL,2377
7498,9196,BOP > Waikato Morning Run,NULL,2377
7499,9196,BOP > Waikato Morning Run,NULL,2377
7500,9196,BOP > Waikato Morning Run,NULL,2377
7501,9196,BOP > Waikato Morning Run,NULL,2377
7427,9196,BOP Outer > Auckland Express Run 11-1,NULL,2038
7428,9196,BOP Outer > Auckland Express Run 11-1,NULL,2038
7429,9196,BOP Outer > Auckland Express Run 11-1,NULL,2038
7430,9196,BOP Outer > Auckland Express Run 11-1,NULL,2038
7431,9196,BOP Outer > Auckland Express Run 11-1,NULL,2038
7502,9196,BOP Outer > Auckland Express Run 11-1,NULL,2038
7503,9196,BOP Outer > Auckland Express Run 11-1,NULL,2038
7504,9196,BOP Outer > Auckland Express Run 11-1,NULL,2038
7505,9196,BOP Outer > Auckland Express Run 11-1,NULL,2038
7506,9196,BOP Outer > Auckland Express Run 11-1,NULL,2038
7447,9196,BOP Regional Home Delivery 11am,16298,4593
7448,9196,BOP Regional Home Delivery 11am,16298,4593
7449,9196,BOP Regional Home Delivery 11am,16298,4593
7450,9196,BOP Regional Home Delivery 11am,16298,4593
7451,9196,BOP Regional Home Delivery 11am,16298,4593
7522,9196,BOP Regional Home Delivery 11am,16298,4593
7523,9196,BOP Regional Home Delivery 11am,16298,4593
7524,9196,BOP Regional Home Delivery 11am,16298,4593
7525,9196,BOP Regional Home Delivery 11am,16298,4593
7526,9196,BOP Regional Home Delivery 11am,16298,4593
10533,33149,BOP Regional Home Delivery 5am,9196,7452
10534,33149,BOP Regional Home Delivery 5am,9196,7452
10535,33149,BOP Regional Home Delivery 5am,9196,7452
10536,33149,BOP Regional Home Delivery 5am,9196,7452
10537,33149,BOP Regional Home Delivery 5am,9196,7452
885,33091,Friday Afternoon Express,33089,880
321,32822,Friday Evening Express,32758,192
870,33091,Friday Evening Express,33089,865
345,32799,Friday Evening Home,32770,207
13686,37022,Frozen - Central Run,NULL,9661
13687,37022,Frozen - North Run,NULL,1944
13688,37022,Frozen - South Run,NULL,1943
11346,36991,Hamilton - Auckland Afternoon Chilled,NULL,1494
11347,36991,Hamilton - Auckland Afternoon Chilled,NULL,1494
11348,36991,Hamilton - Auckland Afternoon Chilled,NULL,1494
11349,36991,Hamilton - Auckland Afternoon Chilled,NULL,1494
11350,36991,Hamilton - Auckland Afternoon Chilled,NULL,1494
11351,36991,Hamilton - Auckland Morning Chilled,NULL,1671
11352,36991,Hamilton - Auckland Morning Chilled,NULL,1671
11353,36991,Hamilton - Auckland Morning Chilled,NULL,1671
11354,36991,Hamilton - Auckland Morning Chilled,NULL,1671
11355,36991,Hamilton - Auckland Morning Chilled,NULL,1671
11956,31504,Hamilton - Taupo,31458,11943
11957,31504,Hamilton - Taupo,31458,11943
11958,31504,Hamilton - Taupo,31458,11943
11974,31944,Hamilton - Taupo,31458,11943
11975,31944,Hamilton - Taupo,31458,11943
11976,31944,Hamilton - Taupo,31458,11943
11997,31476,Hamilton - Taupo,31458,11943
11998,31476,Hamilton - Taupo,31458,11943
11999,31476,Hamilton - Taupo,31458,11943
12015,31465,Hamilton - Taupo,31458,11943
12016,31465,Hamilton - Taupo,31458,11943
12017,31465,Hamilton - Taupo,31458,11943
12033,31501,Hamilton - Taupo,31458,11943
12034,31501,Hamilton - Taupo,31458,11943
12035,31501,Hamilton - Taupo,31458,11943
11977,31944,Hamilton - Waikato Afternoon,31504,11959
11978,31944,Hamilton - Waikato Afternoon,31504,11959
11979,31944,Hamilton - Waikato Afternoon,31504,11959
11980,31944,Hamilton - Waikato Afternoon,31504,11959
11981,31944,Hamilton - Waikato Afternoon,31504,11959
12000,31476,Hamilton - Waikato Afternoon,31504,11959
12001,31476,Hamilton - Waikato Afternoon,31504,11959
12002,31476,Hamilton - Waikato Afternoon,31504,11959
12003,31476,Hamilton - Waikato Afternoon,31504,11959
12004,31476,Hamilton - Waikato Afternoon,31504,11959
12018,31465,Hamilton - Waikato Afternoon,31504,11959
12019,31465,Hamilton - Waikato Afternoon,31504,11959
12020,31465,Hamilton - Waikato Afternoon,31504,11959
12021,31465,Hamilton - Waikato Afternoon,31504,11959
12022,31465,Hamilton - Waikato Afternoon,31504,11959
12036,31501,Hamilton - Waikato Afternoon,31504,11959
12037,31501,Hamilton - Waikato Afternoon,31504,11959
12038,31501,Hamilton - Waikato Afternoon,31504,11959
12039,31501,Hamilton - Waikato Afternoon,31504,11959
12040,31501,Hamilton - Waikato Afternoon,31504,11959
12311,36813,Hamilton - Waikato Afternoon,31796,11800
12312,36813,Hamilton - Waikato Afternoon,31796,11800
12313,36813,Hamilton - Waikato Afternoon,31796,11800
12314,36813,Hamilton - Waikato Afternoon,31796,11800
12315,36813,Hamilton - Waikato Afternoon,31796,11800
11982,31944,Hamilton - Waikato Morning,31504,11964
11983,31944,Hamilton - Waikato Morning,31504,11964
11984,31944,Hamilton - Waikato Morning,31504,11964
11985,31944,Hamilton - Waikato Morning,31504,11964
11986,31944,Hamilton - Waikato Morning,31504,11964
11987,31944,Hamilton - Waikato Morning,31504,11964
11988,31944,Hamilton - Waikato Morning,31504,11964
11989,31944,Hamilton - Waikato Morning,31504,11964
11990,31944,Hamilton - Waikato Morning,31504,11964
11991,31944,Hamilton - Waikato Morning,31504,11964
12005,31476,Hamilton - Waikato Morning,31504,11964
12006,31476,Hamilton - Waikato Morning,31504,11964
12007,31476,Hamilton - Waikato Morning,31504,11964
12008,31476,Hamilton - Waikato Morning,31504,11964
12009,31476,Hamilton - Waikato Morning,31504,11964
12023,31465,Hamilton - Waikato Morning,31504,11964
12024,31465,Hamilton - Waikato Morning,31504,11964
12025,31465,Hamilton - Waikato Morning,31504,11964
12026,31465,Hamilton - Waikato Morning,31504,11964
12027,31465,Hamilton - Waikato Morning,31504,11964
12041,31501,Hamilton - Waikato Morning,31504,11964
12042,31501,Hamilton - Waikato Morning,31504,11964
12043,31501,Hamilton - Waikato Morning,31504,11964
12044,31501,Hamilton - Waikato Morning,31504,11964
12045,31501,Hamilton - Waikato Morning,31504,11964
7392,9196,Hamilton > Auckland Express 11am-1pm,NULL,2303
7393,9196,Hamilton > Auckland Express 11am-1pm,NULL,2303
7394,9196,Hamilton > Auckland Express 11am-1pm,NULL,2303
7395,9196,Hamilton > Auckland Express 11am-1pm,NULL,2303
7396,9196,Hamilton > Auckland Express 11am-1pm,NULL,2303
7537,9196,Hamilton > Auckland Express 11am-1pm,NULL,2303
7538,9196,Hamilton > Auckland Express 11am-1pm,NULL,2303
7539,9196,Hamilton > Auckland Express 11am-1pm,NULL,2303
7540,9196,Hamilton > Auckland Express 11am-1pm,NULL,2303
7541,9196,Hamilton > Auckland Express 11am-1pm,NULL,2303
7397,9196,Hamilton > Auckland Express 4pm-6pm,NULL,2308
7398,9196,Hamilton > Auckland Express 4pm-6pm,NULL,2308
7399,9196,Hamilton > Auckland Express 4pm-6pm,NULL,2308
7400,9196,Hamilton > Auckland Express 4pm-6pm,NULL,2308
7401,9196,Hamilton > Auckland Express 4pm-6pm,NULL,2308
7542,9196,Hamilton > Auckland Express 4pm-6pm,NULL,2308
7543,9196,Hamilton > Auckland Express 4pm-6pm,NULL,2308
7544,9196,Hamilton > Auckland Express 4pm-6pm,NULL,2308
7545,9196,Hamilton > Auckland Express 4pm-6pm,NULL,2308
7546,9196,Hamilton > Auckland Express 4pm-6pm,NULL,2308
7607,9196,Hamilton > Auckland Express 4pm-6pm,NULL,2308
7608,9196,Hamilton > Auckland Express 4pm-6pm,NULL,2308
7609,9196,Hamilton > Auckland Express 4pm-6pm,NULL,2308
7610,9196,Hamilton > Auckland Express 4pm-6pm,NULL,2308
7611,9196,Hamilton > Auckland Express 4pm-6pm,NULL,2308
11697,31721,Hamilton > Auckland Express 4pm-6pm,NULL,2308
11698,31721,Hamilton > Auckland Express 4pm-6pm,NULL,2308
11699,31721,Hamilton > Auckland Express 4pm-6pm,NULL,2308
11700,31721,Hamilton > Auckland Express 4pm-6pm,NULL,2308
11701,31721,Hamilton > Auckland Express 4pm-6pm,NULL,2308
7457,9196,Hamilton > BOP,NULL,2362
7458,9196,Hamilton > BOP,NULL,2362
7459,9196,Hamilton > BOP,NULL,2362
7460,9196,Hamilton > BOP,NULL,2362
7461,9196,Hamilton > BOP,NULL,2362
7532,9196,Hamilton > BOP,NULL,2362
7533,9196,Hamilton > BOP,NULL,2362
7534,9196,Hamilton > BOP,NULL,2362
7535,9196,Hamilton > BOP,NULL,2362
7536,9196,Hamilton > BOP,NULL,2362
9000,36813,Hamilton > BOP,NULL,2362
9001,36813,Hamilton > BOP,NULL,2362
9002,36813,Hamilton > BOP,NULL,2362
9003,36813,Hamilton > BOP,NULL,2362
9004,36813,Hamilton > BOP,NULL,2362
11969,31504,Hamilton > BOP,31458,11938
11970,31504,Hamilton > BOP,31458,11938
11971,31504,Hamilton > BOP,31458,11938
11972,31504,Hamilton > BOP,31458,11938
11973,31504,Hamilton > BOP,31458,11938
11992,31944,Hamilton > BOP,31458,11938
11993,31944,Hamilton > BOP,31458,11938
11994,31944,Hamilton > BOP,31458,11938
11995,31944,Hamilton > BOP,31458,11938
11996,31944,Hamilton > BOP,31458,11938
12010,31476,Hamilton > BOP,31458,11938
12011,31476,Hamilton > BOP,31458,11938
12012,31476,Hamilton > BOP,31458,11938
12013,31476,Hamilton > BOP,31458,11938
12014,31476,Hamilton > BOP,31458,11938
12028,31465,Hamilton > BOP,31458,11938
12029,31465,Hamilton > BOP,31458,11938
12030,31465,Hamilton > BOP,31458,11938
12031,31465,Hamilton > BOP,31458,11938
12032,31465,Hamilton > BOP,31458,11938
12046,31501,Hamilton > BOP,31458,11938
12047,31501,Hamilton > BOP,31458,11938
12048,31501,Hamilton > BOP,31458,11938
12049,31501,Hamilton > BOP,31458,11938
12050,31501,Hamilton > BOP,31458,11938
5007,31796,Hamilton > Tauranga afternoon,NULL,3099
5008,31796,Hamilton > Tauranga afternoon,NULL,3099
5009,31796,Hamilton > Tauranga afternoon,NULL,3099
5010,31796,Hamilton > Tauranga afternoon,NULL,3099
5011,31796,Hamilton > Tauranga afternoon,NULL,3099
7412,9196,Hamilton > Tauranga afternoon,NULL,3099
7413,9196,Hamilton > Tauranga afternoon,NULL,3099
7414,9196,Hamilton > Tauranga afternoon,NULL,3099
7415,9196,Hamilton > Tauranga afternoon,NULL,3099
7416,9196,Hamilton > Tauranga afternoon,NULL,3099
7557,9196,Hamilton > Tauranga afternoon,NULL,3099
7558,9196,Hamilton > Tauranga afternoon,NULL,3099
7559,9196,Hamilton > Tauranga afternoon,NULL,3099
7560,9196,Hamilton > Tauranga afternoon,NULL,3099
7561,9196,Hamilton > Tauranga afternoon,NULL,3099
9010,36813,Hamilton > Tauranga afternoon,NULL,3099
9011,36813,Hamilton > Tauranga afternoon,NULL,3099
9012,36813,Hamilton > Tauranga afternoon,NULL,3099
9013,36813,Hamilton > Tauranga afternoon,NULL,3099
9014,36813,Hamilton > Tauranga afternoon,NULL,3099
13671,32587,Hamilton > Waikato Morning,NULL,10388
13672,32587,Hamilton > Waikato Morning,NULL,10388
13673,32587,Hamilton > Waikato Morning,NULL,10388
13674,32587,Hamilton > Waikato Morning,NULL,10388
13675,32587,Hamilton > Waikato Morning,NULL,10388
6888,34623,Hamilton Chilled 5am Run,33710,3262
6889,34623,Hamilton Chilled 5am Run,33710,3262
6890,34623,Hamilton Chilled 5am Run,33710,3262
6891,34623,Hamilton Chilled 5am Run,33710,3262
6892,34623,Hamilton Chilled 5am Run,33710,3262
503,31654,Hamilton Weds Regional,32853,502
13542,37354,HB - Tauranga to Waikato Afternoon,37352,13502
13543,37354,HB - Tauranga to Waikato Afternoon,37352,13502
13544,37354,HB - Tauranga to Waikato Afternoon,37352,13502
13545,37354,HB - Tauranga to Waikato Afternoon,37352,13502
13546,37354,HB - Tauranga to Waikato Afternoon,37352,13502
13547,37354,HB - Tauranga to Waikato Morning,37352,13492
13548,37354,HB - Tauranga to Waikato Morning,37352,13492
13549,37354,HB - Tauranga to Waikato Morning,37352,13492
13550,37354,HB - Tauranga to Waikato Morning,37352,13492
13551,37354,HB - Tauranga to Waikato Morning,37352,13492
13517,37352,HB - Tauranga to Whakatane,37354,13512
13518,37352,HB - Tauranga to Whakatane,37354,13512
13519,37352,HB - Tauranga to Whakatane,37354,13512
13520,37352,HB - Tauranga to Whakatane,37354,13512
13521,37352,HB - Tauranga to Whakatane,37354,13512
13567,37354,HB - Whakatane to Tauranga,37352,13562
13568,37354,HB - Whakatane to Tauranga,37352,13562
13569,37354,HB - Whakatane to Tauranga,37352,13562
13570,37354,HB - Whakatane to Tauranga,37352,13562
13571,37354,HB - Whakatane to Tauranga,37352,13562
3335,14927,HLZ > AKL Day Run,3191,3073
3336,14927,HLZ > AKL Day Run,3191,3073
3337,14927,HLZ > AKL Day Run,3191,3073
3338,14927,HLZ > AKL Day Run,3191,3073
3339,14927,HLZ > AKL Day Run,3191,3073
3380,14582,HLZ > AKL Day Run,3191,3073
3381,14582,HLZ > AKL Day Run,3191,3073
3382,14582,HLZ > AKL Day Run,3191,3073
3383,14582,HLZ > AKL Day Run,3191,3073
3384,14582,HLZ > AKL Day Run,3191,3073
3425,16947,HLZ > AKL Day Run,3191,3073
3426,16947,HLZ > AKL Day Run,3191,3073
3427,16947,HLZ > AKL Day Run,3191,3073
3428,16947,HLZ > AKL Day Run,3191,3073
3429,16947,HLZ > AKL Day Run,3191,3073
3470,16513,HLZ > AKL Day Run,3191,3073
3471,16513,HLZ > AKL Day Run,3191,3073
3472,16513,HLZ > AKL Day Run,3191,3073
3473,16513,HLZ > AKL Day Run,3191,3073
3474,16513,HLZ > AKL Day Run,3191,3073
3515,18188,HLZ > AKL Day Run,3191,3073
3516,18188,HLZ > AKL Day Run,3191,3073
3517,18188,HLZ > AKL Day Run,3191,3073
3518,18188,HLZ > AKL Day Run,3191,3073
3519,18188,HLZ > AKL Day Run,3191,3073
3560,13713,HLZ > AKL Day Run,3191,3073
3561,13713,HLZ > AKL Day Run,3191,3073
3562,13713,HLZ > AKL Day Run,3191,3073
3563,13713,HLZ > AKL Day Run,3191,3073
3564,13713,HLZ > AKL Day Run,3191,3073
3650,504,HLZ > AKL Day Run,3191,3073
3651,504,HLZ > AKL Day Run,3191,3073
3652,504,HLZ > AKL Day Run,3191,3073
3653,504,HLZ > AKL Day Run,3191,3073
3654,504,HLZ > AKL Day Run,3191,3073
3695,14578,HLZ > AKL Day Run,3191,3073
3696,14578,HLZ > AKL Day Run,3191,3073
3697,14578,HLZ > AKL Day Run,3191,3073
3698,14578,HLZ > AKL Day Run,3191,3073
3699,14578,HLZ > AKL Day Run,3191,3073
3740,9477,HLZ > AKL Day Run,3191,3073
3741,9477,HLZ > AKL Day Run,3191,3073
3742,9477,HLZ > AKL Day Run,3191,3073
3743,9477,HLZ > AKL Day Run,3191,3073
3744,9477,HLZ > AKL Day Run,3191,3073
3785,14763,HLZ > AKL Day Run,3191,3073
3786,14763,HLZ > AKL Day Run,3191,3073
3787,14763,HLZ > AKL Day Run,3191,3073
3788,14763,HLZ > AKL Day Run,3191,3073
3789,14763,HLZ > AKL Day Run,3191,3073
3830,18185,HLZ > AKL Day Run,3191,3073
3831,18185,HLZ > AKL Day Run,3191,3073
3832,18185,HLZ > AKL Day Run,3191,3073
3833,18185,HLZ > AKL Day Run,3191,3073
3834,18185,HLZ > AKL Day Run,3191,3073
4827,13822,HLZ > AKL Day Run,3191,3073
4828,13822,HLZ > AKL Day Run,3191,3073
4829,13822,HLZ > AKL Day Run,3191,3073
4830,13822,HLZ > AKL Day Run,3191,3073
4831,13822,HLZ > AKL Day Run,3191,3073
4902,13773,HLZ > AKL Day Run,3191,3073
4903,13773,HLZ > AKL Day Run,3191,3073
4904,13773,HLZ > AKL Day Run,3191,3073
4905,13773,HLZ > AKL Day Run,3191,3073
4906,13773,HLZ > AKL Day Run,3191,3073
6333,35755,HLZ > AKL Day Run,3191,3073
6334,35755,HLZ > AKL Day Run,3191,3073
6335,35755,HLZ > AKL Day Run,3191,3073
6336,35755,HLZ > AKL Day Run,3191,3073
6337,35755,HLZ > AKL Day Run,3191,3073
6938,169,HLZ > AKL Day Run,3191,3073
6939,169,HLZ > AKL Day Run,3191,3073
6940,169,HLZ > AKL Day Run,3191,3073
6941,169,HLZ > AKL Day Run,3191,3073
6942,169,HLZ > AKL Day Run,3191,3073
7094,36672,HLZ > AKL Day Run,3191,3073
7095,36672,HLZ > AKL Day Run,3191,3073
7096,36672,HLZ > AKL Day Run,3191,3073
7097,36672,HLZ > AKL Day Run,3191,3073
7098,36672,HLZ > AKL Day Run,3191,3073
8640,36739,HLZ > AKL Day Run,3191,3073
8641,36739,HLZ > AKL Day Run,3191,3073
8642,36739,HLZ > AKL Day Run,3191,3073
8643,36739,HLZ > AKL Day Run,3191,3073
8644,36739,HLZ > AKL Day Run,3191,3073
10114,32946,HLZ > AKL Day Run,3191,3073
10115,32946,HLZ > AKL Day Run,3191,3073
10116,32946,HLZ > AKL Day Run,3191,3073
10117,32946,HLZ > AKL Day Run,3191,3073
10118,32946,HLZ > AKL Day Run,3191,3073
3385,14582,HLZ > AKL Next Day Run,3191,3287
3386,14582,HLZ > AKL Next Day Run,3191,3287
3387,14582,HLZ > AKL Next Day Run,3191,3287
3388,14582,HLZ > AKL Next Day Run,3191,3287
3389,14582,HLZ > AKL Next Day Run,3191,3287
3430,16947,HLZ > AKL Next Day Run,3191,3287
3431,16947,HLZ > AKL Next Day Run,3191,3287
3432,16947,HLZ > AKL Next Day Run,3191,3287
3433,16947,HLZ > AKL Next Day Run,3191,3287
3434,16947,HLZ > AKL Next Day Run,3191,3287
3475,16513,HLZ > AKL Next Day Run,3191,3287
3476,16513,HLZ > AKL Next Day Run,3191,3287
3477,16513,HLZ > AKL Next Day Run,3191,3287
3478,16513,HLZ > AKL Next Day Run,3191,3287
3479,16513,HLZ > AKL Next Day Run,3191,3287
3520,18188,HLZ > AKL Next Day Run,3191,3287
3521,18188,HLZ > AKL Next Day Run,3191,3287
3522,18188,HLZ > AKL Next Day Run,3191,3287
3523,18188,HLZ > AKL Next Day Run,3191,3287
3524,18188,HLZ > AKL Next Day Run,3191,3287
3565,13713,HLZ > AKL Next Day Run,3191,3287
3566,13713,HLZ > AKL Next Day Run,3191,3287
3567,13713,HLZ > AKL Next Day Run,3191,3287
3568,13713,HLZ > AKL Next Day Run,3191,3287
3569,13713,HLZ > AKL Next Day Run,3191,3287
3655,504,HLZ > AKL Next Day Run,3191,3287
3656,504,HLZ > AKL Next Day Run,3191,3287
3657,504,HLZ > AKL Next Day Run,3191,3287
3658,504,HLZ > AKL Next Day Run,3191,3287
3659,504,HLZ > AKL Next Day Run,3191,3287
3745,9477,HLZ > AKL Next Day Run,3191,3287
3746,9477,HLZ > AKL Next Day Run,3191,3287
3747,9477,HLZ > AKL Next Day Run,3191,3287
3748,9477,HLZ > AKL Next Day Run,3191,3287
3749,9477,HLZ > AKL Next Day Run,3191,3287
3790,14763,HLZ > AKL Next Day Run,3191,3287
3791,14763,HLZ > AKL Next Day Run,3191,3287
3792,14763,HLZ > AKL Next Day Run,3191,3287
3793,14763,HLZ > AKL Next Day Run,3191,3287
3794,14763,HLZ > AKL Next Day Run,3191,3287
3835,18185,HLZ > AKL Next Day Run,3191,3287
3836,18185,HLZ > AKL Next Day Run,3191,3287
3837,18185,HLZ > AKL Next Day Run,3191,3287
3838,18185,HLZ > AKL Next Day Run,3191,3287
3839,18185,HLZ > AKL Next Day Run,3191,3287
4832,13822,HLZ > AKL Next Day Run,3191,3287
4833,13822,HLZ > AKL Next Day Run,3191,3287
4834,13822,HLZ > AKL Next Day Run,3191,3287
4835,13822,HLZ > AKL Next Day Run,3191,3287
4836,13822,HLZ > AKL Next Day Run,3191,3287
4907,13773,HLZ > AKL Next Day Run,3191,3287
4908,13773,HLZ > AKL Next Day Run,3191,3287
4909,13773,HLZ > AKL Next Day Run,3191,3287
4910,13773,HLZ > AKL Next Day Run,3191,3287
4911,13773,HLZ > AKL Next Day Run,3191,3287
6338,35755,HLZ > AKL Next Day Run,3191,3287
6339,35755,HLZ > AKL Next Day Run,3191,3287
6340,35755,HLZ > AKL Next Day Run,3191,3287
6341,35755,HLZ > AKL Next Day Run,3191,3287
6342,35755,HLZ > AKL Next Day Run,3191,3287
6943,169,HLZ > AKL Next Day Run,3191,3287
6944,169,HLZ > AKL Next Day Run,3191,3287
6945,169,HLZ > AKL Next Day Run,3191,3287
6946,169,HLZ > AKL Next Day Run,3191,3287
6947,169,HLZ > AKL Next Day Run,3191,3287
7099,36672,HLZ > AKL Next Day Run,3191,3287
7100,36672,HLZ > AKL Next Day Run,3191,3287
7101,36672,HLZ > AKL Next Day Run,3191,3287
7102,36672,HLZ > AKL Next Day Run,3191,3287
7103,36672,HLZ > AKL Next Day Run,3191,3287
8645,36739,HLZ > AKL Next Day Run,3191,3287
8646,36739,HLZ > AKL Next Day Run,3191,3287
8647,36739,HLZ > AKL Next Day Run,3191,3287
8648,36739,HLZ > AKL Next Day Run,3191,3287
8649,36739,HLZ > AKL Next Day Run,3191,3287
10119,32946,HLZ > AKL Next Day Run,3191,3287
10120,32946,HLZ > AKL Next Day Run,3191,3287
10121,32946,HLZ > AKL Next Day Run,3191,3287
10122,32946,HLZ > AKL Next Day Run,3191,3287
10123,32946,HLZ > AKL Next Day Run,3191,3287
3700,14578,HLZ > AKL Next Day Run,14927,3340
3701,14578,HLZ > AKL Next Day Run,14927,3340
3702,14578,HLZ > AKL Next Day Run,14927,3340
3703,14578,HLZ > AKL Next Day Run,14927,3340
3704,14578,HLZ > AKL Next Day Run,14927,3340
3390,14582,HLZ > AKL PM Day Run,3191,3109
3391,14582,HLZ > AKL PM Day Run,3191,3109
3392,14582,HLZ > AKL PM Day Run,3191,3109
3393,14582,HLZ > AKL PM Day Run,3191,3109
3394,14582,HLZ > AKL PM Day Run,3191,3109
3435,16947,HLZ > AKL PM Day Run,3191,3109
3436,16947,HLZ > AKL PM Day Run,3191,3109
3437,16947,HLZ > AKL PM Day Run,3191,3109
3438,16947,HLZ > AKL PM Day Run,3191,3109
3439,16947,HLZ > AKL PM Day Run,3191,3109
3480,16513,HLZ > AKL PM Day Run,3191,3109
3481,16513,HLZ > AKL PM Day Run,3191,3109
3482,16513,HLZ > AKL PM Day Run,3191,3109
3483,16513,HLZ > AKL PM Day Run,3191,3109
3484,16513,HLZ > AKL PM Day Run,3191,3109
3525,18188,HLZ > AKL PM Day Run,3191,3109
3526,18188,HLZ > AKL PM Day Run,3191,3109
3527,18188,HLZ > AKL PM Day Run,3191,3109
3528,18188,HLZ > AKL PM Day Run,3191,3109
3529,18188,HLZ > AKL PM Day Run,3191,3109
3570,13713,HLZ > AKL PM Day Run,3191,3109
3571,13713,HLZ > AKL PM Day Run,3191,3109
3572,13713,HLZ > AKL PM Day Run,3191,3109
3573,13713,HLZ > AKL PM Day Run,3191,3109
3574,13713,HLZ > AKL PM Day Run,3191,3109
3660,504,HLZ > AKL PM Day Run,3191,3109
3661,504,HLZ > AKL PM Day Run,3191,3109
3662,504,HLZ > AKL PM Day Run,3191,3109
3663,504,HLZ > AKL PM Day Run,3191,3109
3664,504,HLZ > AKL PM Day Run,3191,3109
3705,14578,HLZ > AKL PM Day Run,3191,3109
3706,14578,HLZ > AKL PM Day Run,3191,3109
3707,14578,HLZ > AKL PM Day Run,3191,3109
3708,14578,HLZ > AKL PM Day Run,3191,3109
3709,14578,HLZ > AKL PM Day Run,3191,3109
3750,9477,HLZ > AKL PM Day Run,3191,3109
3751,9477,HLZ > AKL PM Day Run,3191,3109
3752,9477,HLZ > AKL PM Day Run,3191,3109
3753,9477,HLZ > AKL PM Day Run,3191,3109
3754,9477,HLZ > AKL PM Day Run,3191,3109
3795,14763,HLZ > AKL PM Day Run,3191,3109
3796,14763,HLZ > AKL PM Day Run,3191,3109
3797,14763,HLZ > AKL PM Day Run,3191,3109
3798,14763,HLZ > AKL PM Day Run,3191,3109
3799,14763,HLZ > AKL PM Day Run,3191,3109
3840,18185,HLZ > AKL PM Day Run,3191,3109
3841,18185,HLZ > AKL PM Day Run,3191,3109
3842,18185,HLZ > AKL PM Day Run,3191,3109
3843,18185,HLZ > AKL PM Day Run,3191,3109
3844,18185,HLZ > AKL PM Day Run,3191,3109
4837,13822,HLZ > AKL PM Day Run,3191,3109
4838,13822,HLZ > AKL PM Day Run,3191,3109
4839,13822,HLZ > AKL PM Day Run,3191,3109
4840,13822,HLZ > AKL PM Day Run,3191,3109
4841,13822,HLZ > AKL PM Day Run,3191,3109
4912,13773,HLZ > AKL PM Day Run,3191,3109
4913,13773,HLZ > AKL PM Day Run,3191,3109
4914,13773,HLZ > AKL PM Day Run,3191,3109
4915,13773,HLZ > AKL PM Day Run,3191,3109
4916,13773,HLZ > AKL PM Day Run,3191,3109
6343,35755,HLZ > AKL PM Day Run,3191,3109
6344,35755,HLZ > AKL PM Day Run,3191,3109
6345,35755,HLZ > AKL PM Day Run,3191,3109
6346,35755,HLZ > AKL PM Day Run,3191,3109
6347,35755,HLZ > AKL PM Day Run,3191,3109
6948,169,HLZ > AKL PM Day Run,3191,3109
6949,169,HLZ > AKL PM Day Run,3191,3109
6950,169,HLZ > AKL PM Day Run,3191,3109
6951,169,HLZ > AKL PM Day Run,3191,3109
6952,169,HLZ > AKL PM Day Run,3191,3109
7104,36672,HLZ > AKL PM Day Run,3191,3109
7105,36672,HLZ > AKL PM Day Run,3191,3109
7106,36672,HLZ > AKL PM Day Run,3191,3109
7107,36672,HLZ > AKL PM Day Run,3191,3109
7108,36672,HLZ > AKL PM Day Run,3191,3109
8650,36739,HLZ > AKL PM Day Run,3191,3109
8651,36739,HLZ > AKL PM Day Run,3191,3109
8652,36739,HLZ > AKL PM Day Run,3191,3109
8653,36739,HLZ > AKL PM Day Run,3191,3109
8654,36739,HLZ > AKL PM Day Run,3191,3109
10124,32946,HLZ > AKL PM Day Run,14927,3345
10125,32946,HLZ > AKL PM Day Run,14927,3345
10126,32946,HLZ > AKL PM Day Run,14927,3345
10127,32946,HLZ > AKL PM Day Run,14927,3345
10128,32946,HLZ > AKL PM Day Run,14927,3345
13332,32929,Hyper Ride 2 - 3 Hour Service 10am,15744,2983
13333,32929,Hyper Ride 2 - 3 Hour Service 10am,15744,2983
13334,32929,Hyper Ride 2 - 3 Hour Service 10am,15744,2983
13335,32929,Hyper Ride 2 - 3 Hour Service 10am,15744,2983
13336,32929,Hyper Ride 2 - 3 Hour Service 10am,15744,2983
12092,15608,Kaimai - North Island Freight Collection,32082,11928
12093,15608,Kaimai - North Island Freight Collection,32082,11928
12094,15608,Kaimai - North Island Freight Collection,32082,11928
12095,15608,Kaimai - North Island Freight Collection,32082,11928
12096,15608,Kaimai - North Island Freight Collection,32082,11928
881,33091,Monday Afternoon Express,33089,876
317,32822,Monday Evening Express,32758,189
866,33091,Monday Evening Express,33089,861
341,32799,Monday Evening Home,32770,205
886,33091,Monday Morning Express,33089,871
4769,33656,Mothers Day,17589,4768
13759,17272,Outer BOP > Tauranga,NULL,12831
13760,17272,Outer BOP > Tauranga,NULL,12831
13761,17272,Outer BOP > Tauranga,NULL,12831
13762,17272,Outer BOP > Tauranga,NULL,12831
13763,17272,Outer BOP > Tauranga,NULL,12831
8790,36834,P2P Auckland > BoP Express 10am - 3:30pm,32896,7846
8791,36834,P2P Auckland > BoP Express 10am - 3:30pm,32896,7846
8792,36834,P2P Auckland > BoP Express 10am - 3:30pm,32896,7846
8793,36834,P2P Auckland > BoP Express 10am - 3:30pm,32896,7846
8794,36834,P2P Auckland > BoP Express 10am - 3:30pm,32896,7846
8795,36834,P2P Auckland > Hamilton Express 1pm - 5pm,32896,5017
8796,36834,P2P Auckland > Hamilton Express 1pm - 5pm,32896,5017
8797,36834,P2P Auckland > Hamilton Express 1pm - 5pm,32896,5017
8798,36834,P2P Auckland > Hamilton Express 1pm - 5pm,32896,5017
8799,36834,P2P Auckland > Hamilton Express 1pm - 5pm,32896,5017
10819,18188,Pukekohe > AKL Returns,35755,10688
10820,18188,Pukekohe > AKL Returns,35755,10688
10821,18188,Pukekohe > AKL Returns,35755,10688
10822,18188,Pukekohe > AKL Returns,35755,10688
10823,18188,Pukekohe > AKL Returns,35755,10688
10924,36739,Pukekohe > AKL Returns,35755,10688
10925,36739,Pukekohe > AKL Returns,35755,10688
10926,36739,Pukekohe > AKL Returns,35755,10688
10927,36739,Pukekohe > AKL Returns,35755,10688
10928,36739,Pukekohe > AKL Returns,35755,10688
11134,13773,Pukekohe > AKL Returns,35755,10688
11135,13773,Pukekohe > AKL Returns,35755,10688
11136,13773,Pukekohe > AKL Returns,35755,10688
11137,13773,Pukekohe > AKL Returns,35755,10688
11138,13773,Pukekohe > AKL Returns,35755,10688
7664,14927,Pukekohe > AKL Run,13713,7617
7665,14927,Pukekohe > AKL Run,13713,7617
7666,14927,Pukekohe > AKL Run,13713,7617
7667,14927,Pukekohe > AKL Run,13713,7617
7668,14927,Pukekohe > AKL Run,13713,7617
7730,16947,Pukekohe > AKL Run,13713,7617
7731,16947,Pukekohe > AKL Run,13713,7617
7732,16947,Pukekohe > AKL Run,13713,7617
7733,16947,Pukekohe > AKL Run,13713,7617
7734,16947,Pukekohe > AKL Run,13713,7617
9298,14578,Pukekohe > AKL Run,13713,7617
9299,14578,Pukekohe > AKL Run,13713,7617
9300,14578,Pukekohe > AKL Run,13713,7617
9301,14578,Pukekohe > AKL Run,13713,7617
9302,14578,Pukekohe > AKL Run,13713,7617
9484,3191,Pukekohe > AKL Run,13713,7617
9485,3191,Pukekohe > AKL Run,13713,7617
9486,3191,Pukekohe > AKL Run,13713,7617
9487,3191,Pukekohe > AKL Run,13713,7617
9488,3191,Pukekohe > AKL Run,13713,7617
9564,169,Pukekohe > AKL Run,18185,9192
9565,169,Pukekohe > AKL Run,18185,9192
9566,169,Pukekohe > AKL Run,18185,9192
9567,169,Pukekohe > AKL Run,18185,9192
9568,169,Pukekohe > AKL Run,18185,9192
10194,32946,Pukekohe > AKL Run,18185,9192
10195,32946,Pukekohe > AKL Run,18185,9192
10196,32946,Pukekohe > AKL Run,18185,9192
10197,32946,Pukekohe > AKL Run,18185,9192
10198,32946,Pukekohe > AKL Run,18185,9192
10568,14821,Pukekohe > AKL Run,18185,9192
10569,14821,Pukekohe > AKL Run,18185,9192
10570,14821,Pukekohe > AKL Run,18185,9192
10571,14821,Pukekohe > AKL Run,18185,9192
10572,14821,Pukekohe > AKL Run,18185,9192
10578,9477,Pukekohe > AKL Run,18185,9192
10579,9477,Pukekohe > AKL Run,18185,9192
10580,9477,Pukekohe > AKL Run,18185,9192
10581,9477,Pukekohe > AKL Run,18185,9192
10582,9477,Pukekohe > AKL Run,18185,9192
9611,169,Pukekohe Afternoon Delivery,3191,9606
9612,169,Pukekohe Afternoon Delivery,3191,9606
9613,169,Pukekohe Afternoon Delivery,3191,9606
9614,169,Pukekohe Afternoon Delivery,3191,9606
9615,169,Pukekohe Afternoon Delivery,3191,9606
10678,9477,Pukekohe Afternoon Delivery,3191,9606
10679,9477,Pukekohe Afternoon Delivery,3191,9606
10680,9477,Pukekohe Afternoon Delivery,3191,9606
10681,9477,Pukekohe Afternoon Delivery,3191,9606
10682,9477,Pukekohe Afternoon Delivery,3191,9606
10693,35755,Pukekohe Afternoon Delivery,3191,9606
10694,35755,Pukekohe Afternoon Delivery,3191,9606
10695,35755,Pukekohe Afternoon Delivery,3191,9606
10696,35755,Pukekohe Afternoon Delivery,3191,9606
10697,35755,Pukekohe Afternoon Delivery,3191,9606
9682,16947,Pukekohe Afternoon Delivery,18185,9596
9683,16947,Pukekohe Afternoon Delivery,18185,9596
9684,16947,Pukekohe Afternoon Delivery,18185,9596
9685,16947,Pukekohe Afternoon Delivery,18185,9596
9686,16947,Pukekohe Afternoon Delivery,18185,9596
3350,14927,ROT > AKL Day Run,3191,3282
3351,14927,ROT > AKL Day Run,3191,3282
3352,14927,ROT > AKL Day Run,3191,3282
3353,14927,ROT > AKL Day Run,3191,3282
3354,14927,ROT > AKL Day Run,3191,3282
3440,16947,ROT > AKL Day Run,3191,3282
3441,16947,ROT > AKL Day Run,3191,3282
3442,16947,ROT > AKL Day Run,3191,3282
3443,16947,ROT > AKL Day Run,3191,3282
3444,16947,ROT > AKL Day Run,3191,3282
3485,16513,ROT > AKL Day Run,3191,3282
3486,16513,ROT > AKL Day Run,3191,3282
3487,16513,ROT > AKL Day Run,3191,3282
3488,16513,ROT > AKL Day Run,3191,3282
3489,16513,ROT > AKL Day Run,3191,3282
3530,18188,ROT > AKL Day Run,3191,3282
3531,18188,ROT > AKL Day Run,3191,3282
3532,18188,ROT > AKL Day Run,3191,3282
3533,18188,ROT > AKL Day Run,3191,3282
3534,18188,ROT > AKL Day Run,3191,3282
3575,13713,ROT > AKL Day Run,3191,3282
3576,13713,ROT > AKL Day Run,3191,3282
3577,13713,ROT > AKL Day Run,3191,3282
3578,13713,ROT > AKL Day Run,3191,3282
3579,13713,ROT > AKL Day Run,3191,3282
3665,504,ROT > AKL Day Run,3191,3282
3666,504,ROT > AKL Day Run,3191,3282
3667,504,ROT > AKL Day Run,3191,3282
3668,504,ROT > AKL Day Run,3191,3282
3669,504,ROT > AKL Day Run,3191,3282
3710,14578,ROT > AKL Day Run,3191,3282
3711,14578,ROT > AKL Day Run,3191,3282
3712,14578,ROT > AKL Day Run,3191,3282
3713,14578,ROT > AKL Day Run,3191,3282
3714,14578,ROT > AKL Day Run,3191,3282
3755,9477,ROT > AKL Day Run,3191,3282
3756,9477,ROT > AKL Day Run,3191,3282
3757,9477,ROT > AKL Day Run,3191,3282
3758,9477,ROT > AKL Day Run,3191,3282
3759,9477,ROT > AKL Day Run,3191,3282
3800,14763,ROT > AKL Day Run,3191,3282
3801,14763,ROT > AKL Day Run,3191,3282
3802,14763,ROT > AKL Day Run,3191,3282
3803,14763,ROT > AKL Day Run,3191,3282
3804,14763,ROT > AKL Day Run,3191,3282
3845,18185,ROT > AKL Day Run,3191,3282
3846,18185,ROT > AKL Day Run,3191,3282
3847,18185,ROT > AKL Day Run,3191,3282
3848,18185,ROT > AKL Day Run,3191,3282
3849,18185,ROT > AKL Day Run,3191,3282
4842,13822,ROT > AKL Day Run,3191,3282
4843,13822,ROT > AKL Day Run,3191,3282
4844,13822,ROT > AKL Day Run,3191,3282
4845,13822,ROT > AKL Day Run,3191,3282
4846,13822,ROT > AKL Day Run,3191,3282
4917,13773,ROT > AKL Day Run,3191,3282
4918,13773,ROT > AKL Day Run,3191,3282
4919,13773,ROT > AKL Day Run,3191,3282
4920,13773,ROT > AKL Day Run,3191,3282
4921,13773,ROT > AKL Day Run,3191,3282
6348,35755,ROT > AKL Day Run,3191,3282
6349,35755,ROT > AKL Day Run,3191,3282
6350,35755,ROT > AKL Day Run,3191,3282
6351,35755,ROT > AKL Day Run,3191,3282
6352,35755,ROT > AKL Day Run,3191,3282
6953,169,ROT > AKL Day Run,3191,3282
6954,169,ROT > AKL Day Run,3191,3282
6955,169,ROT > AKL Day Run,3191,3282
6956,169,ROT > AKL Day Run,3191,3282
6957,169,ROT > AKL Day Run,3191,3282
7109,36672,ROT > AKL Day Run,3191,3282
7110,36672,ROT > AKL Day Run,3191,3282
7111,36672,ROT > AKL Day Run,3191,3282
7112,36672,ROT > AKL Day Run,3191,3282
7113,36672,ROT > AKL Day Run,3191,3282
10129,32946,ROT > AKL Day Run,3191,3282
10130,32946,ROT > AKL Day Run,3191,3282
10131,32946,ROT > AKL Day Run,3191,3282
10132,32946,ROT > AKL Day Run,3191,3282
10133,32946,ROT > AKL Day Run,3191,3282
3445,16947,ROT > AKL Next Day Run,3191,3083
3446,16947,ROT > AKL Next Day Run,3191,3083
3447,16947,ROT > AKL Next Day Run,3191,3083
3448,16947,ROT > AKL Next Day Run,3191,3083
3449,16947,ROT > AKL Next Day Run,3191,3083
3490,16513,ROT > AKL Next Day Run,3191,3083
3491,16513,ROT > AKL Next Day Run,3191,3083
3492,16513,ROT > AKL Next Day Run,3191,3083
3493,16513,ROT > AKL Next Day Run,3191,3083
3494,16513,ROT > AKL Next Day Run,3191,3083
3535,18188,ROT > AKL Next Day Run,3191,3083
3536,18188,ROT > AKL Next Day Run,3191,3083
3537,18188,ROT > AKL Next Day Run,3191,3083
3538,18188,ROT > AKL Next Day Run,3191,3083
3539,18188,ROT > AKL Next Day Run,3191,3083
3580,13713,ROT > AKL Next Day Run,3191,3083
3581,13713,ROT > AKL Next Day Run,3191,3083
3582,13713,ROT > AKL Next Day Run,3191,3083
3583,13713,ROT > AKL Next Day Run,3191,3083
3584,13713,ROT > AKL Next Day Run,3191,3083
3670,504,ROT > AKL Next Day Run,3191,3083
3671,504,ROT > AKL Next Day Run,3191,3083
3672,504,ROT > AKL Next Day Run,3191,3083
3673,504,ROT > AKL Next Day Run,3191,3083
3674,504,ROT > AKL Next Day Run,3191,3083
3760,9477,ROT > AKL Next Day Run,3191,3083
3761,9477,ROT > AKL Next Day Run,3191,3083
3762,9477,ROT > AKL Next Day Run,3191,3083
3763,9477,ROT > AKL Next Day Run,3191,3083
3764,9477,ROT > AKL Next Day Run,3191,3083
3805,14763,ROT > AKL Next Day Run,3191,3083
3806,14763,ROT > AKL Next Day Run,3191,3083
3807,14763,ROT > AKL Next Day Run,3191,3083
3808,14763,ROT > AKL Next Day Run,3191,3083
3809,14763,ROT > AKL Next Day Run,3191,3083
3850,18185,ROT > AKL Next Day Run,3191,3083
3851,18185,ROT > AKL Next Day Run,3191,3083
3852,18185,ROT > AKL Next Day Run,3191,3083
3853,18185,ROT > AKL Next Day Run,3191,3083
3854,18185,ROT > AKL Next Day Run,3191,3083
4847,13822,ROT > AKL Next Day Run,3191,3083
4848,13822,ROT > AKL Next Day Run,3191,3083
4849,13822,ROT > AKL Next Day Run,3191,3083
4850,13822,ROT > AKL Next Day Run,3191,3083
4851,13822,ROT > AKL Next Day Run,3191,3083
4922,13773,ROT > AKL Next Day Run,3191,3083
4923,13773,ROT > AKL Next Day Run,3191,3083
4924,13773,ROT > AKL Next Day Run,3191,3083
4925,13773,ROT > AKL Next Day Run,3191,3083
4926,13773,ROT > AKL Next Day Run,3191,3083
6353,35755,ROT > AKL Next Day Run,3191,3083
6354,35755,ROT > AKL Next Day Run,3191,3083
6355,35755,ROT > AKL Next Day Run,3191,3083
6356,35755,ROT > AKL Next Day Run,3191,3083
6357,35755,ROT > AKL Next Day Run,3191,3083
6958,169,ROT > AKL Next Day Run,3191,3083
6959,169,ROT > AKL Next Day Run,3191,3083
6960,169,ROT > AKL Next Day Run,3191,3083
6961,169,ROT > AKL Next Day Run,3191,3083
6962,169,ROT > AKL Next Day Run,3191,3083
7114,36672,ROT > AKL Next Day Run,3191,3083
7115,36672,ROT > AKL Next Day Run,3191,3083
7116,36672,ROT > AKL Next Day Run,3191,3083
7117,36672,ROT > AKL Next Day Run,3191,3083
7118,36672,ROT > AKL Next Day Run,3191,3083
10134,32946,ROT > AKL Next Day Run,3191,3083
10135,32946,ROT > AKL Next Day Run,3191,3083
10136,32946,ROT > AKL Next Day Run,3191,3083
10137,32946,ROT > AKL Next Day Run,3191,3083
10138,32946,ROT > AKL Next Day Run,3191,3083
13602,16166,Standard Baggage Run 12 pm,16730,11380
13603,16166,Standard Baggage Run 12 pm,16730,11380
13604,16166,Standard Baggage Run 12 pm,16730,11380
13605,16166,Standard Baggage Run 12 pm,16730,11380
13606,16166,Standard Baggage Run 12 pm,16730,11380
13607,16166,Standard Baggage Run 12 pm,16730,11380
13608,16166,Standard Baggage Run 12 pm,16730,11380
12247,17326,Standard Baggage Run 4pm,16730,11329
12248,17326,Standard Baggage Run 4pm,16730,11329
12249,17326,Standard Baggage Run 4pm,16730,11329
12250,17326,Standard Baggage Run 4pm,16730,11329
12251,17326,Standard Baggage Run 4pm,16730,11329
12252,17326,Standard Baggage Run 4pm,16730,11329
12253,17326,Standard Baggage Run 4pm,16730,11329
13355,35642,Standard Baggage Run 4pm,16730,11329
13356,35642,Standard Baggage Run 4pm,16730,11329
13357,35642,Standard Baggage Run 4pm,16730,11329
13358,35642,Standard Baggage Run 4pm,16730,11329
13359,35642,Standard Baggage Run 4pm,16730,11329
13360,35642,Standard Baggage Run 4pm,16730,11329
13361,35642,Standard Baggage Run 4pm,16730,11329
13609,16166,Standard Baggage Run 4pm,16730,11329
13610,16166,Standard Baggage Run 4pm,16730,11329
13611,16166,Standard Baggage Run 4pm,16730,11329
13612,16166,Standard Baggage Run 4pm,16730,11329
13613,16166,Standard Baggage Run 4pm,16730,11329
13614,16166,Standard Baggage Run 4pm,16730,11329
13615,16166,Standard Baggage Run 4pm,16730,11329
12261,17326,Standard Baggage Run 6pm,16730,11373
12262,17326,Standard Baggage Run 6pm,16730,11373
12263,17326,Standard Baggage Run 6pm,16730,11373
12264,17326,Standard Baggage Run 6pm,16730,11373
12265,17326,Standard Baggage Run 6pm,16730,11373
12266,17326,Standard Baggage Run 6pm,16730,11373
12267,17326,Standard Baggage Run 6pm,16730,11373
13362,35642,Standard Baggage Run 6pm,16730,11373
13363,35642,Standard Baggage Run 6pm,16730,11373
13364,35642,Standard Baggage Run 6pm,16730,11373
13365,35642,Standard Baggage Run 6pm,16730,11373
13366,35642,Standard Baggage Run 6pm,16730,11373
13367,35642,Standard Baggage Run 6pm,16730,11373
13368,35642,Standard Baggage Run 6pm,16730,11373
13616,16166,Standard Baggage Run 6pm,16730,11373
13617,16166,Standard Baggage Run 6pm,16730,11373
13618,16166,Standard Baggage Run 6pm,16730,11373
13619,16166,Standard Baggage Run 6pm,16730,11373
13620,16166,Standard Baggage Run 6pm,16730,11373
13621,16166,Standard Baggage Run 6pm,16730,11373
13622,16166,Standard Baggage Run 6pm,16730,11373
13369,35642,Standard Baggage Run 9pm,16730,11366
13370,35642,Standard Baggage Run 9pm,16730,11366
13371,35642,Standard Baggage Run 9pm,16730,11366
13372,35642,Standard Baggage Run 9pm,16730,11366
13373,35642,Standard Baggage Run 9pm,16730,11366
13374,35642,Standard Baggage Run 9pm,16730,11366
13375,35642,Standard Baggage Run 9pm,16730,11366
13623,16166,Standard Baggage Run 9pm,16730,11366
13624,16166,Standard Baggage Run 9pm,16730,11366
13625,16166,Standard Baggage Run 9pm,16730,11366
13626,16166,Standard Baggage Run 9pm,16730,11366
13627,16166,Standard Baggage Run 9pm,16730,11366
13628,16166,Standard Baggage Run 9pm,16730,11366
13629,16166,Standard Baggage Run 9pm,16730,11366
8559,17589,Store-to-Door Express Delivery 10am,36266,8349
8560,17589,Store-to-Door Express Delivery 10am,36266,8349
8561,17589,Store-to-Door Express Delivery 10am,36266,8349
8562,17589,Store-to-Door Express Delivery 10am,36266,8349
8563,17589,Store-to-Door Express Delivery 10am,36266,8349
8565,17589,Store-to-Door Express Delivery 11am,36266,8357
8566,17589,Store-to-Door Express Delivery 11am,36266,8357
8567,17589,Store-to-Door Express Delivery 11am,36266,8357
8568,17589,Store-to-Door Express Delivery 11am,36266,8357
8569,17589,Store-to-Door Express Delivery 11am,36266,8357
8593,17589,Store-to-Door Express Delivery 12pm,36266,8377
8594,17589,Store-to-Door Express Delivery 12pm,36266,8377
8596,17589,Store-to-Door Express Delivery 12pm,36266,8377
8597,17589,Store-to-Door Express Delivery 12pm,36266,8377
8598,17589,Store-to-Door Express Delivery 12pm,36266,8377
8572,17589,Store-to-Door Express Delivery 1pm,36266,8363
8573,17589,Store-to-Door Express Delivery 1pm,36266,8363
8575,17589,Store-to-Door Express Delivery 1pm,36266,8363
8576,17589,Store-to-Door Express Delivery 1pm,36266,8363
8577,17589,Store-to-Door Express Delivery 1pm,36266,8363
8579,17589,Store-to-Door Express Delivery 2pm,36266,8370
8580,17589,Store-to-Door Express Delivery 2pm,36266,8370
8581,17589,Store-to-Door Express Delivery 2pm,36266,8370
8582,17589,Store-to-Door Express Delivery 2pm,36266,8370
8583,17589,Store-to-Door Express Delivery 2pm,36266,8370
376,32854,Sunday Auckland Home Delivery,32853,370
377,32854,Sunday Christchurch Home Delivery,32853,369
378,32854,Sunday Hamilton Home Delivery,32853,371
379,32854,Sunday Napier Home Delivery,32853,372
381,32854,Sunday Palmerston North Home Delivery,32853,374
382,32854,Sunday Tauranga Home Delivery,32853,373
380,32854,Sunday Wellington Home Delivery,32853,375
12337,36813,Taupo > Tauranga,NULL,11822
12338,36813,Taupo > Tauranga,NULL,11822
12339,36813,Taupo > Tauranga,NULL,11822
5060,33118,Tauranga 1 Hour*10:00:00-11:00:00,12671,1747
5061,33118,Tauranga 1 Hour*10:00:00-11:00:00,12671,1747
5062,33118,Tauranga 1 Hour*10:00:00-11:00:00,12671,1747
5063,33118,Tauranga 1 Hour*10:00:00-11:00:00,12671,1747
5064,33118,Tauranga 1 Hour*10:00:00-11:00:00,12671,1747
5065,33118,Tauranga 1 Hour*10:00:00-11:00:00,12671,1747
5066,33118,Tauranga 1 Hour*10:00:00-11:00:00,12671,1747
5067,33118,Tauranga 1 Hour*11:00:00-12:00:00,12671,1748
5068,33118,Tauranga 1 Hour*11:00:00-12:00:00,12671,1748
5069,33118,Tauranga 1 Hour*11:00:00-12:00:00,12671,1748
5070,33118,Tauranga 1 Hour*11:00:00-12:00:00,12671,1748
5071,33118,Tauranga 1 Hour*11:00:00-12:00:00,12671,1748
5072,33118,Tauranga 1 Hour*11:00:00-12:00:00,12671,1748
5073,33118,Tauranga 1 Hour*11:00:00-12:00:00,12671,1748
5074,33118,Tauranga 1 Hour*12:00:00-13:00:00,12671,1749
5075,33118,Tauranga 1 Hour*12:00:00-13:00:00,12671,1749
5076,33118,Tauranga 1 Hour*12:00:00-13:00:00,12671,1749
5077,33118,Tauranga 1 Hour*12:00:00-13:00:00,12671,1749
5078,33118,Tauranga 1 Hour*12:00:00-13:00:00,12671,1749
5079,33118,Tauranga 1 Hour*12:00:00-13:00:00,12671,1749
5080,33118,Tauranga 1 Hour*12:00:00-13:00:00,12671,1749
5081,33118,Tauranga 1 Hour*13:00:00-14:00:00,12671,1750
5082,33118,Tauranga 1 Hour*13:00:00-14:00:00,12671,1750
5083,33118,Tauranga 1 Hour*13:00:00-14:00:00,12671,1750
5084,33118,Tauranga 1 Hour*13:00:00-14:00:00,12671,1750
5085,33118,Tauranga 1 Hour*13:00:00-14:00:00,12671,1750
5086,33118,Tauranga 1 Hour*13:00:00-14:00:00,12671,1750
5087,33118,Tauranga 1 Hour*13:00:00-14:00:00,12671,1750
5088,33118,Tauranga 1 Hour*14:00:00-15:00:00,12671,1751
5089,33118,Tauranga 1 Hour*14:00:00-15:00:00,12671,1751
5090,33118,Tauranga 1 Hour*14:00:00-15:00:00,12671,1751
5091,33118,Tauranga 1 Hour*14:00:00-15:00:00,12671,1751
5092,33118,Tauranga 1 Hour*14:00:00-15:00:00,12671,1751
5093,33118,Tauranga 1 Hour*14:00:00-15:00:00,12671,1751
5094,33118,Tauranga 1 Hour*14:00:00-15:00:00,12671,1751
5095,33118,Tauranga 1 Hour*15:00:00-16:00:00,12671,1752
5096,33118,Tauranga 1 Hour*15:00:00-16:00:00,12671,1752
5097,33118,Tauranga 1 Hour*15:00:00-16:00:00,12671,1752
5098,33118,Tauranga 1 Hour*15:00:00-16:00:00,12671,1752
5099,33118,Tauranga 1 Hour*15:00:00-16:00:00,12671,1752
5100,33118,Tauranga 1 Hour*15:00:00-16:00:00,12671,1752
5101,33118,Tauranga 1 Hour*15:00:00-16:00:00,12671,1752
5102,33118,Tauranga 1 Hour*16:00:00-17:00:00,12671,1753
5103,33118,Tauranga 1 Hour*16:00:00-17:00:00,12671,1753
5104,33118,Tauranga 1 Hour*16:00:00-17:00:00,12671,1753
5105,33118,Tauranga 1 Hour*16:00:00-17:00:00,12671,1753
5106,33118,Tauranga 1 Hour*16:00:00-17:00:00,12671,1753
5107,33118,Tauranga 1 Hour*16:00:00-17:00:00,12671,1753
5108,33118,Tauranga 1 Hour*16:00:00-17:00:00,12671,1753
12133,31486,Tauranga > BOP Outer Run,31488,11674
12134,31486,Tauranga > BOP Outer Run,31488,11674
12135,31486,Tauranga > BOP Outer Run,31488,11674
12136,31486,Tauranga > BOP Outer Run,31488,11674
12137,31486,Tauranga > BOP Outer Run,31488,11674
13754,17272,Tauranga > Outer BOP,NULL,12829
13755,17272,Tauranga > Outer BOP,NULL,12829
13756,17272,Tauranga > Outer BOP,NULL,12829
13757,17272,Tauranga > Outer BOP,NULL,12829
13758,17272,Tauranga > Outer BOP,NULL,12829
11752,32943,Tauranga > Waikato Afternoon Run,NULL,2382
11753,32943,Tauranga > Waikato Afternoon Run,NULL,2382
11754,32943,Tauranga > Waikato Afternoon Run,NULL,2382
11755,32943,Tauranga > Waikato Afternoon Run,NULL,2382
11756,32943,Tauranga > Waikato Afternoon Run,NULL,2382
7492,9196,Tauranga > Waikato Morning Run,NULL,2367
7493,9196,Tauranga > Waikato Morning Run,NULL,2367
7494,9196,Tauranga > Waikato Morning Run,NULL,2367
7495,9196,Tauranga > Waikato Morning Run,NULL,2367
7496,9196,Tauranga > Waikato Morning Run,NULL,2367
7587,9196,Tauranga > Waikato Morning Run,NULL,2367
7588,9196,Tauranga > Waikato Morning Run,NULL,2367
7589,9196,Tauranga > Waikato Morning Run,NULL,2367
7590,9196,Tauranga > Waikato Morning Run,NULL,2367
7591,9196,Tauranga > Waikato Morning Run,NULL,2367
11687,31730,Tauranga > Waikato Morning Run,NULL,2367
11688,31730,Tauranga > Waikato Morning Run,NULL,2367
11689,31730,Tauranga > Waikato Morning Run,NULL,2367
11690,31730,Tauranga > Waikato Morning Run,NULL,2367
11691,31730,Tauranga > Waikato Morning Run,NULL,2367
12123,32206,Tauranga > Whakatane Run,32186,12118
12124,32206,Tauranga > Whakatane Run,32186,12118
12125,32206,Tauranga > Whakatane Run,32186,12118
12126,32206,Tauranga > Whakatane Run,32186,12118
12127,32206,Tauranga > Whakatane Run,32186,12118
12128,32993,Tauranga > Whakatane Run,32186,12118
12129,32993,Tauranga > Whakatane Run,32186,12118
12130,32993,Tauranga > Whakatane Run,32186,12118
12131,32993,Tauranga > Whakatane Run,32186,12118
12132,32993,Tauranga > Whakatane Run,32186,12118
12153,35321,Tauranga > Whakatane Run,32186,12118
12154,35321,Tauranga > Whakatane Run,32186,12118
12155,35321,Tauranga > Whakatane Run,32186,12118
12156,35321,Tauranga > Whakatane Run,32186,12118
12157,35321,Tauranga > Whakatane Run,32186,12118
12168,32246,Tauranga > Whakatane Run,32767,12163
12169,32246,Tauranga > Whakatane Run,32767,12163
12170,32246,Tauranga > Whakatane Run,32767,12163
12171,32246,Tauranga > Whakatane Run,32767,12163
12172,32246,Tauranga > Whakatane Run,32767,12163
511,32853,Tauranga Weds Regional,31654,510
884,33091,Thursday Afternoon Express,33089,879
320,32822,Thursday Evening Express,32758,191
869,33091,Thursday Evening Express,33089,864
889,33091,Thursday Morning Express,33089,874
3450,16947,TRG > AKL Day Run,14582,3405
3451,16947,TRG > AKL Day Run,14582,3405
3452,16947,TRG > AKL Day Run,14582,3405
3453,16947,TRG > AKL Day Run,14582,3405
3454,16947,TRG > AKL Day Run,14582,3405
3495,16513,TRG > AKL Day Run,14582,3405
3496,16513,TRG > AKL Day Run,14582,3405
3497,16513,TRG > AKL Day Run,14582,3405
3498,16513,TRG > AKL Day Run,14582,3405
3499,16513,TRG > AKL Day Run,14582,3405
3540,18188,TRG > AKL Day Run,14582,3405
3541,18188,TRG > AKL Day Run,14582,3405
3542,18188,TRG > AKL Day Run,14582,3405
3543,18188,TRG > AKL Day Run,14582,3405
3544,18188,TRG > AKL Day Run,14582,3405
3585,13713,TRG > AKL Day Run,14582,3405
3586,13713,TRG > AKL Day Run,14582,3405
3587,13713,TRG > AKL Day Run,14582,3405
3588,13713,TRG > AKL Day Run,14582,3405
3589,13713,TRG > AKL Day Run,14582,3405
3675,504,TRG > AKL Day Run,14582,3405
3676,504,TRG > AKL Day Run,14582,3405
3677,504,TRG > AKL Day Run,14582,3405
3678,504,TRG > AKL Day Run,14582,3405
3679,504,TRG > AKL Day Run,14582,3405
3765,9477,TRG > AKL Day Run,14582,3405
3766,9477,TRG > AKL Day Run,14582,3405
3767,9477,TRG > AKL Day Run,14582,3405
3768,9477,TRG > AKL Day Run,14582,3405
3769,9477,TRG > AKL Day Run,14582,3405
3810,14763,TRG > AKL Day Run,14582,3405
3811,14763,TRG > AKL Day Run,14582,3405
3812,14763,TRG > AKL Day Run,14582,3405
3813,14763,TRG > AKL Day Run,14582,3405
3814,14763,TRG > AKL Day Run,14582,3405
3855,18185,TRG > AKL Day Run,14582,3405
3856,18185,TRG > AKL Day Run,14582,3405
3857,18185,TRG > AKL Day Run,14582,3405
3858,18185,TRG > AKL Day Run,14582,3405
3859,18185,TRG > AKL Day Run,14582,3405
3880,3191,TRG > AKL Day Run,14582,3405
3881,3191,TRG > AKL Day Run,14582,3405
3882,3191,TRG > AKL Day Run,14582,3405
3883,3191,TRG > AKL Day Run,14582,3405
3884,3191,TRG > AKL Day Run,14582,3405
4852,13822,TRG > AKL Day Run,14582,3405
4853,13822,TRG > AKL Day Run,14582,3405
4854,13822,TRG > AKL Day Run,14582,3405
4855,13822,TRG > AKL Day Run,14582,3405
4856,13822,TRG > AKL Day Run,14582,3405
6358,35755,TRG > AKL Day Run,14582,3405
6359,35755,TRG > AKL Day Run,14582,3405
6360,35755,TRG > AKL Day Run,14582,3405
6361,35755,TRG > AKL Day Run,14582,3405
6362,35755,TRG > AKL Day Run,14582,3405
6963,169,TRG > AKL Day Run,14582,3405
6964,169,TRG > AKL Day Run,14582,3405
6965,169,TRG > AKL Day Run,14582,3405
6966,169,TRG > AKL Day Run,14582,3405
6967,169,TRG > AKL Day Run,14582,3405
7119,36672,TRG > AKL Day Run,14582,3405
7120,36672,TRG > AKL Day Run,14582,3405
7121,36672,TRG > AKL Day Run,14582,3405
7122,36672,TRG > AKL Day Run,14582,3405
7123,36672,TRG > AKL Day Run,14582,3405
8665,36739,TRG > AKL Day Run,14582,3405
8666,36739,TRG > AKL Day Run,14582,3405
8667,36739,TRG > AKL Day Run,14582,3405
8668,36739,TRG > AKL Day Run,14582,3405
8669,36739,TRG > AKL Day Run,14582,3405
10139,32946,TRG > AKL Day Run,14927,3360
10140,32946,TRG > AKL Day Run,14927,3360
10141,32946,TRG > AKL Day Run,14927,3360
10142,32946,TRG > AKL Day Run,14927,3360
10143,32946,TRG > AKL Day Run,14927,3360
3455,16947,TRG > AKL Next Day Run,14582,3410
3456,16947,TRG > AKL Next Day Run,14582,3410
3457,16947,TRG > AKL Next Day Run,14582,3410
3458,16947,TRG > AKL Next Day Run,14582,3410
3459,16947,TRG > AKL Next Day Run,14582,3410
3500,16513,TRG > AKL Next Day Run,14582,3410
3501,16513,TRG > AKL Next Day Run,14582,3410
3502,16513,TRG > AKL Next Day Run,14582,3410
3503,16513,TRG > AKL Next Day Run,14582,3410
3504,16513,TRG > AKL Next Day Run,14582,3410
3545,18188,TRG > AKL Next Day Run,14582,3410
3546,18188,TRG > AKL Next Day Run,14582,3410
3547,18188,TRG > AKL Next Day Run,14582,3410
3548,18188,TRG > AKL Next Day Run,14582,3410
3549,18188,TRG > AKL Next Day Run,14582,3410
3590,13713,TRG > AKL Next Day Run,14582,3410
3591,13713,TRG > AKL Next Day Run,14582,3410
3592,13713,TRG > AKL Next Day Run,14582,3410
3593,13713,TRG > AKL Next Day Run,14582,3410
3594,13713,TRG > AKL Next Day Run,14582,3410
3680,504,TRG > AKL Next Day Run,14582,3410
3681,504,TRG > AKL Next Day Run,14582,3410
3682,504,TRG > AKL Next Day Run,14582,3410
3683,504,TRG > AKL Next Day Run,14582,3410
3684,504,TRG > AKL Next Day Run,14582,3410
3770,9477,TRG > AKL Next Day Run,14582,3410
3771,9477,TRG > AKL Next Day Run,14582,3410
3772,9477,TRG > AKL Next Day Run,14582,3410
3773,9477,TRG > AKL Next Day Run,14582,3410
3774,9477,TRG > AKL Next Day Run,14582,3410
3815,14763,TRG > AKL Next Day Run,14582,3410
3816,14763,TRG > AKL Next Day Run,14582,3410
3817,14763,TRG > AKL Next Day Run,14582,3410
3818,14763,TRG > AKL Next Day Run,14582,3410
3819,14763,TRG > AKL Next Day Run,14582,3410
3860,18185,TRG > AKL Next Day Run,14582,3410
3861,18185,TRG > AKL Next Day Run,14582,3410
3862,18185,TRG > AKL Next Day Run,14582,3410
3863,18185,TRG > AKL Next Day Run,14582,3410
3864,18185,TRG > AKL Next Day Run,14582,3410
3885,3191,TRG > AKL Next Day Run,14582,3410
3886,3191,TRG > AKL Next Day Run,14582,3410
3887,3191,TRG > AKL Next Day Run,14582,3410
3888,3191,TRG > AKL Next Day Run,14582,3410
3889,3191,TRG > AKL Next Day Run,14582,3410
4857,13822,TRG > AKL Next Day Run,14582,3410
4858,13822,TRG > AKL Next Day Run,14582,3410
4859,13822,TRG > AKL Next Day Run,14582,3410
4860,13822,TRG > AKL Next Day Run,14582,3410
4861,13822,TRG > AKL Next Day Run,14582,3410
6363,35755,TRG > AKL Next Day Run,14582,3410
6364,35755,TRG > AKL Next Day Run,14582,3410
6365,35755,TRG > AKL Next Day Run,14582,3410
6366,35755,TRG > AKL Next Day Run,14582,3410
6367,35755,TRG > AKL Next Day Run,14582,3410
6968,169,TRG > AKL Next Day Run,14582,3410
6969,169,TRG > AKL Next Day Run,14582,3410
6970,169,TRG > AKL Next Day Run,14582,3410
6971,169,TRG > AKL Next Day Run,14582,3410
6972,169,TRG > AKL Next Day Run,14582,3410
7124,36672,TRG > AKL Next Day Run,14582,3410
7125,36672,TRG > AKL Next Day Run,14582,3410
7126,36672,TRG > AKL Next Day Run,14582,3410
7127,36672,TRG > AKL Next Day Run,14582,3410
7128,36672,TRG > AKL Next Day Run,14582,3410
8670,36739,TRG > AKL Next Day Run,14582,3410
8671,36739,TRG > AKL Next Day Run,14582,3410
8672,36739,TRG > AKL Next Day Run,14582,3410
8673,36739,TRG > AKL Next Day Run,14582,3410
8674,36739,TRG > AKL Next Day Run,14582,3410
882,33091,Tuesday Afternoon Express,33089,877
318,32822,Tuesday Evening Express,32758,188
867,33091,Tuesday Evening Express,33089,862
887,33091,Tuesday Morning Express,33089,872
5217,32893,Urgent Express Delivery 10am,32584,5134
5218,32893,Urgent Express Delivery 10am,32584,5134
5219,32893,Urgent Express Delivery 10am,32584,5134
5220,32893,Urgent Express Delivery 10am,32584,5134
5221,32893,Urgent Express Delivery 10am,32584,5134
5222,32893,Urgent Express Delivery 10am,32584,5134
5223,32893,Urgent Express Delivery 10am,32584,5134
5231,32896,Urgent Express Delivery 10am,32584,5134
5232,32896,Urgent Express Delivery 10am,32584,5134
5233,32896,Urgent Express Delivery 10am,32584,5134
5234,32896,Urgent Express Delivery 10am,32584,5134
5235,32896,Urgent Express Delivery 10am,32584,5134
5236,32896,Urgent Express Delivery 10am,32584,5134
5237,32896,Urgent Express Delivery 10am,32584,5134
5286,32335,Urgent Express Delivery 10am,32584,5134
5287,32335,Urgent Express Delivery 10am,32584,5134
5288,32335,Urgent Express Delivery 10am,32584,5134
5289,32335,Urgent Express Delivery 10am,32584,5134
5290,32335,Urgent Express Delivery 10am,32584,5134
5291,32335,Urgent Express Delivery 10am,32584,5134
5292,32335,Urgent Express Delivery 10am,32584,5134
5210,32893,Urgent Express Delivery 11am,32584,5129
5211,32893,Urgent Express Delivery 11am,32584,5129
5212,32893,Urgent Express Delivery 11am,32584,5129
5213,32893,Urgent Express Delivery 11am,32584,5129
5214,32893,Urgent Express Delivery 11am,32584,5129
5215,32893,Urgent Express Delivery 11am,32584,5129
5216,32893,Urgent Express Delivery 11am,32584,5129
5238,32896,Urgent Express Delivery 11am,32584,5129
5239,32896,Urgent Express Delivery 11am,32584,5129
5240,32896,Urgent Express Delivery 11am,32584,5129
5241,32896,Urgent Express Delivery 11am,32584,5129
5242,32896,Urgent Express Delivery 11am,32584,5129
5243,32896,Urgent Express Delivery 11am,32584,5129
5244,32896,Urgent Express Delivery 11am,32584,5129
5293,32335,Urgent Express Delivery 11am,32584,5129
5294,32335,Urgent Express Delivery 11am,32584,5129
5295,32335,Urgent Express Delivery 11am,32584,5129
5296,32335,Urgent Express Delivery 11am,32584,5129
5297,32335,Urgent Express Delivery 11am,32584,5129
5298,32335,Urgent Express Delivery 11am,32584,5129
5299,32335,Urgent Express Delivery 11am,32584,5129
5300,32335,Urgent Express Delivery 12pm,32896,5266
5301,32335,Urgent Express Delivery 12pm,32896,5266
5302,32335,Urgent Express Delivery 12pm,32896,5266
5303,32335,Urgent Express Delivery 12pm,32896,5266
5304,32335,Urgent Express Delivery 12pm,32896,5266
5305,32335,Urgent Express Delivery 12pm,32896,5266
5306,32335,Urgent Express Delivery 12pm,32896,5266
5203,32893,Urgent Express Delivery 1pm,32584,5115
5204,32893,Urgent Express Delivery 1pm,32584,5115
5205,32893,Urgent Express Delivery 1pm,32584,5115
5206,32893,Urgent Express Delivery 1pm,32584,5115
5207,32893,Urgent Express Delivery 1pm,32584,5115
5208,32893,Urgent Express Delivery 1pm,32584,5115
5209,32893,Urgent Express Delivery 1pm,32584,5115
5245,32896,Urgent Express Delivery 1pm,32584,5115
5246,32896,Urgent Express Delivery 1pm,32584,5115
5247,32896,Urgent Express Delivery 1pm,32584,5115
5248,32896,Urgent Express Delivery 1pm,32584,5115
5249,32896,Urgent Express Delivery 1pm,32584,5115
5250,32896,Urgent Express Delivery 1pm,32584,5115
5251,32896,Urgent Express Delivery 1pm,32584,5115
5307,32335,Urgent Express Delivery 1pm,32584,5115
5308,32335,Urgent Express Delivery 1pm,32584,5115
5309,32335,Urgent Express Delivery 1pm,32584,5115
5310,32335,Urgent Express Delivery 1pm,32584,5115
5311,32335,Urgent Express Delivery 1pm,32584,5115
5312,32335,Urgent Express Delivery 1pm,32584,5115
5313,32335,Urgent Express Delivery 1pm,32584,5115
5196,32893,Urgent Express Delivery 2pm,32584,5122
5197,32893,Urgent Express Delivery 2pm,32584,5122
5198,32893,Urgent Express Delivery 2pm,32584,5122
5199,32893,Urgent Express Delivery 2pm,32584,5122
5200,32893,Urgent Express Delivery 2pm,32584,5122
5201,32893,Urgent Express Delivery 2pm,32584,5122
5202,32893,Urgent Express Delivery 2pm,32584,5122
5252,32896,Urgent Express Delivery 2pm,32584,5122
5253,32896,Urgent Express Delivery 2pm,32584,5122
5254,32896,Urgent Express Delivery 2pm,32584,5122
5255,32896,Urgent Express Delivery 2pm,32584,5122
5256,32896,Urgent Express Delivery 2pm,32584,5122
5257,32896,Urgent Express Delivery 2pm,32584,5122
5258,32896,Urgent Express Delivery 2pm,32584,5122
5314,32335,Urgent Express Delivery 2pm,32584,5122
5315,32335,Urgent Express Delivery 2pm,32584,5122
5316,32335,Urgent Express Delivery 2pm,32584,5122
5317,32335,Urgent Express Delivery 2pm,32584,5122
5318,32335,Urgent Express Delivery 2pm,32584,5122
5319,32335,Urgent Express Delivery 2pm,32584,5122
5320,32335,Urgent Express Delivery 2pm,32584,5122
5189,32893,Urgent Express Delivery 3pm,32584,5144
5190,32893,Urgent Express Delivery 3pm,32584,5144
5191,32893,Urgent Express Delivery 3pm,32584,5144
5192,32893,Urgent Express Delivery 3pm,32584,5144
5193,32893,Urgent Express Delivery 3pm,32584,5144
5194,32893,Urgent Express Delivery 3pm,32584,5144
5195,32893,Urgent Express Delivery 3pm,32584,5144
5259,32896,Urgent Express Delivery 3pm,32584,5144
5260,32896,Urgent Express Delivery 3pm,32584,5144
5261,32896,Urgent Express Delivery 3pm,32584,5144
5262,32896,Urgent Express Delivery 3pm,32584,5144
5263,32896,Urgent Express Delivery 3pm,32584,5144
5264,32896,Urgent Express Delivery 3pm,32584,5144
5265,32896,Urgent Express Delivery 3pm,32584,5144
5321,32335,Urgent Express Delivery 3pm,32584,5144
5322,32335,Urgent Express Delivery 3pm,32584,5144
5323,32335,Urgent Express Delivery 3pm,32584,5144
5324,32335,Urgent Express Delivery 3pm,32584,5144
5325,32335,Urgent Express Delivery 3pm,32584,5144
5326,32335,Urgent Express Delivery 3pm,32584,5144
5327,32335,Urgent Express Delivery 3pm,32584,5144
5182,32893,Urgent Express Delivery 9am,32584,5139
5183,32893,Urgent Express Delivery 9am,32584,5139
5184,32893,Urgent Express Delivery 9am,32584,5139
5185,32893,Urgent Express Delivery 9am,32584,5139
5186,32893,Urgent Express Delivery 9am,32584,5139
5187,32893,Urgent Express Delivery 9am,32584,5139
5188,32893,Urgent Express Delivery 9am,32584,5139
7417,9196,Waikato > Tauranga afternoon,NULL,2372
7418,9196,Waikato > Tauranga afternoon,NULL,2372
7419,9196,Waikato > Tauranga afternoon,NULL,2372
7420,9196,Waikato > Tauranga afternoon,NULL,2372
7421,9196,Waikato > Tauranga afternoon,NULL,2372
7592,9196,Waikato > Tauranga afternoon,NULL,2372
7593,9196,Waikato > Tauranga afternoon,NULL,2372
7594,9196,Waikato > Tauranga afternoon,NULL,2372
7595,9196,Waikato > Tauranga afternoon,NULL,2372
7596,9196,Waikato > Tauranga afternoon,NULL,2372
9005,36813,Waikato > Tauranga afternoon,NULL,2372
9006,36813,Waikato > Tauranga afternoon,NULL,2372
9007,36813,Waikato > Tauranga afternoon,NULL,2372
9008,36813,Waikato > Tauranga afternoon,NULL,2372
9009,36813,Waikato > Tauranga afternoon,NULL,2372
7462,9196,Waikato Local & Outer > BOP,NULL,2357
7463,9196,Waikato Local & Outer > BOP,NULL,2357
7464,9196,Waikato Local & Outer > BOP,NULL,2357
7465,9196,Waikato Local & Outer > BOP,NULL,2357
7466,9196,Waikato Local & Outer > BOP,NULL,2357
7597,9196,Waikato Local & Outer > BOP,NULL,2357
7598,9196,Waikato Local & Outer > BOP,NULL,2357
7599,9196,Waikato Local & Outer > BOP,NULL,2357
7600,9196,Waikato Local & Outer > BOP,NULL,2357
7601,9196,Waikato Local & Outer > BOP,NULL,2357
7602,9196,Waikato Local & Outer > BOP,NULL,2357
7603,9196,Waikato Local & Outer > BOP,NULL,2357
7604,9196,Waikato Local & Outer > BOP,NULL,2357
7605,9196,Waikato Local & Outer > BOP,NULL,2357
7606,9196,Waikato Local & Outer > BOP,NULL,2357
8995,36813,Waikato Local & Outer > BOP,NULL,2357
8996,36813,Waikato Local & Outer > BOP,NULL,2357
8997,36813,Waikato Local & Outer > BOP,NULL,2357
8998,36813,Waikato Local & Outer > BOP,NULL,2357
8999,36813,Waikato Local & Outer > BOP,NULL,2357
12329,36813,Waikato Outer - Morning,NULL,10368
12330,36813,Waikato Outer - Morning,NULL,10368
12331,36813,Waikato Outer - Morning,NULL,10368
12332,36813,Waikato Outer - Morning,NULL,10368
12333,36813,Waikato Outer - Morning,NULL,10368
12933,31492,"Waikato Outer > Taupo, Tokoroa, Putaruru",NULL,5660
12934,31492,"Waikato Outer > Taupo, Tokoroa, Putaruru",NULL,5660
12935,31492,"Waikato Outer > Taupo, Tokoroa, Putaruru",NULL,5660
883,33091,Wednesday Afternoon Express,33089,878
319,32822,Wednesday Evening Express,32758,190
868,33091,Wednesday Evening Express,33089,863
343,32799,Wednesday Evening Home,32770,206
888,33091,Wednesday Morning Express,33089,873
5986,36266,Wellington Schedules,1088,5956
5987,36266,Wellington Schedules,1088,5956
5988,36266,Wellington Schedules,1088,5956
5989,36266,Wellington Schedules,1088,5956
5990,36266,Wellington Schedules,1088,5956
3460,16947,WHK > AKL Next Day Run,14582,3415
3461,16947,WHK > AKL Next Day Run,14582,3415
3462,16947,WHK > AKL Next Day Run,14582,3415
3463,16947,WHK > AKL Next Day Run,14582,3415
3464,16947,WHK > AKL Next Day Run,14582,3415
3505,16513,WHK > AKL Next Day Run,14582,3415
3506,16513,WHK > AKL Next Day Run,14582,3415
3507,16513,WHK > AKL Next Day Run,14582,3415
3508,16513,WHK > AKL Next Day Run,14582,3415
3509,16513,WHK > AKL Next Day Run,14582,3415
3550,18188,WHK > AKL Next Day Run,14582,3415
3551,18188,WHK > AKL Next Day Run,14582,3415
3552,18188,WHK > AKL Next Day Run,14582,3415
3553,18188,WHK > AKL Next Day Run,14582,3415
3554,18188,WHK > AKL Next Day Run,14582,3415
3595,13713,WHK > AKL Next Day Run,14582,3415
3596,13713,WHK > AKL Next Day Run,14582,3415
3597,13713,WHK > AKL Next Day Run,14582,3415
3598,13713,WHK > AKL Next Day Run,14582,3415
3599,13713,WHK > AKL Next Day Run,14582,3415
3685,504,WHK > AKL Next Day Run,14582,3415
3686,504,WHK > AKL Next Day Run,14582,3415
3687,504,WHK > AKL Next Day Run,14582,3415
3688,504,WHK > AKL Next Day Run,14582,3415
3689,504,WHK > AKL Next Day Run,14582,3415
3730,14578,WHK > AKL Next Day Run,14582,3415
3731,14578,WHK > AKL Next Day Run,14582,3415
3732,14578,WHK > AKL Next Day Run,14582,3415
3733,14578,WHK > AKL Next Day Run,14582,3415
3734,14578,WHK > AKL Next Day Run,14582,3415
3775,9477,WHK > AKL Next Day Run,14582,3415
3776,9477,WHK > AKL Next Day Run,14582,3415
3777,9477,WHK > AKL Next Day Run,14582,3415
3778,9477,WHK > AKL Next Day Run,14582,3415
3779,9477,WHK > AKL Next Day Run,14582,3415
3820,14763,WHK > AKL Next Day Run,14582,3415
3821,14763,WHK > AKL Next Day Run,14582,3415
3822,14763,WHK > AKL Next Day Run,14582,3415
3823,14763,WHK > AKL Next Day Run,14582,3415
3824,14763,WHK > AKL Next Day Run,14582,3415
3865,18185,WHK > AKL Next Day Run,14582,3415
3866,18185,WHK > AKL Next Day Run,14582,3415
3867,18185,WHK > AKL Next Day Run,14582,3415
3868,18185,WHK > AKL Next Day Run,14582,3415
3869,18185,WHK > AKL Next Day Run,14582,3415
3890,3191,WHK > AKL Next Day Run,14582,3415
3891,3191,WHK > AKL Next Day Run,14582,3415
3892,3191,WHK > AKL Next Day Run,14582,3415
3893,3191,WHK > AKL Next Day Run,14582,3415
3894,3191,WHK > AKL Next Day Run,14582,3415
4862,13822,WHK > AKL Next Day Run,14582,3415
4863,13822,WHK > AKL Next Day Run,14582,3415
4864,13822,WHK > AKL Next Day Run,14582,3415
4865,13822,WHK > AKL Next Day Run,14582,3415
4866,13822,WHK > AKL Next Day Run,14582,3415
4937,13773,WHK > AKL Next Day Run,14582,3415
4938,13773,WHK > AKL Next Day Run,14582,3415
4939,13773,WHK > AKL Next Day Run,14582,3415
4940,13773,WHK > AKL Next Day Run,14582,3415
4941,13773,WHK > AKL Next Day Run,14582,3415
6368,35755,WHK > AKL Next Day Run,14582,3415
6369,35755,WHK > AKL Next Day Run,14582,3415
6370,35755,WHK > AKL Next Day Run,14582,3415
6371,35755,WHK > AKL Next Day Run,14582,3415
6372,35755,WHK > AKL Next Day Run,14582,3415
6973,169,WHK > AKL Next Day Run,14582,3415
6974,169,WHK > AKL Next Day Run,14582,3415
6975,169,WHK > AKL Next Day Run,14582,3415
6976,169,WHK > AKL Next Day Run,14582,3415
6977,169,WHK > AKL Next Day Run,14582,3415
7129,36672,WHK > AKL Next Day Run,14582,3415
7130,36672,WHK > AKL Next Day Run,14582,3415
7131,36672,WHK > AKL Next Day Run,14582,3415
7132,36672,WHK > AKL Next Day Run,14582,3415
7133,36672,WHK > AKL Next Day Run,14582,3415
7376,36266,Wild Flour Tauranga - Auckland Morning Chilled,32490,5951
7377,36266,Wild Flour Tauranga - Auckland Morning Chilled,32490,5951
7378,36266,Wild Flour Tauranga - Auckland Morning Chilled,32490,5951
7379,36266,Wild Flour Tauranga - Auckland Morning Chilled,32490,5951
7380,36266,Wild Flour Tauranga - Auckland Morning Chilled,32490,5951
13376,35642,WLG > Napier,16730,12342
13377,35642,WLG > Napier,16730,12342
13378,35642,WLG > Napier,16730,12342
13379,35642,WLG > Napier,16730,12342
13380,35642,WLG > Napier,16730,12342
13572,17326,WLG > Napier,16730,12342
13573,17326,WLG > Napier,16730,12342
13574,17326,WLG > Napier,16730,12342
13575,17326,WLG > Napier,16730,12342
13576,17326,WLG > Napier,16730,12342
13630,16166,WLG > Napier,16730,12342
13631,16166,WLG > Napier,16730,12342
13632,16166,WLG > Napier,16730,12342
13633,16166,WLG > Napier,16730,12342
13634,16166,WLG > Napier,16730,12342
13577,17326,WLG > Palmerston North,35642,13381
13578,17326,WLG > Palmerston North,35642,13381
13579,17326,WLG > Palmerston North,35642,13381
13580,17326,WLG > Palmerston North,35642,13381
13581,17326,WLG > Palmerston North,35642,13381
13635,16166,WLG > Palmerston North,35642,13381
13636,16166,WLG > Palmerston North,35642,13381
13637,16166,WLG > Palmerston North,35642,13381
13638,16166,WLG > Palmerston North,35642,13381
13639,16166,WLG > Palmerston North,35642,13381
13386,35642,WLG > Whanganui (G&B),16730,13209
13387,35642,WLG > Whanganui (G&B),16730,13209
13388,35642,WLG > Whanganui (G&B),16730,13209
13389,35642,WLG > Whanganui (G&B),16730,13209
13390,35642,WLG > Whanganui (G&B),16730,13209
13597,17326,WLG > Whanganui (G&B),16730,13209
13598,17326,WLG > Whanganui (G&B),16730,13209
13599,17326,WLG > Whanganui (G&B),16730,13209
13600,17326,WLG > Whanganui (G&B),16730,13209
13601,17326,WLG > Whanganui (G&B),16730,13209
13640,16166,WLG > Whanganui (G&B),16730,13209
13641,16166,WLG > Whanganui (G&B),16730,13209
13642,16166,WLG > Whanganui (G&B),16730,13209
13643,16166,WLG > Whanganui (G&B),16730,13209
13644,16166,WLG > Whanganui (G&B),16730,13209
13391,35642,WLG > Whanganui (QC),16730,10451
13392,35642,WLG > Whanganui (QC),16730,10451
13393,35642,WLG > Whanganui (QC),16730,10451
13394,35642,WLG > Whanganui (QC),16730,10451
13395,35642,WLG > Whanganui (QC),16730,10451
13645,16166,WLG > Whanganui (QC),16730,10451
13646,16166,WLG > Whanganui (QC),16730,10451
13647,16166,WLG > Whanganui (QC),16730,10451
13648,16166,WLG > Whanganui (QC),16730,10451
13649,16166,WLG > Whanganui (QC),16730,10451
3465,16947,WRG > AKL Day Run,14582,3420
3466,16947,WRG > AKL Day Run,14582,3420
3467,16947,WRG > AKL Day Run,14582,3420
3468,16947,WRG > AKL Day Run,14582,3420
3469,16947,WRG > AKL Day Run,14582,3420
3510,16513,WRG > AKL Day Run,14582,3420
3511,16513,WRG > AKL Day Run,14582,3420
3512,16513,WRG > AKL Day Run,14582,3420
3513,16513,WRG > AKL Day Run,14582,3420
3514,16513,WRG > AKL Day Run,14582,3420
3555,18188,WRG > AKL Day Run,14582,3420
3556,18188,WRG > AKL Day Run,14582,3420
3557,18188,WRG > AKL Day Run,14582,3420
3558,18188,WRG > AKL Day Run,14582,3420
3559,18188,WRG > AKL Day Run,14582,3420
3600,13713,WRG > AKL Day Run,14582,3420
3601,13713,WRG > AKL Day Run,14582,3420
3602,13713,WRG > AKL Day Run,14582,3420
3603,13713,WRG > AKL Day Run,14582,3420
3604,13713,WRG > AKL Day Run,14582,3420
3690,504,WRG > AKL Day Run,14582,3420
3691,504,WRG > AKL Day Run,14582,3420
3692,504,WRG > AKL Day Run,14582,3420
3693,504,WRG > AKL Day Run,14582,3420
3694,504,WRG > AKL Day Run,14582,3420
3735,14578,WRG > AKL Day Run,14582,3420
3736,14578,WRG > AKL Day Run,14582,3420
3737,14578,WRG > AKL Day Run,14582,3420
3738,14578,WRG > AKL Day Run,14582,3420
3739,14578,WRG > AKL Day Run,14582,3420
3780,9477,WRG > AKL Day Run,14582,3420
3781,9477,WRG > AKL Day Run,14582,3420
3782,9477,WRG > AKL Day Run,14582,3420
3783,9477,WRG > AKL Day Run,14582,3420
3784,9477,WRG > AKL Day Run,14582,3420
3825,14763,WRG > AKL Day Run,14582,3420
3826,14763,WRG > AKL Day Run,14582,3420
3827,14763,WRG > AKL Day Run,14582,3420
3828,14763,WRG > AKL Day Run,14582,3420
3829,14763,WRG > AKL Day Run,14582,3420
3870,18185,WRG > AKL Day Run,14582,3420
3871,18185,WRG > AKL Day Run,14582,3420
3872,18185,WRG > AKL Day Run,14582,3420
3873,18185,WRG > AKL Day Run,14582,3420
3874,18185,WRG > AKL Day Run,14582,3420
4867,13822,WRG > AKL Day Run,14582,3420
4868,13822,WRG > AKL Day Run,14582,3420
4869,13822,WRG > AKL Day Run,14582,3420
4870,13822,WRG > AKL Day Run,14582,3420
4871,13822,WRG > AKL Day Run,14582,3420
4942,13773,WRG > AKL Day Run,14582,3420
4943,13773,WRG > AKL Day Run,14582,3420
4944,13773,WRG > AKL Day Run,14582,3420
4945,13773,WRG > AKL Day Run,14582,3420
4946,13773,WRG > AKL Day Run,14582,3420
6373,35755,WRG > AKL Day Run,14582,3420
6374,35755,WRG > AKL Day Run,14582,3420
6375,35755,WRG > AKL Day Run,14582,3420
6376,35755,WRG > AKL Day Run,14582,3420
6377,35755,WRG > AKL Day Run,14582,3420
6978,169,WRG > AKL Day Run,14582,3420
6979,169,WRG > AKL Day Run,14582,3420
6980,169,WRG > AKL Day Run,14582,3420
6981,169,WRG > AKL Day Run,14582,3420
6982,169,WRG > AKL Day Run,14582,3420
7134,36672,WRG > AKL Day Run,14582,3420
7135,36672,WRG > AKL Day Run,14582,3420
7136,36672,WRG > AKL Day Run,14582,3420
7137,36672,WRG > AKL Day Run,14582,3420
7138,36672,WRG > AKL Day Run,14582,3420
8680,36739,WRG > AKL Day Run,14582,3420
8681,36739,WRG > AKL Day Run,14582,3420
8682,36739,WRG > AKL Day Run,14582,3420
8683,36739,WRG > AKL Day Run,14582,3420
8684,36739,WRG > AKL Day Run,14582,3420
3375,14927,WRG > AKL Day Run,3191,2988
3376,14927,WRG > AKL Day Run,3191,2988
3377,14927,WRG > AKL Day Run,3191,2988
3378,14927,WRG > AKL Day Run,3191,2988
3379,14927,WRG > AKL Day Run,3191,2988
10154,32946,WRG > AKL Day Run,3191,2988
10155,32946,WRG > AKL Day Run,3191,2988
10156,32946,WRG > AKL Day Run,3191,2988
10157,32946,WRG > AKL Day Run,3191,2988
10158,32946,WRG > AKL Day Run,3191,2988
