ScheduleName,ClientId,CreatedUtc,CreatedBy
( NOT AVAILABLE) CupFull Napier Afternoons AH,36488,2026-09-08T02:00:00Z,steve@urgent.co.nz
*IGNORE* Morning Economy Run Mon - Sun,9673,2026-09-08T02:00:00Z,steve@urgent.co.nz
1 hr. 11am run. Auckland > Hamilton,16867,2026-09-08T02:00:00Z,steve@urgent.co.nz
1 hr. 11am run. Auckland > Tauranga,16867,2026-09-08T02:00:00Z,steve@urgent.co.nz
1 hr. 5am run Auckland > Hamilton,16867,2026-09-08T02:00:00Z,steve@urgent.co.nz
1-Hour Express 10 AM,32999,2026-09-08T02:00:00Z,steve@urgent.co.nz
1-Hour Express*11:00:00-12:00:00,32999,2026-09-08T02:00:00Z,steve@urgent.co.nz
1-Hour Express*12:00:00-13:00:00,32999,2026-09-08T02:00:00Z,steve@urgent.co.nz
1-Hour Express*13:00:00-14:00:00,32999,2026-09-08T02:00:00Z,steve@urgent.co.nz
1-Hour Express*14:00:00-15:00:00,32999,2026-09-08T02:00:00Z,steve@urgent.co.nz
1-Hour Express*15:00:00-16:00:00,32999,2026-09-08T02:00:00Z,steve@urgent.co.nz
1-Hour Express*16:00:00-17:00:00,32999,2026-09-08T02:00:00Z,steve@urgent.co.nz
1hr. 5am Run Auckland > Tauranga,16867,2026-09-08T02:00:00Z,steve@urgent.co.nz
2-Hour Express*10:00:00-12:00:00,32999,2026-09-08T02:00:00Z,steve@urgent.co.nz
2-Hour Express*11:00:00-13:00:00,32999,2026-09-08T02:00:00Z,steve@urgent.co.nz
2-Hour Express*12:00:00-14:00:00,32999,2026-09-08T02:00:00Z,steve@urgent.co.nz
2-Hour Express*13:00:00-15:00:00,32999,2026-09-08T02:00:00Z,steve@urgent.co.nz
2-Hour Express*14:00:00-16:00:00,32999,2026-09-08T02:00:00Z,steve@urgent.co.nz
2-Hour Express*15:00:00-17:00:00,32999,2026-09-08T02:00:00Z,steve@urgent.co.nz
2.30 pm test,15641,2026-09-08T02:00:00Z,steve@urgent.co.nz
2pm test,15641,2026-09-08T02:00:00Z,steve@urgent.co.nz
3 Hour Express (11:00am-2:00pm),34294,2026-09-08T02:00:00Z,steve@urgent.co.nz
3 Hour Express (1:00pm-4:00pm),34294,2026-09-08T02:00:00Z,steve@urgent.co.nz
3 Hour Express (3:00pm-6:00pm),34294,2026-09-08T02:00:00Z,steve@urgent.co.nz
3 Hour Express*09:00:00-12:00:00,14324,2026-09-08T02:00:00Z,steve@urgent.co.nz
3 Hour Express*10:00:00-13:00:00,14324,2026-09-08T02:00:00Z,steve@urgent.co.nz
3 Hour Express*11:00:00-14:00:00,14324,2026-09-08T02:00:00Z,steve@urgent.co.nz
3 Hour Express*12:00:00-15:00:00,14324,2026-09-08T02:00:00Z,steve@urgent.co.nz
3 Hour Express*13:00:00-16:00:00,14324,2026-09-08T02:00:00Z,steve@urgent.co.nz
3 Hour Express*14:00:00-17:00:00,14324,2026-09-08T02:00:00Z,steve@urgent.co.nz
3 Hour Express*15:00:00-18:00:00,14324,2026-09-08T02:00:00Z,steve@urgent.co.nz
3 hr. 11am run Auckland > Hamilton,16867,2026-09-08T02:00:00Z,steve@urgent.co.nz
3 hr. 5am run Auckland > Tauranga,16867,2026-09-08T02:00:00Z,steve@urgent.co.nz
3 hr. 5am run. Auckland > Hamilton,16867,2026-09-08T02:00:00Z,steve@urgent.co.nz
3-Hour Express*09:00:00-11:00:00,216,2026-09-08T02:00:00Z,steve@urgent.co.nz
3-Hour Express*10:00:00-12:00:00,216,2026-09-08T02:00:00Z,steve@urgent.co.nz
3-Hour Express*10:00:00-13:00:00,32999,2026-09-08T02:00:00Z,steve@urgent.co.nz
3-Hour Express*11:00:00-13:00:00,216,2026-09-08T02:00:00Z,steve@urgent.co.nz
3-Hour Express*11:00:00-14:00:00,32999,2026-09-08T02:00:00Z,steve@urgent.co.nz
3-Hour Express*12:00:00-14:00:00,216,2026-09-08T02:00:00Z,steve@urgent.co.nz
3-Hour Express*12:00:00-15:00:00,32999,2026-09-08T02:00:00Z,steve@urgent.co.nz
3-Hour Express*13:00:00-15:00:00,216,2026-09-08T02:00:00Z,steve@urgent.co.nz
3-Hour Express*13:00:00-16:00:00,32999,2026-09-08T02:00:00Z,steve@urgent.co.nz
3-Hour Express*14:00:00-16:00:00,216,2026-09-08T02:00:00Z,steve@urgent.co.nz
3-Hour Express*14:00:00-17:00:00,32999,2026-09-08T02:00:00Z,steve@urgent.co.nz
3-Hour Express*15:00:00-17:00:00,216,2026-09-08T02:00:00Z,steve@urgent.co.nz
3hr. 11am run Auckland > Tauranga,16867,2026-09-08T02:00:00Z,steve@urgent.co.nz
5- Hour Express*09:00:00-13:00:00,216,2026-09-08T02:00:00Z,steve@urgent.co.nz
5- Hour Express*10:00:00-14:00:00,216,2026-09-08T02:00:00Z,steve@urgent.co.nz
5- Hour Express*11:00:00-15:00:00,216,2026-09-08T02:00:00Z,steve@urgent.co.nz
5- Hour Express*12:00:00-16:00:00,216,2026-09-08T02:00:00Z,steve@urgent.co.nz
5- Hour Express*13:00:00-17:00:00,216,2026-09-08T02:00:00Z,steve@urgent.co.nz
5- Hour Express*14:00:00-18:00:00,216,2026-09-08T02:00:00Z,steve@urgent.co.nz
ACRON - AKL Afternoon Delivery,36735,2026-09-08T02:00:00Z,steve@urgent.co.nz
ACRON - Hamilton Carton Delivery (Overnight),36735,2026-09-08T02:00:00Z,steve@urgent.co.nz
Acumed CHCH > Akl Returns,36739,2026-09-08T02:00:00Z,steve@urgent.co.nz
Acumed Gisborne > Akl Returns,36739,2026-09-08T02:00:00Z,steve@urgent.co.nz
Acumed Masterton > Akl Returns,36739,2026-09-08T02:00:00Z,steve@urgent.co.nz
Acumed Napier > Akl Returns,36739,2026-09-08T02:00:00Z,steve@urgent.co.nz
Acumed PN > Akl Returns,36739,2026-09-08T02:00:00Z,steve@urgent.co.nz
Acumed Wellington > Akl Returns,36739,2026-09-08T02:00:00Z,steve@urgent.co.nz
Acumed Whanganui > Akl Returns,36739,2026-09-08T02:00:00Z,steve@urgent.co.nz
Advance Marketing All Day Frozen,34431,2026-09-08T02:00:00Z,steve@urgent.co.nz
Affco Horotiu Weekend,9673,2026-09-08T02:00:00Z,steve@urgent.co.nz
Affco Rangiuru Te Puke Weekend,9673,2026-09-08T02:00:00Z,steve@urgent.co.nz
AFFRA BOP Outer > Auckland Express Run 11-1,35119,2026-09-08T02:00:00Z,steve@urgent.co.nz
AFFRA BOP Outer > Auckland Express Run 4-6,35119,2026-09-08T02:00:00Z,steve@urgent.co.nz
Afternoon Chilled,36473,2026-09-08T02:00:00Z,steve@urgent.co.nz
Afternoon Cool - AKL,33573,2026-09-08T02:00:00Z,steve@urgent.co.nz
Afternoon Cool - HAMZ,33573,2026-09-08T02:00:00Z,steve@urgent.co.nz
Afternoon Delivery (Between 12pm-5pm),33242,2026-09-08T02:00:00Z,steve@urgent.co.nz
Afternoon Economy Run (Sat-Sun),9673,2026-09-08T02:00:00Z,steve@urgent.co.nz
Afternoon Express Service,216,2026-09-08T02:00:00Z,steve@urgent.co.nz
Afternoon Home (ex TGA),33745,2026-09-08T02:00:00Z,steve@urgent.co.nz
Afternoon Home Auckland,33953,2026-09-08T02:00:00Z,steve@urgent.co.nz
Afternoon Home Last Minute,32982,2026-09-08T02:00:00Z,steve@urgent.co.nz
Afternoon Home*12:00:00-17:00:00,32530,2026-09-08T02:00:00Z,steve@urgent.co.nz
Afternoon Home*12:00:00-17:00:00 #2,32454,2026-09-08T02:00:00Z,steve@urgent.co.nz
Afternoon Home*12:00:00-17:00:00x,32530,2026-09-08T02:00:00Z,steve@urgent.co.nz
Afternoon Special,16604,2026-09-08T02:00:00Z,steve@urgent.co.nz
AH PLS,33088,2026-09-08T02:00:00Z,steve@urgent.co.nz
AH QANAB,12764,2026-09-08T02:00:00Z,steve@urgent.co.nz
AKL > CHCH Pre 10am Medical,16513,2026-09-08T02:00:00Z,steve@urgent.co.nz
AKL > CHCH Pre 10am Medical,14763,2026-09-08T02:00:00Z,steve@urgent.co.nz
AKL > CHCH Pre 10am Medical,169,2026-09-08T02:00:00Z,steve@urgent.co.nz
AKL > CHCH Pre 10am Medical,18185,2026-09-08T02:00:00Z,steve@urgent.co.nz
AKL > CHCH Pre 10am Medical,14578,2026-09-08T02:00:00Z,steve@urgent.co.nz
AKL > CHCH Pre 10am Medical,32946,2026-09-08T02:00:00Z,steve@urgent.co.nz
AKL > CHCH Pre 10am Medical,9477,2026-09-08T02:00:00Z,steve@urgent.co.nz
AKL > CHCH Pre 10am Medical,35755,2026-09-08T02:00:00Z,steve@urgent.co.nz
AKL > CHCH Pre 10am Medical,18188,2026-09-08T02:00:00Z,steve@urgent.co.nz
AKL > CHCH Pre 10am Medical,36739,2026-09-08T02:00:00Z,steve@urgent.co.nz
AKL > CHCH Pre 10am Medical #2,13713,2026-09-08T02:00:00Z,steve@urgent.co.nz
AKL > CHCH Pre 10am Medical #3,16947,2026-09-08T02:00:00Z,steve@urgent.co.nz
AKL > CHCH Pre 10am Medical #4,13773,2026-09-08T02:00:00Z,steve@urgent.co.nz
AKL > CHCH Pre 10am Medical #5,14927,2026-09-08T02:00:00Z,steve@urgent.co.nz
AKL > CHCH Pre 10am Medical #6,35773,2026-09-08T02:00:00Z,steve@urgent.co.nz
AKL > CHCH Pre 10am Medical 1,3191,2026-09-08T02:00:00Z,steve@urgent.co.nz
AKL > CHCH Pre 10am Medical Book by 5pm | Arrives,14582,2026-09-08T02:00:00Z,steve@urgent.co.nz
AKL > CHCH Pre 8am Medical,16513,2026-09-08T02:00:00Z,steve@urgent.co.nz
AKL > CHCH Pre 8am Medical,14763,2026-09-08T02:00:00Z,steve@urgent.co.nz
AKL > CHCH Pre 8am Medical,169,2026-09-08T02:00:00Z,steve@urgent.co.nz
AKL > CHCH Pre 8am Medical,18185,2026-09-08T02:00:00Z,steve@urgent.co.nz
AKL > CHCH Pre 8am Medical,13713,2026-09-08T02:00:00Z,steve@urgent.co.nz
AKL > CHCH Pre 8am Medical,32946,2026-09-08T02:00:00Z,steve@urgent.co.nz
AKL > CHCH Pre 8am Medical,9477,2026-09-08T02:00:00Z,steve@urgent.co.nz
AKL > CHCH Pre 8am Medical,35755,2026-09-08T02:00:00Z,steve@urgent.co.nz
AKL > CHCH Pre 8am Medical,18188,2026-09-08T02:00:00Z,steve@urgent.co.nz
AKL > CHCH Pre 8am Medical,36739,2026-09-08T02:00:00Z,steve@urgent.co.nz
AKL > CHCH Pre 8am Medical #2,14927,2026-09-08T02:00:00Z,steve@urgent.co.nz
AKL > CHCH Pre 8am Medical #3,3191,2026-09-08T02:00:00Z,steve@urgent.co.nz
AKL > CHCH Pre 8am Medical #4,14578,2026-09-08T02:00:00Z,steve@urgent.co.nz
AKL > CHCH Pre 8am Medical #5,16947,2026-09-08T02:00:00Z,steve@urgent.co.nz
AKL > CHCH Pre 8am Medical #6,36266,2026-09-08T02:00:00Z,steve@urgent.co.nz
AKL > CHCH Pre 8am Medical #7,13773,2026-09-08T02:00:00Z,steve@urgent.co.nz
AKL > CHCH Pre 8am Medical #8,35773,2026-09-08T02:00:00Z,steve@urgent.co.nz
AKL > CHCH Pre 8am Medical Book by 4pm | Arrives,14582,2026-09-08T02:00:00Z,steve@urgent.co.nz
AKL > DUD Pre 10am Book by 5pm | Arrives,14582,2026-09-08T02:00:00Z,steve@urgent.co.nz
AKL > Gisborne pre 10am,18185,2026-09-08T02:00:00Z,steve@urgent.co.nz
AKL > Gisborne pre 10am,169,2026-09-08T02:00:00Z,steve@urgent.co.nz
AKL > Gisborne pre 10am,16947,2026-09-08T02:00:00Z,steve@urgent.co.nz
AKL > Gisborne pre 10am,32946,2026-09-08T02:00:00Z,steve@urgent.co.nz
AKL > Gisborne pre 10am,9477,2026-09-08T02:00:00Z,steve@urgent.co.nz
AKL > Gisborne pre 10am,35755,2026-09-08T02:00:00Z,steve@urgent.co.nz
AKL > Gisborne pre 10am,36739,2026-09-08T02:00:00Z,steve@urgent.co.nz
AKL > Gisborne pre 10am,13713,2026-09-08T02:00:00Z,steve@urgent.co.nz
AKL > Gisborne pre 10am #2,14763,2026-09-08T02:00:00Z,steve@urgent.co.nz
AKL > Gisborne pre 10am #2,16513,2026-09-08T02:00:00Z,steve@urgent.co.nz
AKL > Gisborne pre 10am #3,14927,2026-09-08T02:00:00Z,steve@urgent.co.nz
AKL > Gisborne pre 10am #4,3191,2026-09-08T02:00:00Z,steve@urgent.co.nz
AKL > Gisborne pre 10am #5,18188,2026-09-08T02:00:00Z,steve@urgent.co.nz
AKL > Gisborne pre 10am #6,14582,2026-09-08T02:00:00Z,steve@urgent.co.nz
AKL > Gisborne pre 10am #7,13773,2026-09-08T02:00:00Z,steve@urgent.co.nz
AKL > Gisborne pre 8am,18185,2026-09-08T02:00:00Z,steve@urgent.co.nz
AKL > Gisborne pre 8am,169,2026-09-08T02:00:00Z,steve@urgent.co.nz
AKL > Gisborne pre 8am,16947,2026-09-08T02:00:00Z,steve@urgent.co.nz
AKL > Gisborne pre 8am,32946,2026-09-08T02:00:00Z,steve@urgent.co.nz
AKL > Gisborne pre 8am,9477,2026-09-08T02:00:00Z,steve@urgent.co.nz
AKL > Gisborne pre 8am,36739,2026-09-08T02:00:00Z,steve@urgent.co.nz
AKL > Gisborne pre 8am,14582,2026-09-08T02:00:00Z,steve@urgent.co.nz
AKL > Gisborne pre 8am,13713,2026-09-08T02:00:00Z,steve@urgent.co.nz
AKL > Gisborne pre 8am #2,14763,2026-09-08T02:00:00Z,steve@urgent.co.nz
AKL > Gisborne pre 8am #2,16513,2026-09-08T02:00:00Z,steve@urgent.co.nz
AKL > Gisborne pre 8am #3,14927,2026-09-08T02:00:00Z,steve@urgent.co.nz
AKL > Gisborne pre 8am #4,14578,2026-09-08T02:00:00Z,steve@urgent.co.nz
AKL > Gisborne pre 8am #5,3191,2026-09-08T02:00:00Z,steve@urgent.co.nz
AKL > Gisborne pre 8am #6,35755,2026-09-08T02:00:00Z,steve@urgent.co.nz
AKL > Gisborne pre 8am #7,18188,2026-09-08T02:00:00Z,steve@urgent.co.nz
AKL > Gisborne pre 8am #8,13773,2026-09-08T02:00:00Z,steve@urgent.co.nz
AKL > HLZ Afternoon Medical Run,9477,2026-09-08T02:00:00Z,steve@urgent.co.nz
AKL > HLZ Afternoon Medical Run,16947,2026-09-08T02:00:00Z,steve@urgent.co.nz
AKL > HLZ Afternoon Medical Run,13713,2026-09-08T02:00:00Z,steve@urgent.co.nz
AKL > HLZ Afternoon Medical Run,14578,2026-09-08T02:00:00Z,steve@urgent.co.nz
AKL > HLZ Afternoon Medical Run #2,3191,2026-09-08T02:00:00Z,steve@urgent.co.nz
AKL > HLZ Afternoon Medical Run 10:00am Collection,13773,2026-09-08T02:00:00Z,steve@urgent.co.nz
AKL > HLZ Afternoon Medical Run 10:00am Cutoff,14582,2026-09-08T02:00:00Z,steve@urgent.co.nz
AKL > HLZ Afternoon Medical Run 10am Collection,35755,2026-09-08T02:00:00Z,steve@urgent.co.nz
AKL > HLZ Afternoon Medical Run 10am Collection #2,14927,2026-09-08T02:00:00Z,steve@urgent.co.nz
AKL > HLZ Afternoon Medical Run 10am Cutoff,169,2026-09-08T02:00:00Z,steve@urgent.co.nz
AKL > HLZ Afternoon Medical Run 10am Cutoff,36672,2026-09-08T02:00:00Z,steve@urgent.co.nz
AKL > HLZ Afternoon Medical Run 10am Cutoff #2,16513,2026-09-08T02:00:00Z,steve@urgent.co.nz
AKL > HLZ Afternoon Medical Run 930am Collection,14927,2026-09-08T02:00:00Z,steve@urgent.co.nz
AKL > HLZ Afternoon Medical Run 930am Collection #2,32946,2026-09-08T02:00:00Z,steve@urgent.co.nz
AKL > HLZ Afternoon Medical Run 930am Cutoff,16513,2026-09-08T02:00:00Z,steve@urgent.co.nz
AKL > HLZ Afternoon Medical Run 9:30am Collection,13773,2026-09-08T02:00:00Z,steve@urgent.co.nz
AKL > HLZ Afternoon Medical Run 9:30am Collection #2,35755,2026-09-08T02:00:00Z,steve@urgent.co.nz
AKL > HLZ Afternoon Medical Run 9:30am Cutoff,169,2026-09-08T02:00:00Z,steve@urgent.co.nz
AKL > HLZ Afternoon Medical Run 9:30am Cutoff,36672,2026-09-08T02:00:00Z,steve@urgent.co.nz
AKL > HLZ Afternoon Medical Run 9:30am Cutoff #2,14582,2026-09-08T02:00:00Z,steve@urgent.co.nz
AKL > HLZ Afternoon Medical Run*12:00:00-17:00:00,17122,2026-09-08T02:00:00Z,steve@urgent.co.nz
AKL > HLZ Afternoon Medical Run*12:30:00-17:00:00,33103,2026-09-08T02:00:00Z,steve@urgent.co.nz
AKL > HLZ Afternoon Medical Run*12:30:00-17:00:00,504,2026-09-08T02:00:00Z,steve@urgent.co.nz
AKL > HLZ Afternoon Medical Run*12:30:00-17:00:00,13822,2026-09-08T02:00:00Z,steve@urgent.co.nz
AKL > HLZ Afternoon Medical Run*12:30:00-17:00:00 #2,14763,2026-09-08T02:00:00Z,steve@urgent.co.nz
AKL > HLZ Afternoon Medical Run*12:30:00-17:00:00 #2,18185,2026-09-08T02:00:00Z,steve@urgent.co.nz
AKL > HLZ Afternoon Medical Run*12:30:00-17:00:00 #3,18188,2026-09-08T02:00:00Z,steve@urgent.co.nz
AKL > HLZ Afternoon Medical Run*12:30:00-17:00:00 #3,36739,2026-09-08T02:00:00Z,steve@urgent.co.nz
AKL > HLZ Pre 8am Medical Run,9477,2026-09-08T02:00:00Z,steve@urgent.co.nz
AKL > HLZ Pre 8am Medical Run,16947,2026-09-08T02:00:00Z,steve@urgent.co.nz
AKL > HLZ Pre 8am Medical Run,18188,2026-09-08T02:00:00Z,steve@urgent.co.nz
AKL > HLZ Pre 8am Medical Run,17122,2026-09-08T02:00:00Z,steve@urgent.co.nz
AKL > HLZ Pre 8am Medical Run,36739,2026-09-08T02:00:00Z,steve@urgent.co.nz
AKL > HLZ Pre 8am Medical Run,32946,2026-09-08T02:00:00Z,steve@urgent.co.nz
AKL > HLZ Pre 8am Medical Run #2,16513,2026-09-08T02:00:00Z,steve@urgent.co.nz
AKL > HLZ Pre 8am Medical Run #2,14578,2026-09-08T02:00:00Z,steve@urgent.co.nz
AKL > HLZ Pre 8am Medical Run #2,35755,2026-09-08T02:00:00Z,steve@urgent.co.nz
AKL > HLZ Pre 8am Medical Run #2,169,2026-09-08T02:00:00Z,steve@urgent.co.nz
AKL > HLZ Pre 8am Medical Run #3,33103,2026-09-08T02:00:00Z,steve@urgent.co.nz
AKL > HLZ Pre 8am Medical Run #3,504,2026-09-08T02:00:00Z,steve@urgent.co.nz
AKL > HLZ Pre 8am Medical Run #3,13822,2026-09-08T02:00:00Z,steve@urgent.co.nz
AKL > HLZ Pre 8am Medical Run #4,13713,2026-09-08T02:00:00Z,steve@urgent.co.nz
AKL > HLZ Pre 8am Medical Run #4,18185,2026-09-08T02:00:00Z,steve@urgent.co.nz
AKL > HLZ Pre 8am Medical Run #5,3191,2026-09-08T02:00:00Z,steve@urgent.co.nz
AKL > HLZ Pre 8am Medical Run #6,14927,2026-09-08T02:00:00Z,steve@urgent.co.nz
AKL > HLZ Pre 8am Medical Run #7,14763,2026-09-08T02:00:00Z,steve@urgent.co.nz
AKL > HLZ Pre 8am Medical Run #8,14582,2026-09-08T02:00:00Z,steve@urgent.co.nz
AKL > HLZ Pre 8am Medical Run #9,13773,2026-09-08T02:00:00Z,steve@urgent.co.nz
AKL > HLZ Pre 8am Medical Run #10,36672,2026-09-08T02:00:00Z,steve@urgent.co.nz
AKL > HLZ Pre 8am Medical Run TEST,36266,2026-09-08T02:00:00Z,steve@urgent.co.nz
AKL > Masterton,9477,2026-09-08T02:00:00Z,steve@urgent.co.nz
AKL > Masterton,35755,2026-09-08T02:00:00Z,steve@urgent.co.nz
AKL > Masterton,18188,2026-09-08T02:00:00Z,steve@urgent.co.nz
AKL > Masterton,36739,2026-09-08T02:00:00Z,steve@urgent.co.nz
AKL > Masterton,14582,2026-09-08T02:00:00Z,steve@urgent.co.nz
AKL > Masterton #2,13713,2026-09-08T02:00:00Z,steve@urgent.co.nz
AKL > Masterton #2,14927,2026-09-08T02:00:00Z,steve@urgent.co.nz
AKL > Masterton #3,32946,2026-09-08T02:00:00Z,steve@urgent.co.nz
AKL > Masterton #4,13773,2026-09-08T02:00:00Z,steve@urgent.co.nz
AKL > Napier pre 10am,18185,2026-09-08T02:00:00Z,steve@urgent.co.nz
AKL > Napier pre 10am,14578,2026-09-08T02:00:00Z,steve@urgent.co.nz
AKL > Napier pre 10am,169,2026-09-08T02:00:00Z,steve@urgent.co.nz
AKL > Napier pre 10am,16947,2026-09-08T02:00:00Z,steve@urgent.co.nz
AKL > Napier pre 10am,32946,2026-09-08T02:00:00Z,steve@urgent.co.nz
AKL > Napier pre 10am,9477,2026-09-08T02:00:00Z,steve@urgent.co.nz
AKL > Napier pre 10am,35755,2026-09-08T02:00:00Z,steve@urgent.co.nz
AKL > Napier pre 10am,18188,2026-09-08T02:00:00Z,steve@urgent.co.nz
AKL > Napier pre 10am,14582,2026-09-08T02:00:00Z,steve@urgent.co.nz
AKL > Napier pre 10am #2,14763,2026-09-08T02:00:00Z,steve@urgent.co.nz
AKL > Napier pre 10am #2,16513,2026-09-08T02:00:00Z,steve@urgent.co.nz
AKL > Napier pre 10am #3,14927,2026-09-08T02:00:00Z,steve@urgent.co.nz
AKL > Napier pre 10am #4,13713,2026-09-08T02:00:00Z,steve@urgent.co.nz
AKL > Napier pre 10am #5,36739,2026-09-08T02:00:00Z,steve@urgent.co.nz
AKL > Napier pre 10am #6,13773,2026-09-08T02:00:00Z,steve@urgent.co.nz
AKL > Napier pre 8am,14578,2026-09-08T02:00:00Z,steve@urgent.co.nz
AKL > Napier pre 8am,169,2026-09-08T02:00:00Z,steve@urgent.co.nz
AKL > Napier pre 8am,3191,2026-09-08T02:00:00Z,steve@urgent.co.nz
AKL > Napier pre 8am,16947,2026-09-08T02:00:00Z,steve@urgent.co.nz
AKL > Napier pre 8am,32946,2026-09-08T02:00:00Z,steve@urgent.co.nz
AKL > Napier pre 8am,9477,2026-09-08T02:00:00Z,steve@urgent.co.nz
AKL > Napier pre 8am,35755,2026-09-08T02:00:00Z,steve@urgent.co.nz
AKL > Napier pre 8am,18188,2026-09-08T02:00:00Z,steve@urgent.co.nz
AKL > Napier pre 8am #2,14763,2026-09-08T02:00:00Z,steve@urgent.co.nz
AKL > Napier pre 8am #2,16513,2026-09-08T02:00:00Z,steve@urgent.co.nz
AKL > Napier pre 8am #3,14927,2026-09-08T02:00:00Z,steve@urgent.co.nz
AKL > Napier pre 8am #4,13713,2026-09-08T02:00:00Z,steve@urgent.co.nz
AKL > Napier pre 8am #5,14582,2026-09-08T02:00:00Z,steve@urgent.co.nz
AKL > Napier pre 8am #6,13773,2026-09-08T02:00:00Z,steve@urgent.co.nz
AKL > New Plymouth,3553,2026-09-08T02:00:00Z,steve@urgent.co.nz
AKL > New Plymouth pre 10am,14578,2026-09-08T02:00:00Z,steve@urgent.co.nz
AKL > New Plymouth pre 10am,169,2026-09-08T02:00:00Z,steve@urgent.co.nz
AKL > New Plymouth pre 10am,16947,2026-09-08T02:00:00Z,steve@urgent.co.nz
AKL > New Plymouth pre 10am,32946,2026-09-08T02:00:00Z,steve@urgent.co.nz
AKL > New Plymouth pre 10am,9477,2026-09-08T02:00:00Z,steve@urgent.co.nz
AKL > New Plymouth pre 10am,35755,2026-09-08T02:00:00Z,steve@urgent.co.nz
AKL > New Plymouth pre 10am,18188,2026-09-08T02:00:00Z,steve@urgent.co.nz
AKL > New Plymouth pre 10am,36739,2026-09-08T02:00:00Z,steve@urgent.co.nz
AKL > New Plymouth pre 10am,14582,2026-09-08T02:00:00Z,steve@urgent.co.nz
AKL > New Plymouth pre 10am,13713,2026-09-08T02:00:00Z,steve@urgent.co.nz
AKL > New Plymouth pre 10am,14927,2026-09-08T02:00:00Z,steve@urgent.co.nz
AKL > New Plymouth pre 10am #2,14763,2026-09-08T02:00:00Z,steve@urgent.co.nz
AKL > New Plymouth pre 10am #2,18185,2026-09-08T02:00:00Z,steve@urgent.co.nz
AKL > New Plymouth pre 10am #3,16513,2026-09-08T02:00:00Z,steve@urgent.co.nz
AKL > New Plymouth pre 10am #4,3191,2026-09-08T02:00:00Z,steve@urgent.co.nz
AKL > New Plymouth pre 10am #5,13773,2026-09-08T02:00:00Z,steve@urgent.co.nz
AKL > Palmerston North pre 10am,18185,2026-09-08T02:00:00Z,steve@urgent.co.nz
AKL > Palmerston North pre 10am,14578,2026-09-08T02:00:00Z,steve@urgent.co.nz
AKL > Palmerston North pre 10am,169,2026-09-08T02:00:00Z,steve@urgent.co.nz
AKL > Palmerston North pre 10am,32946,2026-09-08T02:00:00Z,steve@urgent.co.nz
AKL > Palmerston North pre 10am,9477,2026-09-08T02:00:00Z,steve@urgent.co.nz
AKL > Palmerston North pre 10am,18188,2026-09-08T02:00:00Z,steve@urgent.co.nz
AKL > Palmerston North pre 10am,36739,2026-09-08T02:00:00Z,steve@urgent.co.nz
AKL > Palmerston North pre 10am #2,14927,2026-09-08T02:00:00Z,steve@urgent.co.nz
AKL > Palmerston North pre 10am #2,16947,2026-09-08T02:00:00Z,steve@urgent.co.nz
AKL > Palmerston North pre 10am #2,14582,2026-09-08T02:00:00Z,steve@urgent.co.nz
AKL > Palmerston North pre 10am #3,14763,2026-09-08T02:00:00Z,steve@urgent.co.nz
AKL > Palmerston North pre 10am #3,16513,2026-09-08T02:00:00Z,steve@urgent.co.nz
AKL > Palmerston North pre 10am #4,13713,2026-09-08T02:00:00Z,steve@urgent.co.nz
AKL > Palmerston North pre 10am #5,35755,2026-09-08T02:00:00Z,steve@urgent.co.nz
AKL > Palmerston North pre 10am #6,13773,2026-09-08T02:00:00Z,steve@urgent.co.nz
AKL > Palmerston North pre 8am,18185,2026-09-08T02:00:00Z,steve@urgent.co.nz
AKL > Palmerston North pre 8am,14578,2026-09-08T02:00:00Z,steve@urgent.co.nz
AKL > Palmerston North pre 8am,169,2026-09-08T02:00:00Z,steve@urgent.co.nz
AKL > Palmerston North pre 8am,16947,2026-09-08T02:00:00Z,steve@urgent.co.nz
AKL > Palmerston North pre 8am,32946,2026-09-08T02:00:00Z,steve@urgent.co.nz
AKL > Palmerston North pre 8am,9477,2026-09-08T02:00:00Z,steve@urgent.co.nz
AKL > Palmerston North pre 8am,18188,2026-09-08T02:00:00Z,steve@urgent.co.nz
AKL > Palmerston North pre 8am,36739,2026-09-08T02:00:00Z,steve@urgent.co.nz
AKL > Palmerston North pre 8am,14582,2026-09-08T02:00:00Z,steve@urgent.co.nz
AKL > Palmerston North pre 8am #2,14763,2026-09-08T02:00:00Z,steve@urgent.co.nz
AKL > Palmerston North pre 8am #2,16513,2026-09-08T02:00:00Z,steve@urgent.co.nz
AKL > Palmerston North pre 8am #3,13713,2026-09-08T02:00:00Z,steve@urgent.co.nz
AKL > Palmerston North pre 8am #4,14927,2026-09-08T02:00:00Z,steve@urgent.co.nz
AKL > Palmerston North pre 8am #5,3191,2026-09-08T02:00:00Z,steve@urgent.co.nz
AKL > Palmerston North pre 8am #6,13773,2026-09-08T02:00:00Z,steve@urgent.co.nz
AKL > Pukekohe Overnight Medical Run,14927,2026-09-08T02:00:00Z,steve@urgent.co.nz
AKL > Pukekohe Overnight Medical Run,13713,2026-09-08T02:00:00Z,steve@urgent.co.nz
AKL > Pukekohe Overnight Medical Run,16947,2026-09-08T02:00:00Z,steve@urgent.co.nz
AKL > Pukekohe Overnight Medical Run,36820,2026-09-08T02:00:00Z,steve@urgent.co.nz
AKL > Pukekohe Overnight Medical Run,14578,2026-09-08T02:00:00Z,steve@urgent.co.nz
AKL > Pukekohe Overnight Medical Run,3191,2026-09-08T02:00:00Z,steve@urgent.co.nz
AKL > Pukekohe Overnight Medical Run,169,2026-09-08T02:00:00Z,steve@urgent.co.nz
AKL > Pukekohe Overnight Medical Run,32946,2026-09-08T02:00:00Z,steve@urgent.co.nz
AKL > Pukekohe Overnight Medical Run,14821,2026-09-08T02:00:00Z,steve@urgent.co.nz
AKL > Pukekohe Overnight Medical Run,9477,2026-09-08T02:00:00Z,steve@urgent.co.nz
AKL > Pukekohe Overnight Medical Run,35755,2026-09-08T02:00:00Z,steve@urgent.co.nz
AKL > Pukekohe Overnight Medical Run,18188,2026-09-08T02:00:00Z,steve@urgent.co.nz
AKL > Pukekohe Overnight Medical Run,36739,2026-09-08T02:00:00Z,steve@urgent.co.nz
AKL > Pukekohe Overnight Medical Run,14582,2026-09-08T02:00:00Z,steve@urgent.co.nz
AKL > Pukekohe Overnight Medical Run,13773,2026-09-08T02:00:00Z,steve@urgent.co.nz
AKL > Pukekohe Overnight Medical Run #2,18185,2026-09-08T02:00:00Z,steve@urgent.co.nz
AKL > ROT Afternoon Medical Run,33103,2026-09-08T02:00:00Z,steve@urgent.co.nz
AKL > ROT Afternoon Medical Run,504,2026-09-08T02:00:00Z,steve@urgent.co.nz
AKL > ROT Afternoon Medical Run,13822,2026-09-08T02:00:00Z,steve@urgent.co.nz
AKL > ROT Afternoon Medical Run #2,17122,2026-09-08T02:00:00Z,steve@urgent.co.nz
AKL > ROT Afternoon Medical Run #3,36672,2026-09-08T02:00:00Z,steve@urgent.co.nz
AKL > ROT Pre 10am Medical Run,9477,2026-09-08T02:00:00Z,steve@urgent.co.nz
AKL > ROT Pre 10am Medical Run,14582,2026-09-08T02:00:00Z,steve@urgent.co.nz
AKL > ROT Pre 10am Medical Run,16947,2026-09-08T02:00:00Z,steve@urgent.co.nz
AKL > ROT Pre 10am Medical Run,18188,2026-09-08T02:00:00Z,steve@urgent.co.nz
AKL > ROT Pre 10am Medical Run,18185,2026-09-08T02:00:00Z,steve@urgent.co.nz
AKL > ROT Pre 10am Medical Run #2,35755,2026-09-08T02:00:00Z,steve@urgent.co.nz
AKL > ROT Pre 10am Medical Run #2,14578,2026-09-08T02:00:00Z,steve@urgent.co.nz
AKL > ROT Pre 10am Medical Run #2,169,2026-09-08T02:00:00Z,steve@urgent.co.nz
AKL > ROT Pre 10am Medical Run #3,14927,2026-09-08T02:00:00Z,steve@urgent.co.nz
AKL > ROT Pre 10am Medical Run #4,3191,2026-09-08T02:00:00Z,steve@urgent.co.nz
AKL > ROT Pre 10am Medical Run #5,13713,2026-09-08T02:00:00Z,steve@urgent.co.nz
AKL > ROT Pre 10am Medical Run #6,13773,2026-09-08T02:00:00Z,steve@urgent.co.nz
AKL > ROT Pre 10am Medical Run #7,16513,2026-09-08T02:00:00Z,steve@urgent.co.nz
AKL > ROT Pre 10am Medical Run #8,32946,2026-09-08T02:00:00Z,steve@urgent.co.nz
AKL > ROT Pre 10am Medical Run 9-10am,14763,2026-09-08T02:00:00Z,steve@urgent.co.nz
AKL > ROT Pre 10am Medical Run 9-10am - Evening,14763,2026-09-08T02:00:00Z,steve@urgent.co.nz
AKL > ROT Pre 10am Medical Run*09:00:00-10:00:00,36739,2026-09-08T02:00:00Z,steve@urgent.co.nz
AKL > ROT Pre 8am Medical Run,36672,2026-09-08T02:00:00Z,steve@urgent.co.nz
AKL > ROT Pre 8am Medical Run*09:00:00-10:00:00,33103,2026-09-08T02:00:00Z,steve@urgent.co.nz
AKL > ROT Pre 8am Medical Run*09:00:00-10:00:00,504,2026-09-08T02:00:00Z,steve@urgent.co.nz
AKL > ROT Pre 8am Medical Run*09:00:00-10:00:00,17122,2026-09-08T02:00:00Z,steve@urgent.co.nz
AKL > ROT Pre 8am Medical Run*09:00:00-10:00:00,13822,2026-09-08T02:00:00Z,steve@urgent.co.nz
AKL > Taupo Pre 8am Medical Run,32946,2026-09-08T02:00:00Z,steve@urgent.co.nz
AKL > Taupo Pre 8am Medical Run,14821,2026-09-08T02:00:00Z,steve@urgent.co.nz
"AKL > Taupo, Tokoroa, Putaruru, TeAwamutu",16166,2026-09-08T02:00:00Z,steve@urgent.co.nz
AKL > TGA Afternoon Medical Run,169,2026-09-08T02:00:00Z,steve@urgent.co.nz
AKL > TGA Afternoon Medical Run,16513,2026-09-08T02:00:00Z,steve@urgent.co.nz
AKL > TGA Afternoon Medical Run,36672,2026-09-08T02:00:00Z,steve@urgent.co.nz
AKL > TGA Afternoon Medical Run #2,3191,2026-09-08T02:00:00Z,steve@urgent.co.nz
AKL > TGA Afternoon Medical Run #3,9477,2026-09-08T02:00:00Z,steve@urgent.co.nz
AKL > TGA Afternoon Medical Run #4,13713,2026-09-08T02:00:00Z,steve@urgent.co.nz
AKL > TGA Afternoon Medical Run #5,13773,2026-09-08T02:00:00Z,steve@urgent.co.nz
AKL > TGA Afternoon Medical Run 10:00am Cutoff,14582,2026-09-08T02:00:00Z,steve@urgent.co.nz
AKL > TGA Afternoon Medical Run 10am Collection,35755,2026-09-08T02:00:00Z,steve@urgent.co.nz
AKL > TGA Afternoon Medical Run 10am Collection #2,14927,2026-09-08T02:00:00Z,steve@urgent.co.nz
AKL > TGA Afternoon Medical Run 3-5pm,14763,2026-09-08T02:00:00Z,steve@urgent.co.nz
AKL > TGA Afternoon Medical Run 930am Collection,14927,2026-09-08T02:00:00Z,steve@urgent.co.nz
AKL > TGA Afternoon Medical Run 930am Collection #2,32946,2026-09-08T02:00:00Z,steve@urgent.co.nz
AKL > TGA Afternoon Medical Run 9:30am Collection,35755,2026-09-08T02:00:00Z,steve@urgent.co.nz
AKL > TGA Afternoon Medical Run 9:30am Cutoff,14582,2026-09-08T02:00:00Z,steve@urgent.co.nz
AKL > TGA Afternoon Medical Run*15:00:00-17:00:00,16947,2026-09-08T02:00:00Z,steve@urgent.co.nz
AKL > TGA Afternoon Medical Run*15:00:00-17:00:00,18188,2026-09-08T02:00:00Z,steve@urgent.co.nz
AKL > TGA Afternoon Medical Run*15:00:00-17:00:00,33103,2026-09-08T02:00:00Z,steve@urgent.co.nz
AKL > TGA Afternoon Medical Run*15:00:00-17:00:00,504,2026-09-08T02:00:00Z,steve@urgent.co.nz
AKL > TGA Afternoon Medical Run*15:00:00-17:00:00,13822,2026-09-08T02:00:00Z,steve@urgent.co.nz
AKL > TGA Afternoon Medical Run*15:00:00-17:00:00,36739,2026-09-08T02:00:00Z,steve@urgent.co.nz
AKL > TGA Afternoon Medical Run*15:00:00-17:00:00 #2,17122,2026-09-08T02:00:00Z,steve@urgent.co.nz
AKL > TGA Afternoon Medical Run*15:00:00-17:00:00 #2,18185,2026-09-08T02:00:00Z,steve@urgent.co.nz
AKL > TGA Afternoon Medical Run*15:00:00-17:00:00 #3,14578,2026-09-08T02:00:00Z,steve@urgent.co.nz
AKL > TGA Pre 930am Medical Run,16947,2026-09-08T02:00:00Z,steve@urgent.co.nz
AKL > TGA Pre 930am Medical Run,18188,2026-09-08T02:00:00Z,steve@urgent.co.nz
AKL > TGA Pre 930am Medical Run,504,2026-09-08T02:00:00Z,steve@urgent.co.nz
AKL > TGA Pre 930am Medical Run,17122,2026-09-08T02:00:00Z,steve@urgent.co.nz
AKL > TGA Pre 930am Medical Run,13822,2026-09-08T02:00:00Z,steve@urgent.co.nz
AKL > TGA Pre 930am Medical Run,36739,2026-09-08T02:00:00Z,steve@urgent.co.nz
AKL > TGA Pre 930am Medical Run #2,16513,2026-09-08T02:00:00Z,steve@urgent.co.nz
AKL > TGA Pre 930am Medical Run #2,35755,2026-09-08T02:00:00Z,steve@urgent.co.nz
AKL > TGA Pre 930am Medical Run #2,169,2026-09-08T02:00:00Z,steve@urgent.co.nz
AKL > TGA Pre 930am Medical Run #2,36672,2026-09-08T02:00:00Z,steve@urgent.co.nz
AKL > TGA Pre 930am Medical Run #3,9477,2026-09-08T02:00:00Z,steve@urgent.co.nz
AKL > TGA Pre 930am Medical Run #3,18185,2026-09-08T02:00:00Z,steve@urgent.co.nz
AKL > TGA Pre 930am Medical Run #4,14927,2026-09-08T02:00:00Z,steve@urgent.co.nz
AKL > TGA Pre 930am Medical Run #5,14763,2026-09-08T02:00:00Z,steve@urgent.co.nz
AKL > TGA Pre 930am Medical Run #6,14582,2026-09-08T02:00:00Z,steve@urgent.co.nz
AKL > TGA Pre 930am Medical Run #7,13713,2026-09-08T02:00:00Z,steve@urgent.co.nz
AKL > TGA Pre 930am Medical Run #8,33103,2026-09-08T02:00:00Z,steve@urgent.co.nz
AKL > TGA Pre 930am Medical Run #9,14578,2026-09-08T02:00:00Z,steve@urgent.co.nz
AKL > TGA Pre 930am Medical Run #10,13773,2026-09-08T02:00:00Z,steve@urgent.co.nz
AKL > TGA Pre 930am Medical Run Evening Booking,14763,2026-09-08T02:00:00Z,steve@urgent.co.nz
AKL > TGA Pre 930am Medical Run333,32946,2026-09-08T02:00:00Z,steve@urgent.co.nz
AKL > TGA Pre 9:30am Medical Run,3191,2026-09-08T02:00:00Z,steve@urgent.co.nz
AKL > Wangarei NO COLLECTION Regional Evening,13713,2026-09-08T02:00:00Z,steve@urgent.co.nz
AKL > Wangarei Regional Evening Booking Delivery,1088,2026-09-08T02:00:00Z,steve@urgent.co.nz
AKL > Whakatane Medical Run,14582,2026-09-08T02:00:00Z,steve@urgent.co.nz
AKL > Whakatane Medical Run,14927,2026-09-08T02:00:00Z,steve@urgent.co.nz
AKL > Whakatane Pre 11am Medical Run,33103,2026-09-08T02:00:00Z,steve@urgent.co.nz
AKL > Whanganui Pre 10am,1088,2026-09-08T02:00:00Z,steve@urgent.co.nz
AKL > Whanganui Pre 10am,18185,2026-09-08T02:00:00Z,steve@urgent.co.nz
AKL > Whanganui Pre 10am,14578,2026-09-08T02:00:00Z,steve@urgent.co.nz
AKL > Whanganui Pre 10am,169,2026-09-08T02:00:00Z,steve@urgent.co.nz
AKL > Whanganui Pre 10am,16947,2026-09-08T02:00:00Z,steve@urgent.co.nz
AKL > Whanganui Pre 10am,13713,2026-09-08T02:00:00Z,steve@urgent.co.nz
AKL > Whanganui Pre 10am,9477,2026-09-08T02:00:00Z,steve@urgent.co.nz
AKL > Whanganui Pre 10am,35755,2026-09-08T02:00:00Z,steve@urgent.co.nz
AKL > Whanganui Pre 10am,18188,2026-09-08T02:00:00Z,steve@urgent.co.nz
AKL > Whanganui Pre 10am,36739,2026-09-08T02:00:00Z,steve@urgent.co.nz
AKL > Whanganui Pre 10am,14582,2026-09-08T02:00:00Z,steve@urgent.co.nz
AKL > Whanganui Pre 10am #2,3191,2026-09-08T02:00:00Z,steve@urgent.co.nz
AKL > Whanganui Pre 10am #2,14927,2026-09-08T02:00:00Z,steve@urgent.co.nz
AKL > Whanganui Pre 10am #3,32946,2026-09-08T02:00:00Z,steve@urgent.co.nz
AKL > Whanganui Pre 10am #4,13773,2026-09-08T02:00:00Z,steve@urgent.co.nz
AKL > Whangarei Regional Run,1088,2026-09-08T02:00:00Z,steve@urgent.co.nz
AKL > WHK Pre 1230pm Medical Run,14821,2026-09-08T02:00:00Z,steve@urgent.co.nz
AKL > WHK Pre 12:30pm Medical Run,32946,2026-09-08T02:00:00Z,steve@urgent.co.nz
AKL > WLG Pre 10am,14927,2026-09-08T02:00:00Z,steve@urgent.co.nz
AKL > WLG Pre 10am,18185,2026-09-08T02:00:00Z,steve@urgent.co.nz
AKL > WLG Pre 10am,14578,2026-09-08T02:00:00Z,steve@urgent.co.nz
AKL > WLG Pre 10am,169,2026-09-08T02:00:00Z,steve@urgent.co.nz
AKL > WLG Pre 10am,3191,2026-09-08T02:00:00Z,steve@urgent.co.nz
AKL > WLG Pre 10am,16947,2026-09-08T02:00:00Z,steve@urgent.co.nz
AKL > WLG Pre 10am,32946,2026-09-08T02:00:00Z,steve@urgent.co.nz
AKL > WLG Pre 10am,9477,2026-09-08T02:00:00Z,steve@urgent.co.nz
AKL > WLG Pre 10am,35755,2026-09-08T02:00:00Z,steve@urgent.co.nz
AKL > WLG Pre 10am,18188,2026-09-08T02:00:00Z,steve@urgent.co.nz
AKL > WLG Pre 10am,36739,2026-09-08T02:00:00Z,steve@urgent.co.nz
AKL > WLG Pre 10am,14582,2026-09-08T02:00:00Z,steve@urgent.co.nz
AKL > WLG Pre 10am #2,14763,2026-09-08T02:00:00Z,steve@urgent.co.nz
AKL > WLG Pre 10am #2,16513,2026-09-08T02:00:00Z,steve@urgent.co.nz
AKL > WLG Pre 10am #3,13713,2026-09-08T02:00:00Z,steve@urgent.co.nz
AKL > WLG Pre 10am #4,1088,2026-09-08T02:00:00Z,steve@urgent.co.nz
AKL > WLG Pre 8am,18185,2026-09-08T02:00:00Z,steve@urgent.co.nz
AKL > WLG Pre 8am,14578,2026-09-08T02:00:00Z,steve@urgent.co.nz
AKL > WLG Pre 8am,169,2026-09-08T02:00:00Z,steve@urgent.co.nz
AKL > WLG Pre 8am,3191,2026-09-08T02:00:00Z,steve@urgent.co.nz
AKL > WLG Pre 8am,16947,2026-09-08T02:00:00Z,steve@urgent.co.nz
AKL > WLG Pre 8am,32946,2026-09-08T02:00:00Z,steve@urgent.co.nz
AKL > WLG Pre 8am,9477,2026-09-08T02:00:00Z,steve@urgent.co.nz
AKL > WLG Pre 8am,35755,2026-09-08T02:00:00Z,steve@urgent.co.nz
AKL > WLG Pre 8am,18188,2026-09-08T02:00:00Z,steve@urgent.co.nz
AKL > WLG Pre 8am,36739,2026-09-08T02:00:00Z,steve@urgent.co.nz
AKL > WLG Pre 8am,14582,2026-09-08T02:00:00Z,steve@urgent.co.nz
AKL > WLG Pre 8am #2,14763,2026-09-08T02:00:00Z,steve@urgent.co.nz
AKL > WLG Pre 8am #2,16513,2026-09-08T02:00:00Z,steve@urgent.co.nz
AKL > WLG Pre 8am #3,14927,2026-09-08T02:00:00Z,steve@urgent.co.nz
AKL > WLG Pre 8am #4,13713,2026-09-08T02:00:00Z,steve@urgent.co.nz
AKL > WRG Pre 8am Evening Booking No Collection,14763,2026-09-08T02:00:00Z,steve@urgent.co.nz
AKL > WRG Pre 8am Evening Booking with Collection,14763,2026-09-08T02:00:00Z,steve@urgent.co.nz
AKL > WRG Pre 8am Medical Run,9477,2026-09-08T02:00:00Z,steve@urgent.co.nz
AKL > WRG Pre 8am Medical Run,16947,2026-09-08T02:00:00Z,steve@urgent.co.nz
AKL > WRG Pre 8am Medical Run,18188,2026-09-08T02:00:00Z,steve@urgent.co.nz
AKL > WRG Pre 8am Medical Run,33103,2026-09-08T02:00:00Z,steve@urgent.co.nz
AKL > WRG Pre 8am Medical Run,504,2026-09-08T02:00:00Z,steve@urgent.co.nz
AKL > WRG Pre 8am Medical Run,13822,2026-09-08T02:00:00Z,steve@urgent.co.nz
AKL > WRG Pre 8am Medical Run #2,16513,2026-09-08T02:00:00Z,steve@urgent.co.nz
AKL > WRG Pre 8am Medical Run #2,35755,2026-09-08T02:00:00Z,steve@urgent.co.nz
AKL > WRG Pre 8am Medical Run #2,169,2026-09-08T02:00:00Z,steve@urgent.co.nz
AKL > WRG Pre 8am Medical Run #2,36672,2026-09-08T02:00:00Z,steve@urgent.co.nz
AKL > WRG Pre 8am Medical Run #3,17122,2026-09-08T02:00:00Z,steve@urgent.co.nz
AKL > WRG Pre 8am Medical Run #3,18185,2026-09-08T02:00:00Z,steve@urgent.co.nz
AKL > WRG Pre 8am Medical Run #4,14927,2026-09-08T02:00:00Z,steve@urgent.co.nz
AKL > WRG Pre 8am Medical Run #5,3191,2026-09-08T02:00:00Z,steve@urgent.co.nz
AKL > WRG Pre 8am Medical Run #6,14763,2026-09-08T02:00:00Z,steve@urgent.co.nz
AKL > WRG Pre 8am Medical Run #7,14582,2026-09-08T02:00:00Z,steve@urgent.co.nz
AKL > WRG Pre 8am Medical Run #8,13713,2026-09-08T02:00:00Z,steve@urgent.co.nz
AKL > WRG Pre 8am Medical Run #9,14578,2026-09-08T02:00:00Z,steve@urgent.co.nz
AKL > WRG Pre 8am Medical Run #10,13773,2026-09-08T02:00:00Z,steve@urgent.co.nz
AKL > WRG Pre 8am Medical Run #11,36739,2026-09-08T02:00:00Z,steve@urgent.co.nz
AKL > WRG Pre 8am Medical Run #12,32946,2026-09-08T02:00:00Z,steve@urgent.co.nz
AKL > WRG Regional Run #2,36813,2026-09-08T02:00:00Z,steve@urgent.co.nz
AKL > WRG Regional Run - Outer Areas,36813,2026-09-08T02:00:00Z,steve@urgent.co.nz
AKL > WRG Regional Run Express #2,36813,2026-09-08T02:00:00Z,steve@urgent.co.nz
AKL Afternoon,35330,2026-09-08T02:00:00Z,steve@urgent.co.nz
Akl Ah test,32929,2026-09-08T02:00:00Z,steve@urgent.co.nz
AKL Evening,35330,2026-09-08T02:00:00Z,steve@urgent.co.nz
AKL HAM Chilled,123,2026-09-08T02:00:00Z,steve@urgent.co.nz
AKL TNG Chilled,123,2026-09-08T02:00:00Z,steve@urgent.co.nz
AKL to HAM*07:00:00-12:00:00,35330,2026-09-08T02:00:00Z,steve@urgent.co.nz
AKL to HAM*13:00:00-18:00:00,35330,2026-09-08T02:00:00Z,steve@urgent.co.nz
AKL to TGA*07:00:00-12:00:00,35330,2026-09-08T02:00:00Z,steve@urgent.co.nz
AKL to TGA*13:00:00-18:00:00,35330,2026-09-08T02:00:00Z,steve@urgent.co.nz
AKL XMAS HF,17921,2026-09-08T02:00:00Z,steve@urgent.co.nz
All Day Cool,33495,2026-09-08T02:00:00Z,steve@urgent.co.nz
All Day Frozen*07:00:00-17:00:00,36473,2026-09-08T02:00:00Z,steve@urgent.co.nz
Alphatec CHCH > Akl Returns,32946,2026-09-08T02:00:00Z,steve@urgent.co.nz
Alphatec Gisborne > Akl Returns,32946,2026-09-08T02:00:00Z,steve@urgent.co.nz
Alphatec Masterton > Akl Returns,32946,2026-09-08T02:00:00Z,steve@urgent.co.nz
Alphatec Napier > Akl Returns,32946,2026-09-08T02:00:00Z,steve@urgent.co.nz
Alphatec PN > Akl Returns,32946,2026-09-08T02:00:00Z,steve@urgent.co.nz
Alphatec Wellington > Akl Returns,32946,2026-09-08T02:00:00Z,steve@urgent.co.nz
Alphatec Whanganui > Akl Returns,32946,2026-09-08T02:00:00Z,steve@urgent.co.nz
AMTEC All Day Friday,17748,2026-09-08T02:00:00Z,steve@urgent.co.nz
AMTEC All Day Monday,17748,2026-09-08T02:00:00Z,steve@urgent.co.nz
AMTEC All Day Thursday,17748,2026-09-08T02:00:00Z,steve@urgent.co.nz
AMTEC All Day Tuesday,17748,2026-09-08T02:00:00Z,steve@urgent.co.nz
AMTEC All Day Wednesday,17748,2026-09-08T02:00:00Z,steve@urgent.co.nz
Amy's Hamilton > Auckland Afternoon Delivery,31796,2026-09-08T02:00:00Z,steve@urgent.co.nz
Amy's Hamilton > Auckland Evening Delivery,31796,2026-09-08T02:00:00Z,steve@urgent.co.nz
"Amy's Hamilton > Taupo, Tokoroa, Putaruru, TeAwamu",31796,2026-09-08T02:00:00Z,steve@urgent.co.nz
ANSUM Auckland Frozen,36698,2026-09-08T02:00:00Z,steve@urgent.co.nz
ANSUM- Auckland Morning Chilled,36698,2026-09-08T02:00:00Z,steve@urgent.co.nz
AQ - Auckland Returns,9673,2026-09-08T02:00:00Z,steve@urgent.co.nz
AQ - BOP Returns,9673,2026-09-08T02:00:00Z,steve@urgent.co.nz
AQ - Tegel Returns,9673,2026-09-08T02:00:00Z,steve@urgent.co.nz
AQ - Waikato Returns,9673,2026-09-08T02:00:00Z,steve@urgent.co.nz
AQR - Afternoon Economy Run (Sat-Sun),36647,2026-09-08T02:00:00Z,steve@urgent.co.nz
AQR - AKL to WKO,36647,2026-09-08T02:00:00Z,steve@urgent.co.nz
AQR - Auckland Returns,36647,2026-09-08T02:00:00Z,steve@urgent.co.nz
AQR - BOP Returns,36647,2026-09-08T02:00:00Z,steve@urgent.co.nz
AQR - Morning Economy Run (Sat-Sun),36647,2026-09-08T02:00:00Z,steve@urgent.co.nz
AQR - Tegel Returns,36647,2026-09-08T02:00:00Z,steve@urgent.co.nz
AQR - Waikato Returns,36647,2026-09-08T02:00:00Z,steve@urgent.co.nz
Archies - AKL > Whangarei Home Delivery 5am,36807,2026-09-08T02:00:00Z,steve@urgent.co.nz
Archies - AKL Afternoon Chilled,36807,2026-09-08T02:00:00Z,steve@urgent.co.nz
Archies - AKL Morning Chilled,36807,2026-09-08T02:00:00Z,steve@urgent.co.nz
Archies - Auckland Afternoons AH,36807,2026-09-08T02:00:00Z,steve@urgent.co.nz
Archies - Auckland Evening Home,36807,2026-09-08T02:00:00Z,steve@urgent.co.nz
Archies - BOP Home Delivery 11am,36807,2026-09-08T02:00:00Z,steve@urgent.co.nz
Archies - BOP Home Delivery 5am,36807,2026-09-08T02:00:00Z,steve@urgent.co.nz
Archies  - Napier Afternoons AH,36807,2026-09-08T02:00:00Z,steve@urgent.co.nz
Archies - Palmy Afternoons AH,36807,2026-09-08T02:00:00Z,steve@urgent.co.nz
Archies - Waikato Home Delivery 11am,36807,2026-09-08T02:00:00Z,steve@urgent.co.nz
Archies - Waikato Home Delivery 5am,36807,2026-09-08T02:00:00Z,steve@urgent.co.nz
Archies - Wellington Afternoons AH,36807,2026-09-08T02:00:00Z,steve@urgent.co.nz
"Archies > Taupo, Tokoroa, Putaruru, TeAwamutu RHD",36807,2026-09-08T02:00:00Z,steve@urgent.co.nz
"Archies > Taupo, Tokoroa, Putaruru,TeAwamutu Chill",36807,2026-09-08T02:00:00Z,steve@urgent.co.nz
Archies AKL > BOP Morning Chilled,36807,2026-09-08T02:00:00Z,steve@urgent.co.nz
Archies AKL > Hamilton Afternoon Chilled,36807,2026-09-08T02:00:00Z,steve@urgent.co.nz
Archies AKL > Hamilton Morning Chilled,36807,2026-09-08T02:00:00Z,steve@urgent.co.nz
Archies AKL > Tauranga Afternoon Chilled,36807,2026-09-08T02:00:00Z,steve@urgent.co.nz
Archies AKL > Whangarei Chilled,36807,2026-09-08T02:00:00Z,steve@urgent.co.nz
Auckland,33586,2026-09-08T02:00:00Z,steve@urgent.co.nz
Auckland - Auckland Morning Chilled,36266,2026-09-08T02:00:00Z,steve@urgent.co.nz
Auckland - Hamilton 5am run,12671,2026-09-08T02:00:00Z,steve@urgent.co.nz
Auckland - Tatua,32945,2026-09-08T02:00:00Z,steve@urgent.co.nz
Auckland - Taupo Home Delivery,16298,2026-09-08T02:00:00Z,steve@urgent.co.nz
Auckland - Taupo Regional Home Delivery,12764,2026-09-08T02:00:00Z,steve@urgent.co.nz
Auckland - Taupo Regional Home Deliveryy,32530,2026-09-08T02:00:00Z,steve@urgent.co.nz
Auckland - Taupo Run,36813,2026-09-08T02:00:00Z,steve@urgent.co.nz
Auckland - Tauranga Chilled #2,36249,2026-09-08T02:00:00Z,steve@urgent.co.nz
Auckland - Tauranga Chilled #3,9225,2026-09-08T02:00:00Z,steve@urgent.co.nz
Auckland - Tauranga Chilled - Carton,36667,2026-09-08T02:00:00Z,steve@urgent.co.nz
Auckland - Tauranga Chilled - Pallet,36667,2026-09-08T02:00:00Z,steve@urgent.co.nz
Auckland - Urgent Delivery,17951,2026-09-08T02:00:00Z,steve@urgent.co.nz
Auckland - Waikato Home Delivery 11am #2,16298,2026-09-08T02:00:00Z,steve@urgent.co.nz
Auckland - Waikato Home Delivery 11am #2,13681,2026-09-08T02:00:00Z,steve@urgent.co.nz
Auckland - Waikato Home Delivery 11am #3,32929,2026-09-08T02:00:00Z,steve@urgent.co.nz
Auckland - Waikato Home Delivery 5am #2,16298,2026-09-08T02:00:00Z,steve@urgent.co.nz
Auckland - Wellington Chilled #2,4609,2026-09-08T02:00:00Z,steve@urgent.co.nz
Auckland > Cambridge Afternoon,31952,2026-09-08T02:00:00Z,steve@urgent.co.nz
Auckland > Hamilton 1-6pm Run,1088,2026-09-08T02:00:00Z,steve@urgent.co.nz
Auckland > Hamilton Afternoon Baggage Run 1-5pm,16166,2026-09-08T02:00:00Z,steve@urgent.co.nz
Auckland > Hamilton Baggage Afternoon Run,12764,2026-09-08T02:00:00Z,steve@urgent.co.nz
Auckland > Hamilton Baggage Morning Run,12764,2026-09-08T02:00:00Z,steve@urgent.co.nz
Auckland > Hamilton Express 1pm - 5pm,32335,2026-09-08T02:00:00Z,steve@urgent.co.nz
Auckland > Hamilton Morning Baggage Run 7-12pm,16166,2026-09-08T02:00:00Z,steve@urgent.co.nz
Auckland > Hamilton Run 1-6,14853,2026-09-08T02:00:00Z,steve@urgent.co.nz
Auckland > Hamilton Run 1-6,32110,2026-09-08T02:00:00Z,steve@urgent.co.nz
Auckland > Hamilton Run 1-6,36266,2026-09-08T02:00:00Z,steve@urgent.co.nz
Auckland > Hamilton Run 1-6 #2,33014,2026-09-08T02:00:00Z,steve@urgent.co.nz
Auckland > Hamilton Run 7-12,33014,2026-09-08T02:00:00Z,steve@urgent.co.nz
Auckland > Hamilton Run 7-12,14853,2026-09-08T02:00:00Z,steve@urgent.co.nz
Auckland > Hamilton Run 7-12,32110,2026-09-08T02:00:00Z,steve@urgent.co.nz
Auckland > Hamilton Run 7-12,36266,2026-09-08T02:00:00Z,steve@urgent.co.nz
Auckland > Hamilton Run Evening Booking Delivery,1088,2026-09-08T02:00:00Z,steve@urgent.co.nz
Auckland > Hamilton Run Evening Booking Delivery #2,13713,2026-09-08T02:00:00Z,steve@urgent.co.nz
Auckland > Hamilton Run Express 1-6,33014,2026-09-08T02:00:00Z,steve@urgent.co.nz
Auckland > Hamilton Run Express 1-6,32110,2026-09-08T02:00:00Z,steve@urgent.co.nz
Auckland > Hamilton Run Express 7-12,36266,2026-09-08T02:00:00Z,steve@urgent.co.nz
Auckland > Hamilton Run Express 7-12-,33014,2026-09-08T02:00:00Z,steve@urgent.co.nz
Auckland > Rotorua 9-10 AM Run,1088,2026-09-08T02:00:00Z,steve@urgent.co.nz
Auckland > Rotorua Evening Booking Delivery,1088,2026-09-08T02:00:00Z,steve@urgent.co.nz
Auckland > Rotorua Evening Booking Delivery #2,13713,2026-09-08T02:00:00Z,steve@urgent.co.nz
Auckland > Taupo Baggage Morning Delivery,12764,2026-09-08T02:00:00Z,steve@urgent.co.nz
Auckland > Tauranga 3-6:30pm Run,1088,2026-09-08T02:00:00Z,steve@urgent.co.nz
Auckland > Tauranga 9-11AM Run,1088,2026-09-08T02:00:00Z,steve@urgent.co.nz
Auckland > Tauranga Afternoon Run Baggage 3-6:30pm,16166,2026-09-08T02:00:00Z,steve@urgent.co.nz
Auckland > Tauranga Baggage Afternoon Run,12764,2026-09-08T02:00:00Z,steve@urgent.co.nz
Auckland > Tauranga Baggage Morning Run,12764,2026-09-08T02:00:00Z,steve@urgent.co.nz
Auckland > Tauranga Evening Booking Delivery,1088,2026-09-08T02:00:00Z,steve@urgent.co.nz
Auckland > Tauranga Evening Booking Delivery #2,13713,2026-09-08T02:00:00Z,steve@urgent.co.nz
Auckland > Tauranga Express 3pm - 6:30pm,32896,2026-09-08T02:00:00Z,steve@urgent.co.nz
Auckland > Tauranga Express 3pm-6:30pm,32335,2026-09-08T02:00:00Z,steve@urgent.co.nz
Auckland > Tauranga Morning Baggage Run 9-5,16166,2026-09-08T02:00:00Z,steve@urgent.co.nz
Auckland > Tauranga Overnight - Delivery 9-5pm,12671,2026-09-08T02:00:00Z,steve@urgent.co.nz
Auckland > Tauranga Regional Run 9-5,33014,2026-09-08T02:00:00Z,steve@urgent.co.nz
Auckland > Tauranga Regional Run 9-5 #2,36813,2026-09-08T02:00:00Z,steve@urgent.co.nz
Auckland > Tauranga Regional Run 9-5 Express #2,33014,2026-09-08T02:00:00Z,steve@urgent.co.nz
Auckland > Tauranga Regional Run 9-5 Express #3,36813,2026-09-08T02:00:00Z,steve@urgent.co.nz
Auckland > Tauranga Run 3-6:30pm #2,33014,2026-09-08T02:00:00Z,steve@urgent.co.nz
Auckland > Tauranga Run 3-6:30pm #3,36813,2026-09-08T02:00:00Z,steve@urgent.co.nz
Auckland > Tauranga Run Express 4-6:30 #2,33014,2026-09-08T02:00:00Z,steve@urgent.co.nz
Auckland > Tauranga Run Express 4-6:30 #3,36813,2026-09-08T02:00:00Z,steve@urgent.co.nz
Auckland > Tauranga Same Day Delivery 3-6:30pm,12671,2026-09-08T02:00:00Z,steve@urgent.co.nz
Auckland > Waikato 7-9 AM Run,1088,2026-09-08T02:00:00Z,steve@urgent.co.nz
Auckland > Waikato Afternoon Delivery,36813,2026-09-08T02:00:00Z,steve@urgent.co.nz
Auckland > Waikato Afternoon Express #2,36813,2026-09-08T02:00:00Z,steve@urgent.co.nz
Auckland > Waikato Baggage Afternoon Run,12764,2026-09-08T02:00:00Z,steve@urgent.co.nz
Auckland > Waikato Baggage Morning Run,12764,2026-09-08T02:00:00Z,steve@urgent.co.nz
Auckland > Waikato Morning Delivery #2,36813,2026-09-08T02:00:00Z,steve@urgent.co.nz
Auckland > Waikato Morning Express #2,36813,2026-09-08T02:00:00Z,steve@urgent.co.nz
Auckland > Waikato Regional Run 1-6,33014,2026-09-08T02:00:00Z,steve@urgent.co.nz
Auckland > Waikato Regional Run 1-6 #2,36266,2026-09-08T02:00:00Z,steve@urgent.co.nz
Auckland > Waikato Regional Run 7-12,33014,2026-09-08T02:00:00Z,steve@urgent.co.nz
Auckland > Waikato Regional Run 7-12 #2,36266,2026-09-08T02:00:00Z,steve@urgent.co.nz
Auckland > Waikato Regional Run Delivery 1-6pm,12671,2026-09-08T02:00:00Z,steve@urgent.co.nz
Auckland > Waikato Regional Run Delivery 7am-12pm,12671,2026-09-08T02:00:00Z,steve@urgent.co.nz
Auckland > Waikato Regional Run Express 1-6,33014,2026-09-08T02:00:00Z,steve@urgent.co.nz
Auckland > Waikato Regional Run Express 1-6 #2,36266,2026-09-08T02:00:00Z,steve@urgent.co.nz
Auckland > Waikato Regional Run Express 7-12,36266,2026-09-08T02:00:00Z,steve@urgent.co.nz
Auckland > Whangarei Baggage Morning Run,12764,2026-09-08T02:00:00Z,steve@urgent.co.nz
Auckland > Whangarei Morning Baggage Run 7-12pm,16166,2026-09-08T02:00:00Z,steve@urgent.co.nz
Auckland > Whangarei Regional Run Delivery 7-9am,12671,2026-09-08T02:00:00Z,steve@urgent.co.nz
Auckland Afternoon Baggage Delivery,16166,2026-09-08T02:00:00Z,steve@urgent.co.nz
Auckland Afternoon Chilled #2,9673,2026-09-08T02:00:00Z,steve@urgent.co.nz
Auckland Afternoon Chilled Delivery,32973,2026-09-08T02:00:00Z,steve@urgent.co.nz
Auckland Afternoon Cool,33105,2026-09-08T02:00:00Z,steve@urgent.co.nz
Auckland Afternoon Delivery (DBOX),35329,2026-09-08T02:00:00Z,steve@urgent.co.nz
Auckland Afternoon Delivery - Friday,33077,2026-09-08T02:00:00Z,steve@urgent.co.nz
Auckland Afternoon Delivery - Monday,33077,2026-09-08T02:00:00Z,steve@urgent.co.nz
Auckland Afternoon Delivery - Thursday,33077,2026-09-08T02:00:00Z,steve@urgent.co.nz
Auckland Afternoon Delivery - Tuesday,33077,2026-09-08T02:00:00Z,steve@urgent.co.nz
Auckland Afternoon Delivery - Wednesday,33077,2026-09-08T02:00:00Z,steve@urgent.co.nz
Auckland Afternoon Home,33095,2026-09-08T02:00:00Z,steve@urgent.co.nz
Auckland Afternoon Home Delivery,33149,2026-09-08T02:00:00Z,steve@urgent.co.nz
Auckland Afternoons,17761,2026-09-08T02:00:00Z,steve@urgent.co.nz
Auckland Afternoons,13681,2026-09-08T02:00:00Z,steve@urgent.co.nz
Auckland Council II Internal Tracking,17273,2026-09-08T02:00:00Z,steve@urgent.co.nz
Auckland Council II Tracking,17273,2026-09-08T02:00:00Z,steve@urgent.co.nz
Auckland Council Internal,17273,2026-09-08T02:00:00Z,steve@urgent.co.nz
Auckland Evening Delivery (DBOX),35329,2026-09-08T02:00:00Z,steve@urgent.co.nz
Auckland Evening Home,33149,2026-09-08T02:00:00Z,steve@urgent.co.nz
Auckland Express,33049,2026-09-08T02:00:00Z,steve@urgent.co.nz
Auckland Fresh Express,33099,2026-09-08T02:00:00Z,steve@urgent.co.nz
Auckland Friday Delivery,33098,2026-09-08T02:00:00Z,steve@urgent.co.nz
Auckland Morning Chilled (Ham - AKL),33127,2026-09-08T02:00:00Z,steve@urgent.co.nz
Auckland Sunday 12pm - 6pm,32335,2026-09-08T02:00:00Z,steve@urgent.co.nz
Auckland Two Hour,1815,2026-09-08T02:00:00Z,steve@urgent.co.nz
Auckland Wednesday Delivery,33098,2026-09-08T02:00:00Z,steve@urgent.co.nz
Baggage Run,12764,2026-09-08T02:00:00Z,steve@urgent.co.nz
Bay of Plenty Fresh Express,33099,2026-09-08T02:00:00Z,steve@urgent.co.nz
Best Industries - Auckland,35004,2026-09-08T02:00:00Z,steve@urgent.co.nz
Best Industries - Napier,35004,2026-09-08T02:00:00Z,steve@urgent.co.nz
Best Industries - Palmerston North,35004,2026-09-08T02:00:00Z,steve@urgent.co.nz
Best Industries - Taupo,35004,2026-09-08T02:00:00Z,steve@urgent.co.nz
Best Industries - Tauranga,35004,2026-09-08T02:00:00Z,steve@urgent.co.nz
Best Industries - Waikato,35004,2026-09-08T02:00:00Z,steve@urgent.co.nz
Best Industries - Wellington,35004,2026-09-08T02:00:00Z,steve@urgent.co.nz
Best Industries - Whangarei,35004,2026-09-08T02:00:00Z,steve@urgent.co.nz
Betschart - Tauranga Chilled Pallets,34111,2026-09-08T02:00:00Z,steve@urgent.co.nz
"Betscharts - Taupo, Tokoroa, Putaruru, TeAwamutu",34111,2026-09-08T02:00:00Z,steve@urgent.co.nz
Betscharts Auckland - Wellington Chilled,34111,2026-09-08T02:00:00Z,steve@urgent.co.nz
Betscharts Auckland Afternoon Chilled,34111,2026-09-08T02:00:00Z,steve@urgent.co.nz
Betscharts Auckland Morning Chilled,34111,2026-09-08T02:00:00Z,steve@urgent.co.nz
BHE XMAS HF,17921,2026-09-08T02:00:00Z,steve@urgent.co.nz
Bikaner WLG Pallets,35312,2026-09-08T02:00:00Z,steve@urgent.co.nz
BLABO Auckland,34807,2026-09-08T02:00:00Z,steve@urgent.co.nz
BookerBlooms Cambridge To Whangarei - Chilled,37028,2026-09-08T02:00:00Z,steve@urgent.co.nz
BOP - Urgent Delivery,17951,2026-09-08T02:00:00Z,steve@urgent.co.nz
BOP > Waikato Morning Run,9196,2026-09-08T02:00:00Z,steve@urgent.co.nz
BOP > Waikato Morning Run #2,36813,2026-09-08T02:00:00Z,steve@urgent.co.nz
BOP Express Service,18232,2026-09-08T02:00:00Z,steve@urgent.co.nz
BOP Outer > Auckland Express Run 11-1,9196,2026-09-08T02:00:00Z,steve@urgent.co.nz
BOP Outer > Auckland Express Run 11-1 #2,36813,2026-09-08T02:00:00Z,steve@urgent.co.nz
BOP Outer > Auckland Express Run 4-6 #2,9196,2026-09-08T02:00:00Z,steve@urgent.co.nz
BOP Outer > Auckland Express Run 4-6 #3,36813,2026-09-08T02:00:00Z,steve@urgent.co.nz
BOP Outer > Auckland Run 12-5pm,9196,2026-09-08T02:00:00Z,steve@urgent.co.nz
BOP Outer > Auckland Run 12-5pm #2,36813,2026-09-08T02:00:00Z,steve@urgent.co.nz
BOP Outer > Auckland Run 6-9pm,9196,2026-09-08T02:00:00Z,steve@urgent.co.nz
BOP Outer > Auckland Run 6-9pm #2,36813,2026-09-08T02:00:00Z,steve@urgent.co.nz
BOP Regional Home Delivery 11am #2,16298,2026-09-08T02:00:00Z,steve@urgent.co.nz
BOP Regional Home Delivery 11am #2,9196,2026-09-08T02:00:00Z,steve@urgent.co.nz
BOP Regional Home Delivery 5am #2,9196,2026-09-08T02:00:00Z,steve@urgent.co.nz
BOP Regional Home Delivery 5am #2,33149,2026-09-08T02:00:00Z,steve@urgent.co.nz
BOP Regional Home Delivery 5am #3,16298,2026-09-08T02:00:00Z,steve@urgent.co.nz
Brambles Florist Tauranga > Whakatane Run,33057,2026-09-08T02:00:00Z,steve@urgent.co.nz
BTB - Evening Home,36601,2026-09-08T02:00:00Z,steve@urgent.co.nz
BTB - Sunday Auckland,36601,2026-09-08T02:00:00Z,steve@urgent.co.nz
BTB - Sunday Hamilton,36601,2026-09-08T02:00:00Z,steve@urgent.co.nz
BTB - Sunday Napier,36601,2026-09-08T02:00:00Z,steve@urgent.co.nz
BTB - Sunday Palmy,36601,2026-09-08T02:00:00Z,steve@urgent.co.nz
BTB - Sunday Tauranga,36601,2026-09-08T02:00:00Z,steve@urgent.co.nz
BTB - Sunday Wellington,36601,2026-09-08T02:00:00Z,steve@urgent.co.nz
BTBWL - Auckland Afternoons,37006,2026-09-08T02:00:00Z,steve@urgent.co.nz
Bush to Bowl Chilled Transfer,37006,2026-09-08T02:00:00Z,steve@urgent.co.nz
Cal Isuzu Tauranga > Whakatane Run,32200,2026-09-08T02:00:00Z,steve@urgent.co.nz
Cambridge > BOP,31952,2026-09-08T02:00:00Z,steve@urgent.co.nz
Cambridge > Waikato Afternoon,31952,2026-09-08T02:00:00Z,steve@urgent.co.nz
Cambridge > Waikato Morning,31952,2026-09-08T02:00:00Z,steve@urgent.co.nz
Camridge > Auckland 11am-1pm,31952,2026-09-08T02:00:00Z,steve@urgent.co.nz
CB Auckland > Hamilton Express 1pm - 5pm,32893,2026-09-08T02:00:00Z,steve@urgent.co.nz
CB Auckland > Taupo (Mon),32893,2026-09-08T02:00:00Z,steve@urgent.co.nz
CB Auckland > Taupo (Wed & Fri),32893,2026-09-08T02:00:00Z,steve@urgent.co.nz
CB Auckland > Tauranga Express 3-6:30pm,32893,2026-09-08T02:00:00Z,steve@urgent.co.nz
CB Auckland Afternoon Delivery,32893,2026-09-08T02:00:00Z,steve@urgent.co.nz
CB Auckland Evening Delivery 6pm - 9pm,32893,2026-09-08T02:00:00Z,steve@urgent.co.nz
CB Auckland Saturday Delivery 12pm - 5pm,32893,2026-09-08T02:00:00Z,steve@urgent.co.nz
CB Auckland Sunday 12pm - 6pm,32893,2026-09-08T02:00:00Z,steve@urgent.co.nz
CB Hamilton Sunday 12pm - 6pm,32893,2026-09-08T02:00:00Z,steve@urgent.co.nz
CB Napier Afternoons,32893,2026-09-08T02:00:00Z,steve@urgent.co.nz
CB Napier Sunday 12pm - 6pm,32893,2026-09-08T02:00:00Z,steve@urgent.co.nz
CB Palmerston North Sunday 12pm - 6pm,32893,2026-09-08T02:00:00Z,steve@urgent.co.nz
CB Tauranga Sunday 12pm - 6pm,32893,2026-09-08T02:00:00Z,steve@urgent.co.nz
CB Wellington Sunday 12pm - 6pm,32893,2026-09-08T02:00:00Z,steve@urgent.co.nz
CB Whangarei Express service,32893,2026-09-08T02:00:00Z,steve@urgent.co.nz
CELBO Auckland Mothers Day 8am - 1pm,32893,2026-09-08T02:00:00Z,steve@urgent.co.nz
CELBO Auckland Valentines 8am - 2pm,32893,2026-09-08T02:00:00Z,steve@urgent.co.nz
CERES Whangarei/Mangawhai Half Pallet Booking,36544,2026-09-08T02:00:00Z,steve@urgent.co.nz
CHAOS Hamilton - Auckland Afternoon Chilled,36050,2026-09-08T02:00:00Z,steve@urgent.co.nz
CHAOS Hamilton - Auckland Morning Chilled,36050,2026-09-08T02:00:00Z,steve@urgent.co.nz
CHAOS Hamilton - Tauranga Chilled,36050,2026-09-08T02:00:00Z,steve@urgent.co.nz
CHAOS Hamilton Local Chilled,36050,2026-09-08T02:00:00Z,steve@urgent.co.nz
"Chase HLZ > Taupo, Tokoroa, Putaruru Regional Home",31584,2026-09-08T02:00:00Z,steve@urgent.co.nz
CHCH > Akl Medical Returns,35773,2026-09-08T02:00:00Z,steve@urgent.co.nz
CHCH Chilled - Email CS,37020,2026-09-08T02:00:00Z,steve@urgent.co.nz
CHCH MONDAY,12810,2026-09-08T02:00:00Z,steve@urgent.co.nz
CHCH Returns Test,32929,2026-09-08T02:00:00Z,steve@urgent.co.nz
CHCH TEST,15641,2026-09-08T02:00:00Z,steve@urgent.co.nz
CHCH TEST 3pm,15641,2026-09-08T02:00:00Z,steve@urgent.co.nz
CHCH XMAS HF,17921,2026-09-08T02:00:00Z,steve@urgent.co.nz
ChevP - Auckland Chilled,33149,2026-09-08T02:00:00Z,steve@urgent.co.nz
ChevP - Auckland Sunday Home Delivery,33149,2026-09-08T02:00:00Z,steve@urgent.co.nz
ChevP - Christchurch Chilled Cartons,33149,2026-09-08T02:00:00Z,steve@urgent.co.nz
ChevP - Hamilton Chilled,33149,2026-09-08T02:00:00Z,steve@urgent.co.nz
ChevP - Hamilton Home Delivery,33149,2026-09-08T02:00:00Z,steve@urgent.co.nz
ChevP - Hamilton Home Sunday,33149,2026-09-08T02:00:00Z,steve@urgent.co.nz
ChevP - Napier Afternoons,33149,2026-09-08T02:00:00Z,steve@urgent.co.nz
ChevP - Napier Sunday,33149,2026-09-08T02:00:00Z,steve@urgent.co.nz
ChevP - Palmerston North Sunday,33149,2026-09-08T02:00:00Z,steve@urgent.co.nz
ChevP - Palmy Afternoon Home,33149,2026-09-08T02:00:00Z,steve@urgent.co.nz
ChevP - Tauranga Chilled,33149,2026-09-08T02:00:00Z,steve@urgent.co.nz
ChevP - Tauranga Chilled Pallets,33149,2026-09-08T02:00:00Z,steve@urgent.co.nz
ChevP - Tauranga Chilled Saturday Provida,33149,2026-09-08T02:00:00Z,steve@urgent.co.nz
ChevP - Tauranga Home Delivery,33149,2026-09-08T02:00:00Z,steve@urgent.co.nz
ChevP - Tauranga Sunday,33149,2026-09-08T02:00:00Z,steve@urgent.co.nz
ChevP - Wellington Afternoons,33149,2026-09-08T02:00:00Z,steve@urgent.co.nz
ChevP - Wellington Chilled,33149,2026-09-08T02:00:00Z,steve@urgent.co.nz
ChevP - Wellington Chilled Pallets,33149,2026-09-08T02:00:00Z,steve@urgent.co.nz
ChevP - Wellington Sunday,33149,2026-09-08T02:00:00Z,steve@urgent.co.nz
ChevP - Whangarei Chilled,33149,2026-09-08T02:00:00Z,steve@urgent.co.nz
ChevP - Whangarei Delivery,33149,2026-09-08T02:00:00Z,steve@urgent.co.nz
Chilled AKL > HLZ Pre 8am Medical Run,9477,2026-09-08T02:00:00Z,steve@urgent.co.nz
Christchurch > Dunedin,37249,2026-09-08T02:00:00Z,steve@urgent.co.nz
Christchurch Afternoon Home,11119,2026-09-08T02:00:00Z,steve@urgent.co.nz
Christchurch Afternoons AH,36266,2026-09-08T02:00:00Z,steve@urgent.co.nz
Christchurch All Day Home,12764,2026-09-08T02:00:00Z,steve@urgent.co.nz
Christchurch HD,14691,2026-09-08T02:00:00Z,steve@urgent.co.nz
Christchurch Pallet Delivery,36354,2026-09-08T02:00:00Z,steve@urgent.co.nz
CIlantro HAM > AKL Afternoon Chilled,32987,2026-09-08T02:00:00Z,steve@urgent.co.nz
CIlantro HAM > AKL Morning Chilled,32987,2026-09-08T02:00:00Z,steve@urgent.co.nz
CIlantro Hamilton Morning Chilled,32987,2026-09-08T02:00:00Z,steve@urgent.co.nz
CIlantro Tauranga Afternoon Chilled,32987,2026-09-08T02:00:00Z,steve@urgent.co.nz
Cilantro Wellington Chilled,32987,2026-09-08T02:00:00Z,steve@urgent.co.nz
CityP Wellington,36084,2026-09-08T02:00:00Z,steve@urgent.co.nz
CNT - Auckland Afternoon Chilled,37010,2026-09-08T02:00:00Z,steve@urgent.co.nz
CNT - Auckland Afternoons AH,37010,2026-09-08T02:00:00Z,steve@urgent.co.nz
CNT - Auckland Evening Home,37010,2026-09-08T02:00:00Z,steve@urgent.co.nz
CNT - Auckland Morning Chilled,37010,2026-09-08T02:00:00Z,steve@urgent.co.nz
CNT - BOP Home Delivery 5am,37010,2026-09-08T02:00:00Z,steve@urgent.co.nz
CNT - Hamilton Afternoon Chilled - 11am,37010,2026-09-08T02:00:00Z,steve@urgent.co.nz
CNT - Hamilton Morning Chilled - 7am,37010,2026-09-08T02:00:00Z,steve@urgent.co.nz
CNT - New BOP Home Delivery 5am,37010,2026-09-08T02:00:00Z,steve@urgent.co.nz
CNT - Palmy Afternoons AH,37010,2026-09-08T02:00:00Z,steve@urgent.co.nz
CNT - Taupo & Tokoroa Home Delivery,37010,2026-09-08T02:00:00Z,steve@urgent.co.nz
"CNT - Taupo, Tokoroa, Putaruru Home Delivery",37010,2026-09-08T02:00:00Z,steve@urgent.co.nz
CNT - Tauranga Chilled - 11am,37010,2026-09-08T02:00:00Z,steve@urgent.co.nz
CNT - Tauranga Chilled - 7am,37010,2026-09-08T02:00:00Z,steve@urgent.co.nz
CNT - Waikato Home Delivery 11am,37010,2026-09-08T02:00:00Z,steve@urgent.co.nz
CNT - Waikato Home Delivery 5am,37010,2026-09-08T02:00:00Z,steve@urgent.co.nz
CNT - Wellington Afternoons AH,37010,2026-09-08T02:00:00Z,steve@urgent.co.nz
CNT - Wellington Chilled,37010,2026-09-08T02:00:00Z,steve@urgent.co.nz
CNT - WRE Chilled,37010,2026-09-08T02:00:00Z,steve@urgent.co.nz
CNT - WRE Home Delivery 5am,37010,2026-09-08T02:00:00Z,steve@urgent.co.nz
"CNT > Taupo, Tokoroa, Putaruru Chilled",37010,2026-09-08T02:00:00Z,steve@urgent.co.nz
CNT Return Collection Hamilton > Auckland 4-6pm,37010,2026-09-08T02:00:00Z,steve@urgent.co.nz
Constantia Auckland Afternoon Chilled,33079,2026-09-08T02:00:00Z,steve@urgent.co.nz
Constantia Auckland Morning Chilled,33079,2026-09-08T02:00:00Z,steve@urgent.co.nz
Constantia Hamilton Afternoon Chilled,33079,2026-09-08T02:00:00Z,steve@urgent.co.nz
Constantia Tauranga Afternoon Chilled,33079,2026-09-08T02:00:00Z,steve@urgent.co.nz
Constantia Tauranga Morning Chilled,33079,2026-09-08T02:00:00Z,steve@urgent.co.nz
Construct Brands All Day Frozen,35563,2026-09-08T02:00:00Z,steve@urgent.co.nz
Cookie&Pie Afternoon Home,36425,2026-09-08T02:00:00Z,steve@urgent.co.nz
Cookie&Pie Evening Home,36425,2026-09-08T02:00:00Z,steve@urgent.co.nz
Cory akl to ham,33377,2026-09-08T02:00:00Z,steve@urgent.co.nz
Cromwell XMAS HF,17921,2026-09-08T02:00:00Z,steve@urgent.co.nz
CupFull AKL > InnerBOP Regional Home Delivery 11am,36488,2026-09-08T02:00:00Z,steve@urgent.co.nz
CupFull AKL > OuterBOP Regional Home Delivery 5am,36488,2026-09-08T02:00:00Z,steve@urgent.co.nz
CupFull AKL > Waikato Home Delivery 11am,36488,2026-09-08T02:00:00Z,steve@urgent.co.nz
CupFull AKL > Waikato Home Delivery 5am,36488,2026-09-08T02:00:00Z,steve@urgent.co.nz
CupFull Auckland Afternoons,36488,2026-09-08T02:00:00Z,steve@urgent.co.nz
CupFull Palmerston North Afternoons AH,36488,2026-09-08T02:00:00Z,steve@urgent.co.nz
CupFull Taupo Regional Home,36488,2026-09-08T02:00:00Z,steve@urgent.co.nz
CupFull Wellington Afternoons AH,36488,2026-09-08T02:00:00Z,steve@urgent.co.nz
CupFull Whangarei Regional Home,36488,2026-09-08T02:00:00Z,steve@urgent.co.nz
Custom Personal,32997,2026-09-08T02:00:00Z,steve@urgent.co.nz
DBM CHCH > Akl Returns,16947,2026-09-08T02:00:00Z,steve@urgent.co.nz
DBM Gisborne > Akl Returns,16947,2026-09-08T02:00:00Z,steve@urgent.co.nz
DBM Masterton > Akl Returns,16947,2026-09-08T02:00:00Z,steve@urgent.co.nz
DBM Napier > Akl Returns,16947,2026-09-08T02:00:00Z,steve@urgent.co.nz
DBM PN > Akl Returns,16947,2026-09-08T02:00:00Z,steve@urgent.co.nz
DBM Wellington > Akl Returns,16947,2026-09-08T02:00:00Z,steve@urgent.co.nz
DBM Whanganui > Akl Returns,16947,2026-09-08T02:00:00Z,steve@urgent.co.nz
Dedwood - Auckland,35400,2026-09-08T02:00:00Z,steve@urgent.co.nz
Dedwood - Napier,35400,2026-09-08T02:00:00Z,steve@urgent.co.nz
Dedwood - Palmerston North,35400,2026-09-08T02:00:00Z,steve@urgent.co.nz
Dedwood - Taupo,35400,2026-09-08T02:00:00Z,steve@urgent.co.nz
Dedwood - Tauranga,35400,2026-09-08T02:00:00Z,steve@urgent.co.nz
Dedwood - Waikato,35400,2026-09-08T02:00:00Z,steve@urgent.co.nz
Dedwood - Wellington,35400,2026-09-08T02:00:00Z,steve@urgent.co.nz
Dedwood - Whangarei,35400,2026-09-08T02:00:00Z,steve@urgent.co.nz
Delivery Service,33080,2026-09-08T02:00:00Z,steve@urgent.co.nz
Denby Gisborne > Akl Returns,13773,2026-09-08T02:00:00Z,steve@urgent.co.nz
Denby Masterton > Akl Returns,13773,2026-09-08T02:00:00Z,steve@urgent.co.nz
Denby Napier > Akl Returns,13773,2026-09-08T02:00:00Z,steve@urgent.co.nz
Denby PN > Akl Returns,13773,2026-09-08T02:00:00Z,steve@urgent.co.nz
Denby Whanganui > Akl Returns,13773,2026-09-08T02:00:00Z,steve@urgent.co.nz
DevTe CHCH > Akl Returns,9477,2026-09-08T02:00:00Z,steve@urgent.co.nz
DevTe Gisborne > Akl Returns,9477,2026-09-08T02:00:00Z,steve@urgent.co.nz
DevTe Masterton > Akl Returns,9477,2026-09-08T02:00:00Z,steve@urgent.co.nz
DevTe Napier > Akl Returns,9477,2026-09-08T02:00:00Z,steve@urgent.co.nz
DevTe PN > Akl Returns,9477,2026-09-08T02:00:00Z,steve@urgent.co.nz
DevTe Wellington > Akl Returns,9477,2026-09-08T02:00:00Z,steve@urgent.co.nz
DevTe Whanganui > Akl Returns,9477,2026-09-08T02:00:00Z,steve@urgent.co.nz
DHALL - Auckland Afternoon Delivery,32631,2026-09-08T02:00:00Z,steve@urgent.co.nz
DHALL - Christchurch Afternoon Home,32631,2026-09-08T02:00:00Z,steve@urgent.co.nz
DHALL - Hamilton Regional Home Delivery,32631,2026-09-08T02:00:00Z,steve@urgent.co.nz
DHALL - Napier Afternoon Home,32631,2026-09-08T02:00:00Z,steve@urgent.co.nz
DHALL - Palmy Afternoon Home,32631,2026-09-08T02:00:00Z,steve@urgent.co.nz
DHALL - Queenstown Afternoon Home,32631,2026-09-08T02:00:00Z,steve@urgent.co.nz
DHALL - Tauranga Regional Home Delivery,32631,2026-09-08T02:00:00Z,steve@urgent.co.nz
DHALL - Waiheke Schedule,32631,2026-09-08T02:00:00Z,steve@urgent.co.nz
DHALL - Wellington Afternoon Home,32631,2026-09-08T02:00:00Z,steve@urgent.co.nz
DHALL - Whangarei Regional Home Delivery,32631,2026-09-08T02:00:00Z,steve@urgent.co.nz
Donna Nina Central - North Run,36816,2026-09-08T02:00:00Z,steve@urgent.co.nz
Donna Nina Central - South Run,36816,2026-09-08T02:00:00Z,steve@urgent.co.nz
Donna Nina Frozen - North Run,36816,2026-09-08T02:00:00Z,steve@urgent.co.nz
Dont use,32929,2026-09-08T02:00:00Z,steve@urgent.co.nz
DOPAW - Evening Home Auckland,34927,2026-09-08T02:00:00Z,steve@urgent.co.nz
DRY ICE Afternoon Segregated Vehicle 12pm to 5pm,17126,2026-09-08T02:00:00Z,steve@urgent.co.nz
DRY ICE Morning Segregated Vehicle 7am to 12pm,17126,2026-09-08T02:00:00Z,steve@urgent.co.nz
DUD XMAS HF,17921,2026-09-08T02:00:00Z,steve@urgent.co.nz
E-bike Monday,2,2026-09-08T02:00:00Z,steve@urgent.co.nz
EARTH - Auckland Delivery,32899,2026-09-08T02:00:00Z,steve@urgent.co.nz
EARTH - Hamilton Delivery,32899,2026-09-08T02:00:00Z,steve@urgent.co.nz
EARTH - Tauranga Delivery,32899,2026-09-08T02:00:00Z,steve@urgent.co.nz
EatKinda - Frozen Pallet,36762,2026-09-08T02:00:00Z,steve@urgent.co.nz
Economy Run (7am-11am),18245,2026-09-08T02:00:00Z,steve@urgent.co.nz
Eden Office > Waiheke,14388,2026-09-08T02:00:00Z,steve@urgent.co.nz
EH QANAB,12764,2026-09-08T02:00:00Z,steve@urgent.co.nz
EuroVintage Auckland Delivery,35435,2026-09-08T02:00:00Z,steve@urgent.co.nz
EuroVintage Hamilton Delivery 11am Run,35435,2026-09-08T02:00:00Z,steve@urgent.co.nz
EuroVintage Hamilton Delivery 5am Run,35435,2026-09-08T02:00:00Z,steve@urgent.co.nz
EuroVintage Taupo Delivery,35435,2026-09-08T02:00:00Z,steve@urgent.co.nz
EuroVintage Tauranga Delivery 11am Run,35435,2026-09-08T02:00:00Z,steve@urgent.co.nz
EuroVintage Tauranga Delivery 5am Run,35435,2026-09-08T02:00:00Z,steve@urgent.co.nz
EuroVintage Wellington Delivery,35435,2026-09-08T02:00:00Z,steve@urgent.co.nz
EuroVintage Whangarei Delivery 5am Run,35435,2026-09-08T02:00:00Z,steve@urgent.co.nz
Evening Chilled - Z Stores AKL,35920,2026-09-08T02:00:00Z,steve@urgent.co.nz
Evening Delivery,16604,2026-09-08T02:00:00Z,steve@urgent.co.nz
Evening Express,14324,2026-09-08T02:00:00Z,steve@urgent.co.nz
Evening Express Service,216,2026-09-08T02:00:00Z,steve@urgent.co.nz
Evening Home,32530,2026-09-08T02:00:00Z,steve@urgent.co.nz
Evening Home #2,1815,2026-09-08T02:00:00Z,steve@urgent.co.nz
Evening Home #3,32454,2026-09-08T02:00:00Z,steve@urgent.co.nz
Evening Home Auckland,36326,2026-09-08T02:00:00Z,steve@urgent.co.nz
Evening Home Delivery,15744,2026-09-08T02:00:00Z,steve@urgent.co.nz
Farro Auckland Afternoons,15829,2026-09-08T02:00:00Z,steve@urgent.co.nz
Farro Auckland Evening,15829,2026-09-08T02:00:00Z,steve@urgent.co.nz
Farro Hamilton 11am,15829,2026-09-08T02:00:00Z,steve@urgent.co.nz
Farro Hamilton 5am,15829,2026-09-08T02:00:00Z,steve@urgent.co.nz
Farro Monday CHCH 12-6pm,15829,2026-09-08T02:00:00Z,steve@urgent.co.nz
Farro Napier Afternoons AH,15829,2026-09-08T02:00:00Z,steve@urgent.co.nz
Farro Palmerston North Afternoons AH,15829,2026-09-08T02:00:00Z,steve@urgent.co.nz
Farro Sunday 12-6pm AKL,15829,2026-09-08T02:00:00Z,steve@urgent.co.nz
Farro Sunday HAM 12pm - 6pm,15829,2026-09-08T02:00:00Z,steve@urgent.co.nz
Farro Sunday Napier 12-6pm,15829,2026-09-08T02:00:00Z,steve@urgent.co.nz
Farro Sunday Palmy 12-6pm,15829,2026-09-08T02:00:00Z,steve@urgent.co.nz
Farro Sunday Tauranga 12pm - 6pm,15829,2026-09-08T02:00:00Z,steve@urgent.co.nz
Farro Sunday Wellington 12-6pm,15829,2026-09-08T02:00:00Z,steve@urgent.co.nz
Farro Taupo & Tokoroa Regional Home Delivery,15829,2026-09-08T02:00:00Z,steve@urgent.co.nz
Farro Tauranga 11am,15829,2026-09-08T02:00:00Z,steve@urgent.co.nz
Farro Tauranga 5am,15829,2026-09-08T02:00:00Z,steve@urgent.co.nz
Farro Waiheke,15829,2026-09-08T02:00:00Z,steve@urgent.co.nz
Farro Wellington Afternoon Home,15829,2026-09-08T02:00:00Z,steve@urgent.co.nz
Farro Whangarei Home Delivery 5am,15829,2026-09-08T02:00:00Z,steve@urgent.co.nz
FD Auckland Delivery,37018,2026-09-08T02:00:00Z,steve@urgent.co.nz
FD Tauranga Delivery,37018,2026-09-08T02:00:00Z,steve@urgent.co.nz
FD Waikato Delivery,37018,2026-09-08T02:00:00Z,steve@urgent.co.nz
FD Wellington Delivery,37018,2026-09-08T02:00:00Z,steve@urgent.co.nz
FD Whangarei Delivery,37018,2026-09-08T02:00:00Z,steve@urgent.co.nz
FED - Auckland Morning Chilled,18090,2026-09-08T02:00:00Z,steve@urgent.co.nz
FED - Napier Afternoon Home,18090,2026-09-08T02:00:00Z,steve@urgent.co.nz
FED - Palmerston North Afternoon,18090,2026-09-08T02:00:00Z,steve@urgent.co.nz
FED - Taupo Regional Home Delivery,18090,2026-09-08T02:00:00Z,steve@urgent.co.nz
FED Auckland Afternoon Home,18090,2026-09-08T02:00:00Z,steve@urgent.co.nz
FED Christchurch Monday 12 - 6,18090,2026-09-08T02:00:00Z,steve@urgent.co.nz
FED Hamilton Regional Home Delivery,18090,2026-09-08T02:00:00Z,steve@urgent.co.nz
FED Hamilton Sunday 12pm - 6pm,18090,2026-09-08T02:00:00Z,steve@urgent.co.nz
FED Napier Sunday 12pm - 6pm,18090,2026-09-08T02:00:00Z,steve@urgent.co.nz
FED Palmerston North Sunday 12pm - 6pm,18090,2026-09-08T02:00:00Z,steve@urgent.co.nz
FED Sunday Auckland 12pm - 6pm,18090,2026-09-08T02:00:00Z,steve@urgent.co.nz
FED Tauranga Regional Home Delivery,18090,2026-09-08T02:00:00Z,steve@urgent.co.nz
FED Tauranga Sunday 12pm - 6pm,18090,2026-09-08T02:00:00Z,steve@urgent.co.nz
FED Wellington Afternoon Home,18090,2026-09-08T02:00:00Z,steve@urgent.co.nz
FED Wellington Sunday 12pm - 6pm,18090,2026-09-08T02:00:00Z,steve@urgent.co.nz
FED Whangarei,18090,2026-09-08T02:00:00Z,steve@urgent.co.nz
FORK - AKL AH,32924,2026-09-08T02:00:00Z,steve@urgent.co.nz
FORK -  HAM DEL,32924,2026-09-08T02:00:00Z,steve@urgent.co.nz
FORK - SUN AKL,32924,2026-09-08T02:00:00Z,steve@urgent.co.nz
FORK - SUN HAM,32924,2026-09-08T02:00:00Z,steve@urgent.co.nz
FORK - SUN NPE,32924,2026-09-08T02:00:00Z,steve@urgent.co.nz
FORK - SUN PMR,32924,2026-09-08T02:00:00Z,steve@urgent.co.nz
FORK - SUN TNG,32924,2026-09-08T02:00:00Z,steve@urgent.co.nz
FORK - SUN WGT,32924,2026-09-08T02:00:00Z,steve@urgent.co.nz
FORK - TGA DEL,32924,2026-09-08T02:00:00Z,steve@urgent.co.nz
FORK - WGT AH,32924,2026-09-08T02:00:00Z,steve@urgent.co.nz
FORK - WRE DEL,32924,2026-09-08T02:00:00Z,steve@urgent.co.nz
FORKIT - Afternoon Home,32924,2026-09-08T02:00:00Z,steve@urgent.co.nz
ForkIt Sunday Home Delivery,32924,2026-09-08T02:00:00Z,steve@urgent.co.nz
Fresh Connection - Auckland Morning Chilled,36249,2026-09-08T02:00:00Z,steve@urgent.co.nz
Fresh Connection - Waikato/Rotorua Chilled,36249,2026-09-08T02:00:00Z,steve@urgent.co.nz
Fresh Connection - Whangarei Chilled,36249,2026-09-08T02:00:00Z,steve@urgent.co.nz
Fresh Connection - WRG to AKL Chilled,36249,2026-09-08T02:00:00Z,steve@urgent.co.nz
"FreshConnection - Taupo, Tokoroa, Putaruru, TeAwam",36249,2026-09-08T02:00:00Z,steve@urgent.co.nz
FreshDirect AKL- Wellington Chilled,16627,2026-09-08T02:00:00Z,steve@urgent.co.nz
Friday 2 Hour Express (11:00am-1:00pm),33096,2026-09-08T02:00:00Z,steve@urgent.co.nz
Friday 2 Hour Express (1:00-3pm),33096,2026-09-08T02:00:00Z,steve@urgent.co.nz
Friday 2 Hour Express (9:00-11:00am),33096,2026-09-08T02:00:00Z,steve@urgent.co.nz
Friday 2 hour express*08:00:00-10:00:00,17732,2026-09-08T02:00:00Z,steve@urgent.co.nz
Friday 2 hour express*08:00:00-10:00:00x,17732,2026-09-08T02:00:00Z,steve@urgent.co.nz
Friday 2 hour express*10:00:00-12:00:00,17732,2026-09-08T02:00:00Z,steve@urgent.co.nz
Friday 2 hour express*10:00:00-12:00:00x,17732,2026-09-08T02:00:00Z,steve@urgent.co.nz
Friday 2 hour express*13:00:00-15:00:00,17732,2026-09-08T02:00:00Z,steve@urgent.co.nz
Friday 2 hour express*13:00:00-15:00:00x,17732,2026-09-08T02:00:00Z,steve@urgent.co.nz
Friday 2 hour express*14:00:00-16:00:00,17732,2026-09-08T02:00:00Z,steve@urgent.co.nz
Friday 2 hour express*14:00:00-16:00:00x,17732,2026-09-08T02:00:00Z,steve@urgent.co.nz
Friday Afternoon Bay of Plenty Express,33094,2026-09-08T02:00:00Z,steve@urgent.co.nz
Friday Afternoon Express,33089,2026-09-08T02:00:00Z,steve@urgent.co.nz
Friday Afternoon Express,33091,2026-09-08T02:00:00Z,steve@urgent.co.nz
Friday Afternoon Express #2,32758,2026-09-08T02:00:00Z,steve@urgent.co.nz
Friday Afternoon Express #3,32822,2026-09-08T02:00:00Z,steve@urgent.co.nz
Friday Afternoon Express #4,33093,2026-09-08T02:00:00Z,steve@urgent.co.nz
Friday Afternoon Express #5,33094,2026-09-08T02:00:00Z,steve@urgent.co.nz
Friday afternoon express delivery,32773,2026-09-08T02:00:00Z,steve@urgent.co.nz
Friday Afternoon Home,32429,2026-09-08T02:00:00Z,steve@urgent.co.nz
Friday Afternoon Home #2,32738,2026-09-08T02:00:00Z,steve@urgent.co.nz
Friday Afternoon Home #3,18232,2026-09-08T02:00:00Z,steve@urgent.co.nz
Friday Afternoon Home #4,32799,2026-09-08T02:00:00Z,steve@urgent.co.nz
Friday Afternoon Home Auckland,34381,2026-09-08T02:00:00Z,steve@urgent.co.nz
Friday Afternoon Service,32710,2026-09-08T02:00:00Z,steve@urgent.co.nz
Friday Afternoon Waikato Express,33094,2026-09-08T02:00:00Z,steve@urgent.co.nz
Friday Afternoon Whangarei Express,33094,2026-09-08T02:00:00Z,steve@urgent.co.nz
Friday Evening Express,33089,2026-09-08T02:00:00Z,steve@urgent.co.nz
Friday Evening Express,33091,2026-09-08T02:00:00Z,steve@urgent.co.nz
Friday Evening Express #2,32758,2026-09-08T02:00:00Z,steve@urgent.co.nz
Friday Evening Express #3,32822,2026-09-08T02:00:00Z,steve@urgent.co.nz
Friday Evening Express #4,33094,2026-09-08T02:00:00Z,steve@urgent.co.nz
Friday Evening Home,32429,2026-09-08T02:00:00Z,steve@urgent.co.nz
Friday Evening Home #2,18232,2026-09-08T02:00:00Z,steve@urgent.co.nz
Friday Evening Home #3,32770,2026-09-08T02:00:00Z,steve@urgent.co.nz
Friday Evening Home #4,32799,2026-09-08T02:00:00Z,steve@urgent.co.nz
Friday express delivery,32773,2026-09-08T02:00:00Z,steve@urgent.co.nz
Friday Morning 3 Hour,216,2026-09-08T02:00:00Z,steve@urgent.co.nz
Friday Morning Express,33089,2026-09-08T02:00:00Z,steve@urgent.co.nz
Friday Morning Express #2,33091,2026-09-08T02:00:00Z,steve@urgent.co.nz
Friday same day delivery,32714,2026-09-08T02:00:00Z,steve@urgent.co.nz
Friday same-day delivery,32697,2026-09-08T02:00:00Z,steve@urgent.co.nz
Frozen - Central Run,37022,2026-09-08T02:00:00Z,steve@urgent.co.nz
Frozen - North Run,37022,2026-09-08T02:00:00Z,steve@urgent.co.nz
Frozen - South Run,37022,2026-09-08T02:00:00Z,steve@urgent.co.nz
FRSHB Auckland > BoP 10am - 5pm,36876,2026-09-08T02:00:00Z,steve@urgent.co.nz
FRSHB Auckland > Hamilton 1pm - 5pm,36876,2026-09-08T02:00:00Z,steve@urgent.co.nz
FRSHB Auckland > Tauranga 3pm - 6pm,36876,2026-09-08T02:00:00Z,steve@urgent.co.nz
FRSHB Auckland Afternoon Home,36876,2026-09-08T02:00:00Z,steve@urgent.co.nz
FRSHB Auckland Evening 6pm - 9pm,36876,2026-09-08T02:00:00Z,steve@urgent.co.nz
FRSHB Auckland Sunday,36876,2026-09-08T02:00:00Z,steve@urgent.co.nz
FRSHB Christchurch Afternoons AH,36876,2026-09-08T02:00:00Z,steve@urgent.co.nz
FRSHB Dunedin,36876,2026-09-08T02:00:00Z,steve@urgent.co.nz
FRSHB Hamilton Sunday,36876,2026-09-08T02:00:00Z,steve@urgent.co.nz
FRSHB Monday CHCH 12-6pm,36876,2026-09-08T02:00:00Z,steve@urgent.co.nz
FRSHB Tauranga Sunday,36876,2026-09-08T02:00:00Z,steve@urgent.co.nz
GDT Sun Auckland,18049,2026-09-08T02:00:00Z,steve@urgent.co.nz
GDT Sun Hamilton,18049,2026-09-08T02:00:00Z,steve@urgent.co.nz
GDT Sun Napier,18049,2026-09-08T02:00:00Z,steve@urgent.co.nz
GDT Sun Palmerston North,18049,2026-09-08T02:00:00Z,steve@urgent.co.nz
GDT Sun Tauranga,18049,2026-09-08T02:00:00Z,steve@urgent.co.nz
GDT Sun Wellington,18049,2026-09-08T02:00:00Z,steve@urgent.co.nz
Genus Christchurch - Chilled,36796,2026-09-08T02:00:00Z,steve@urgent.co.nz
Genus Christchurch - Monday Chilled,36796,2026-09-08T02:00:00Z,steve@urgent.co.nz
Genus Christchurch - Monday Chilled #2,36266,2026-09-08T02:00:00Z,steve@urgent.co.nz
George TEXT Test,16702,2026-09-08T02:00:00Z,steve@urgent.co.nz
GIS XMAS HF,17921,2026-09-08T02:00:00Z,steve@urgent.co.nz
GMORN Auckland Afternoon Chilled,37019,2026-09-08T02:00:00Z,steve@urgent.co.nz
GMORN Auckland Afternoons,37019,2026-09-08T02:00:00Z,steve@urgent.co.nz
GMORN Auckland Morning Chilled,37019,2026-09-08T02:00:00Z,steve@urgent.co.nz
GMORN BOP Home Delivery 5am,37019,2026-09-08T02:00:00Z,steve@urgent.co.nz
GMORN Evening Home Auckland,37019,2026-09-08T02:00:00Z,steve@urgent.co.nz
GMORN Hamilton Chilled,37019,2026-09-08T02:00:00Z,steve@urgent.co.nz
GMORN Napier Afternoons AH,37019,2026-09-08T02:00:00Z,steve@urgent.co.nz
GMORN Palmy Afternoons AH,37019,2026-09-08T02:00:00Z,steve@urgent.co.nz
GMORN Tauranga Chilled,37019,2026-09-08T02:00:00Z,steve@urgent.co.nz
GMORN TGA Home Delivery 11am,37019,2026-09-08T02:00:00Z,steve@urgent.co.nz
GMORN Waikato Home Delivery 11am,37019,2026-09-08T02:00:00Z,steve@urgent.co.nz
GMORN Wellington Afternoons AH,37019,2026-09-08T02:00:00Z,steve@urgent.co.nz
GMORN Whangarei Home Delivery 5am,37019,2026-09-08T02:00:00Z,steve@urgent.co.nz
GOLCH - AKL > Hamilton Chilled,32837,2026-09-08T02:00:00Z,steve@urgent.co.nz
GOLCH - AKL > Tauranga Chilled,32837,2026-09-08T02:00:00Z,steve@urgent.co.nz
GOLCH - AKL Evening Home,32837,2026-09-08T02:00:00Z,steve@urgent.co.nz
GOLCH - AKL Sunday,32837,2026-09-08T02:00:00Z,steve@urgent.co.nz
GOLCH - Bay of Plenty - Express Next Day,32837,2026-09-08T02:00:00Z,steve@urgent.co.nz
GOLCH - Hamilton - Express Next Day,32837,2026-09-08T02:00:00Z,steve@urgent.co.nz
GOLCH - Hamilton - Sunday,32837,2026-09-08T02:00:00Z,steve@urgent.co.nz
GOLCH - Napier - Sunday,32837,2026-09-08T02:00:00Z,steve@urgent.co.nz
GOLCH - Palmerston North - Sunday,32837,2026-09-08T02:00:00Z,steve@urgent.co.nz
GOLCH - Tauranga - Sunday,32837,2026-09-08T02:00:00Z,steve@urgent.co.nz
GOLCH - Wellington - Sunday,32837,2026-09-08T02:00:00Z,steve@urgent.co.nz
GOLCH - Whangarei - Express Next Day,32837,2026-09-08T02:00:00Z,steve@urgent.co.nz
Halls Frozen,35470,2026-09-08T02:00:00Z,steve@urgent.co.nz
HAM Chilled,32920,2026-09-08T02:00:00Z,steve@urgent.co.nz
Hamilton,33586,2026-09-08T02:00:00Z,steve@urgent.co.nz
Hamilton & Taupo Pallet Delivery,36354,2026-09-08T02:00:00Z,steve@urgent.co.nz
Hamilton - Auckland Afternoon Chilled #2,36991,2026-09-08T02:00:00Z,steve@urgent.co.nz
Hamilton - Auckland Morning Chilled,36991,2026-09-08T02:00:00Z,steve@urgent.co.nz
Hamilton - Auckland Morning Chilled #2,36745,2026-09-08T02:00:00Z,steve@urgent.co.nz
Hamilton - Monday delivery,32924,2026-09-08T02:00:00Z,steve@urgent.co.nz
Hamilton - Same Day,32944,2026-09-08T02:00:00Z,steve@urgent.co.nz
Hamilton - Taupo,31458,2026-09-08T02:00:00Z,steve@urgent.co.nz
Hamilton - Taupo,31504,2026-09-08T02:00:00Z,steve@urgent.co.nz
Hamilton - Taupo,31944,2026-09-08T02:00:00Z,steve@urgent.co.nz
Hamilton - Taupo,31476,2026-09-08T02:00:00Z,steve@urgent.co.nz
Hamilton - Taupo,31465,2026-09-08T02:00:00Z,steve@urgent.co.nz
Hamilton - Taupo,31501,2026-09-08T02:00:00Z,steve@urgent.co.nz
Hamilton - Taupo #2,36813,2026-09-08T02:00:00Z,steve@urgent.co.nz
Hamilton - Taupo #3,32587,2026-09-08T02:00:00Z,steve@urgent.co.nz
Hamilton - Taupo Chilled,36813,2026-09-08T02:00:00Z,steve@urgent.co.nz
Hamilton - Thursday delivery,32924,2026-09-08T02:00:00Z,steve@urgent.co.nz
Hamilton - Waikato Afternoon,31504,2026-09-08T02:00:00Z,steve@urgent.co.nz
Hamilton - Waikato Afternoon,31944,2026-09-08T02:00:00Z,steve@urgent.co.nz
Hamilton - Waikato Afternoon,31476,2026-09-08T02:00:00Z,steve@urgent.co.nz
Hamilton - Waikato Afternoon,31465,2026-09-08T02:00:00Z,steve@urgent.co.nz
Hamilton - Waikato Afternoon,31501,2026-09-08T02:00:00Z,steve@urgent.co.nz
Hamilton - Waikato Afternoon #2,31796,2026-09-08T02:00:00Z,steve@urgent.co.nz
Hamilton - Waikato Afternoon #2,36813,2026-09-08T02:00:00Z,steve@urgent.co.nz
Hamilton - Waikato Afternoon #3,31458,2026-09-08T02:00:00Z,steve@urgent.co.nz
Hamilton - Waikato Morning,31504,2026-09-08T02:00:00Z,steve@urgent.co.nz
Hamilton - Waikato Morning,31944,2026-09-08T02:00:00Z,steve@urgent.co.nz
Hamilton - Waikato Morning,31476,2026-09-08T02:00:00Z,steve@urgent.co.nz
Hamilton - Waikato Morning,31465,2026-09-08T02:00:00Z,steve@urgent.co.nz
Hamilton - Waikato Morning,31501,2026-09-08T02:00:00Z,steve@urgent.co.nz
Hamilton - Waikato Morning #2,31796,2026-09-08T02:00:00Z,steve@urgent.co.nz
Hamilton - Waikato Morning #3,31458,2026-09-08T02:00:00Z,steve@urgent.co.nz
Hamilton - Waikato Morning #4,36813,2026-09-08T02:00:00Z,steve@urgent.co.nz
Hamilton 1 hour*10:00:00-11:00:00,12671,2026-09-08T02:00:00Z,steve@urgent.co.nz
Hamilton 1 hour*11:00:00-12:00:00,12671,2026-09-08T02:00:00Z,steve@urgent.co.nz
Hamilton 1 hour*12:00:00-13:00:00,12671,2026-09-08T02:00:00Z,steve@urgent.co.nz
Hamilton 1 hour*13:00:00-14:00:00,12671,2026-09-08T02:00:00Z,steve@urgent.co.nz
Hamilton 1 hour*14:00:00-15:00:00,12671,2026-09-08T02:00:00Z,steve@urgent.co.nz
Hamilton 1 hour*15:00:00-16:00:00,12671,2026-09-08T02:00:00Z,steve@urgent.co.nz
Hamilton 1 hour*16:00:00-17:00:00,12671,2026-09-08T02:00:00Z,steve@urgent.co.nz
Hamilton 12pm > AKL Next Day Run,33103,2026-09-08T02:00:00Z,steve@urgent.co.nz
Hamilton 6pm > AKL Next Day Run,33103,2026-09-08T02:00:00Z,steve@urgent.co.nz
Hamilton 8am > AKL Next Day Run,33103,2026-09-08T02:00:00Z,steve@urgent.co.nz
Hamilton > Auckland Evening Delivery 6-9pm,31721,2026-09-08T02:00:00Z,steve@urgent.co.nz
Hamilton > Auckland Express 11am-1pm,9196,2026-09-08T02:00:00Z,steve@urgent.co.nz
Hamilton > Auckland Express 11am-1pm #2,36813,2026-09-08T02:00:00Z,steve@urgent.co.nz
Hamilton > Auckland Express 4pm-6pm,9196,2026-09-08T02:00:00Z,steve@urgent.co.nz
Hamilton > Auckland Express 4pm-6pm,31721,2026-09-08T02:00:00Z,steve@urgent.co.nz
Hamilton > Auckland Express 4pm-6pm #2,36813,2026-09-08T02:00:00Z,steve@urgent.co.nz
Hamilton > Auckland Run 12pm-5pm,9196,2026-09-08T02:00:00Z,steve@urgent.co.nz
Hamilton > Auckland Run 6-9pm,9196,2026-09-08T02:00:00Z,steve@urgent.co.nz
Hamilton  > Aucland,33108,2026-09-08T02:00:00Z,steve@urgent.co.nz
Hamilton > BOP,9196,2026-09-08T02:00:00Z,steve@urgent.co.nz
Hamilton > BOP,36813,2026-09-08T02:00:00Z,steve@urgent.co.nz
Hamilton > BOP #2,31458,2026-09-08T02:00:00Z,steve@urgent.co.nz
Hamilton > BOP #2,31504,2026-09-08T02:00:00Z,steve@urgent.co.nz
Hamilton > BOP #2,31944,2026-09-08T02:00:00Z,steve@urgent.co.nz
Hamilton > BOP #2,31476,2026-09-08T02:00:00Z,steve@urgent.co.nz
Hamilton > BOP #2,31465,2026-09-08T02:00:00Z,steve@urgent.co.nz
Hamilton > BOP #2,31501,2026-09-08T02:00:00Z,steve@urgent.co.nz
Hamilton > BOP Morning,31796,2026-09-08T02:00:00Z,steve@urgent.co.nz
Hamilton > Tauranga afternoon,31796,2026-09-08T02:00:00Z,steve@urgent.co.nz
Hamilton > Tauranga afternoon,9196,2026-09-08T02:00:00Z,steve@urgent.co.nz
Hamilton > Tauranga afternoon,36813,2026-09-08T02:00:00Z,steve@urgent.co.nz
Hamilton > Tauranga Chilled,33127,2026-09-08T02:00:00Z,steve@urgent.co.nz
Hamilton > Waikato Local (NO Collection),36266,2026-09-08T02:00:00Z,steve@urgent.co.nz
Hamilton > Waikato Morning,32587,2026-09-08T02:00:00Z,steve@urgent.co.nz
Hamilton Afternoon Cool,33105,2026-09-08T02:00:00Z,steve@urgent.co.nz
Hamilton Afternoon Home,33095,2026-09-08T02:00:00Z,steve@urgent.co.nz
Hamilton Chilled 5am Run,33710,2026-09-08T02:00:00Z,steve@urgent.co.nz
Hamilton Chilled 5am Run,34623,2026-09-08T02:00:00Z,steve@urgent.co.nz
Hamilton Chilled Pallet 5am Run,18246,2026-09-08T02:00:00Z,steve@urgent.co.nz
Hamilton Express,33049,2026-09-08T02:00:00Z,steve@urgent.co.nz
Hamilton Friday Delivery,33098,2026-09-08T02:00:00Z,steve@urgent.co.nz
Hamilton Home Delivery,34807,2026-09-08T02:00:00Z,steve@urgent.co.nz
Hamilton Local Chilled #2,36459,2026-09-08T02:00:00Z,steve@urgent.co.nz
Hamilton Local Chilled #3,36813,2026-09-08T02:00:00Z,steve@urgent.co.nz
Hamilton Local Chilled - Friday,33127,2026-09-08T02:00:00Z,steve@urgent.co.nz
Hamilton Local Chilled - Monday,33127,2026-09-08T02:00:00Z,steve@urgent.co.nz
Hamilton Local Chilled - Thursday,33127,2026-09-08T02:00:00Z,steve@urgent.co.nz
Hamilton Local Chilled - Tuesday,33127,2026-09-08T02:00:00Z,steve@urgent.co.nz
Hamilton Local Chilled - Wednesday,33127,2026-09-08T02:00:00Z,steve@urgent.co.nz
Hamilton P2P 180 min 10am,33772,2026-09-08T02:00:00Z,steve@urgent.co.nz
Hamilton P2P 180 min 11am,33772,2026-09-08T02:00:00Z,steve@urgent.co.nz
Hamilton P2P 180 min 12pm,33772,2026-09-08T02:00:00Z,steve@urgent.co.nz
Hamilton P2P 180 min 1pm,33772,2026-09-08T02:00:00Z,steve@urgent.co.nz
Hamilton P2P 180 min 2pm,33772,2026-09-08T02:00:00Z,steve@urgent.co.nz
Hamilton P2P 180 min 3pm,33772,2026-09-08T02:00:00Z,steve@urgent.co.nz
Hamilton P2P 180 min 9am,33772,2026-09-08T02:00:00Z,steve@urgent.co.nz
Hamilton Same day,15521,2026-09-08T02:00:00Z,steve@urgent.co.nz
Hamilton Same Day Run,12671,2026-09-08T02:00:00Z,steve@urgent.co.nz
Hamilton Sunday 12pm - 6pm,32335,2026-09-08T02:00:00Z,steve@urgent.co.nz
Hamilton Thursday Delivery,33098,2026-09-08T02:00:00Z,steve@urgent.co.nz
Hamilton to CHCH,32929,2026-09-08T02:00:00Z,steve@urgent.co.nz
Hamilton Wednesday Delivery,33098,2026-09-08T02:00:00Z,steve@urgent.co.nz
Hamilton Weds Regional,32853,2026-09-08T02:00:00Z,steve@urgent.co.nz
Hamilton Weds Regional,31654,2026-09-08T02:00:00Z,steve@urgent.co.nz
HB - Hamilton to BOP,37339,2026-09-08T02:00:00Z,steve@urgent.co.nz
HB - Hamilton to Tauranga Afternoon,37339,2026-09-08T02:00:00Z,steve@urgent.co.nz
HB - Hamilton to Waikato Afternoon,37339,2026-09-08T02:00:00Z,steve@urgent.co.nz
HB - Hamilton to Waikato Morning,37339,2026-09-08T02:00:00Z,steve@urgent.co.nz
HB - Tauranga to Waikato Afternoon,37352,2026-09-08T02:00:00Z,steve@urgent.co.nz
HB - Tauranga to Waikato Afternoon,37354,2026-09-08T02:00:00Z,steve@urgent.co.nz
HB - Tauranga to Waikato Morning,37352,2026-09-08T02:00:00Z,steve@urgent.co.nz
HB - Tauranga to Waikato Morning,37354,2026-09-08T02:00:00Z,steve@urgent.co.nz
HB - Tauranga to Whakatane,37354,2026-09-08T02:00:00Z,steve@urgent.co.nz
HB - Tauranga to Whakatane,37352,2026-09-08T02:00:00Z,steve@urgent.co.nz
HB - Whakatane to Tauranga,37352,2026-09-08T02:00:00Z,steve@urgent.co.nz
HB - Whakatane to Tauranga,37354,2026-09-08T02:00:00Z,steve@urgent.co.nz
HD Welly,34079,2026-09-08T02:00:00Z,steve@urgent.co.nz
Henning Harder - Napier Chilled Pallets,34106,2026-09-08T02:00:00Z,steve@urgent.co.nz
Henning Harder - Wellington Chilled Pallets,34106,2026-09-08T02:00:00Z,steve@urgent.co.nz
HF last Minute,33094,2026-09-08T02:00:00Z,steve@urgent.co.nz
HF Monday Home Delivery Auckland,17921,2026-09-08T02:00:00Z,steve@urgent.co.nz
HF Monday Tauranga Special,17921,2026-09-08T02:00:00Z,steve@urgent.co.nz
HF Monday Waiheke,17921,2026-09-08T02:00:00Z,steve@urgent.co.nz
HF Saturday Home Delivery Auckland,17921,2026-09-08T02:00:00Z,steve@urgent.co.nz
HF Saturday Home Delivery Hamilton,17921,2026-09-08T02:00:00Z,steve@urgent.co.nz
HF Saturday Home Delivery Napier,17921,2026-09-08T02:00:00Z,steve@urgent.co.nz
HF Saturday Home Delivery Tauranga,17921,2026-09-08T02:00:00Z,steve@urgent.co.nz
HF Saturday Home Delivery Wellington,17921,2026-09-08T02:00:00Z,steve@urgent.co.nz
HF Sunday Cromwell,17921,2026-09-08T02:00:00Z,steve@urgent.co.nz
HF Sunday HF Taranaki,17921,2026-09-08T02:00:00Z,steve@urgent.co.nz
HF Sunday Home Delivery Auckland,17921,2026-09-08T02:00:00Z,steve@urgent.co.nz
HF Sunday Home Delivery Blenheim,17921,2026-09-08T02:00:00Z,steve@urgent.co.nz
HF Sunday Home Delivery Christchurch,17921,2026-09-08T02:00:00Z,steve@urgent.co.nz
HF Sunday Home Delivery Dunedin,17921,2026-09-08T02:00:00Z,steve@urgent.co.nz
HF Sunday Home Delivery Hamilton,17921,2026-09-08T02:00:00Z,steve@urgent.co.nz
HF Sunday Home Delivery Invercargill,17921,2026-09-08T02:00:00Z,steve@urgent.co.nz
HF Sunday Home Delivery Napier,17921,2026-09-08T02:00:00Z,steve@urgent.co.nz
HF Sunday Home Delivery Nelson,17921,2026-09-08T02:00:00Z,steve@urgent.co.nz
HF Sunday Home Delivery Palmerston North,17921,2026-09-08T02:00:00Z,steve@urgent.co.nz
HF Sunday Home Delivery Tauranga,17921,2026-09-08T02:00:00Z,steve@urgent.co.nz
HF Sunday Home Delivery Timaru,17921,2026-09-08T02:00:00Z,steve@urgent.co.nz
HF Sunday Home Delivery Wellington,17921,2026-09-08T02:00:00Z,steve@urgent.co.nz
HF Sunday Queenstown,17921,2026-09-08T02:00:00Z,steve@urgent.co.nz
HF Thursday Home Delivery Auckland,17921,2026-09-08T02:00:00Z,steve@urgent.co.nz
HF Tue CHC Special,17921,2026-09-08T02:00:00Z,steve@urgent.co.nz
HF Tue Cromwell Special,17921,2026-09-08T02:00:00Z,steve@urgent.co.nz
HF Tue DUD Special,17921,2026-09-08T02:00:00Z,steve@urgent.co.nz
HF Tue IVC Special,17921,2026-09-08T02:00:00Z,steve@urgent.co.nz
HF Tue NSN Special,17921,2026-09-08T02:00:00Z,steve@urgent.co.nz
HF Tuesday HF Hamilton,17921,2026-09-08T02:00:00Z,steve@urgent.co.nz
HF Tuesday Home Delivery Auckland,17921,2026-09-08T02:00:00Z,steve@urgent.co.nz
HF Tuesday NPR Special,17921,2026-09-08T02:00:00Z,steve@urgent.co.nz
HF Tuesday PMR Special,17921,2026-09-08T02:00:00Z,steve@urgent.co.nz
HF Tuesday Waiheke,17921,2026-09-08T02:00:00Z,steve@urgent.co.nz
HF Wed Home Delivery Gisborne,17921,2026-09-08T02:00:00Z,steve@urgent.co.nz
HF Wednesday Home Delivery Auckland,17921,2026-09-08T02:00:00Z,steve@urgent.co.nz
HF Wednesday Whangarei,17921,2026-09-08T02:00:00Z,steve@urgent.co.nz
HLZ > AKL Day Run,3191,2026-09-08T02:00:00Z,steve@urgent.co.nz
HLZ > AKL Day Run,16947,2026-09-08T02:00:00Z,steve@urgent.co.nz
HLZ > AKL Day Run,16513,2026-09-08T02:00:00Z,steve@urgent.co.nz
HLZ > AKL Day Run,18188,2026-09-08T02:00:00Z,steve@urgent.co.nz
HLZ > AKL Day Run,13713,2026-09-08T02:00:00Z,steve@urgent.co.nz
HLZ > AKL Day Run,504,2026-09-08T02:00:00Z,steve@urgent.co.nz
HLZ > AKL Day Run,9477,2026-09-08T02:00:00Z,steve@urgent.co.nz
HLZ > AKL Day Run,14763,2026-09-08T02:00:00Z,steve@urgent.co.nz
HLZ > AKL Day Run,18185,2026-09-08T02:00:00Z,steve@urgent.co.nz
HLZ > AKL Day Run,13822,2026-09-08T02:00:00Z,steve@urgent.co.nz
HLZ > AKL Day Run,13773,2026-09-08T02:00:00Z,steve@urgent.co.nz
HLZ > AKL Day Run,35755,2026-09-08T02:00:00Z,steve@urgent.co.nz
HLZ > AKL Day Run,169,2026-09-08T02:00:00Z,steve@urgent.co.nz
HLZ > AKL Day Run,36672,2026-09-08T02:00:00Z,steve@urgent.co.nz
HLZ > AKL Day Run,36739,2026-09-08T02:00:00Z,steve@urgent.co.nz
HLZ > AKL Day Run #2,14582,2026-09-08T02:00:00Z,steve@urgent.co.nz
HLZ > AKL Day Run #2,14578,2026-09-08T02:00:00Z,steve@urgent.co.nz
HLZ > AKL Day Run #3,14927,2026-09-08T02:00:00Z,steve@urgent.co.nz
HLZ > AKL Day Run #4,32946,2026-09-08T02:00:00Z,steve@urgent.co.nz
HLZ > AKL Next Day Run,3191,2026-09-08T02:00:00Z,steve@urgent.co.nz
HLZ > AKL Next Day Run,14582,2026-09-08T02:00:00Z,steve@urgent.co.nz
HLZ > AKL Next Day Run,16947,2026-09-08T02:00:00Z,steve@urgent.co.nz
HLZ > AKL Next Day Run,16513,2026-09-08T02:00:00Z,steve@urgent.co.nz
HLZ > AKL Next Day Run,18188,2026-09-08T02:00:00Z,steve@urgent.co.nz
HLZ > AKL Next Day Run,13713,2026-09-08T02:00:00Z,steve@urgent.co.nz
HLZ > AKL Next Day Run,504,2026-09-08T02:00:00Z,steve@urgent.co.nz
HLZ > AKL Next Day Run,9477,2026-09-08T02:00:00Z,steve@urgent.co.nz
HLZ > AKL Next Day Run,14763,2026-09-08T02:00:00Z,steve@urgent.co.nz
HLZ > AKL Next Day Run,18185,2026-09-08T02:00:00Z,steve@urgent.co.nz
HLZ > AKL Next Day Run,13822,2026-09-08T02:00:00Z,steve@urgent.co.nz
HLZ > AKL Next Day Run,13773,2026-09-08T02:00:00Z,steve@urgent.co.nz
HLZ > AKL Next Day Run,35755,2026-09-08T02:00:00Z,steve@urgent.co.nz
HLZ > AKL Next Day Run,169,2026-09-08T02:00:00Z,steve@urgent.co.nz
HLZ > AKL Next Day Run,36672,2026-09-08T02:00:00Z,steve@urgent.co.nz
HLZ > AKL Next Day Run,36739,2026-09-08T02:00:00Z,steve@urgent.co.nz
HLZ > AKL Next Day Run,32946,2026-09-08T02:00:00Z,steve@urgent.co.nz
HLZ > AKL Next Day Run #2,14927,2026-09-08T02:00:00Z,steve@urgent.co.nz
HLZ > AKL Next Day Run #3,14578,2026-09-08T02:00:00Z,steve@urgent.co.nz
HLZ > AKL PM Day Run,3191,2026-09-08T02:00:00Z,steve@urgent.co.nz
HLZ > AKL PM Day Run,14582,2026-09-08T02:00:00Z,steve@urgent.co.nz
HLZ > AKL PM Day Run,16947,2026-09-08T02:00:00Z,steve@urgent.co.nz
HLZ > AKL PM Day Run,16513,2026-09-08T02:00:00Z,steve@urgent.co.nz
HLZ > AKL PM Day Run,18188,2026-09-08T02:00:00Z,steve@urgent.co.nz
HLZ > AKL PM Day Run,13713,2026-09-08T02:00:00Z,steve@urgent.co.nz
HLZ > AKL PM Day Run,504,2026-09-08T02:00:00Z,steve@urgent.co.nz
HLZ > AKL PM Day Run,9477,2026-09-08T02:00:00Z,steve@urgent.co.nz
HLZ > AKL PM Day Run,14763,2026-09-08T02:00:00Z,steve@urgent.co.nz
HLZ > AKL PM Day Run,18185,2026-09-08T02:00:00Z,steve@urgent.co.nz
HLZ > AKL PM Day Run,13822,2026-09-08T02:00:00Z,steve@urgent.co.nz
HLZ > AKL PM Day Run,13773,2026-09-08T02:00:00Z,steve@urgent.co.nz
HLZ > AKL PM Day Run,35755,2026-09-08T02:00:00Z,steve@urgent.co.nz
HLZ > AKL PM Day Run,169,2026-09-08T02:00:00Z,steve@urgent.co.nz
HLZ > AKL PM Day Run,36672,2026-09-08T02:00:00Z,steve@urgent.co.nz
HLZ > AKL PM Day Run,36739,2026-09-08T02:00:00Z,steve@urgent.co.nz
HLZ > AKL PM Day Run #2,14927,2026-09-08T02:00:00Z,steve@urgent.co.nz
HLZ > AKL PM Day Run #3,14578,2026-09-08T02:00:00Z,steve@urgent.co.nz
HLZ > AKL PM Day Run #4,32946,2026-09-08T02:00:00Z,steve@urgent.co.nz
HLZ HD Service,32777,2026-09-08T02:00:00Z,steve@urgent.co.nz
HLZ XMAS HF,17921,2026-09-08T02:00:00Z,steve@urgent.co.nz
Hobbs Global - Waikato/Rotorua Chilled,1212,2026-09-08T02:00:00Z,steve@urgent.co.nz
HTOWN ROAD RUN TEST,32929,2026-09-08T02:00:00Z,steve@urgent.co.nz
Hyper Ride 2 - 3 Hour Service 10am,15744,2026-09-08T02:00:00Z,steve@urgent.co.nz
Hyper Ride 2 - 3 Hour Service 10am,32929,2026-09-08T02:00:00Z,steve@urgent.co.nz
Hyper Ride 2 - 3 Hour Service 10am #2,17827,2026-09-08T02:00:00Z,steve@urgent.co.nz
Hyper Ride 2 - 3 Hour Service 11am,17827,2026-09-08T02:00:00Z,steve@urgent.co.nz
Hyper Ride 2 - 3 Hour Service 11am #2,15744,2026-09-08T02:00:00Z,steve@urgent.co.nz
Hyper Ride 2 - 3 Hour Service 12pm,17827,2026-09-08T02:00:00Z,steve@urgent.co.nz
Hyper Ride 2 - 3 Hour Service 12pm #2,15744,2026-09-08T02:00:00Z,steve@urgent.co.nz
Hyper Ride 2 - 3 Hour Service 1pm,17827,2026-09-08T02:00:00Z,steve@urgent.co.nz
Hyper Ride 2 - 3 Hour Service 1pm #2,15744,2026-09-08T02:00:00Z,steve@urgent.co.nz
Hyper Ride 2 - 3 Hour Service 2pm,17827,2026-09-08T02:00:00Z,steve@urgent.co.nz
Hyper Ride 2 - 3 Hour Service 2pm #2,15744,2026-09-08T02:00:00Z,steve@urgent.co.nz
Hyper Ride 2 - 3 Hour Service 3pm,17827,2026-09-08T02:00:00Z,steve@urgent.co.nz
Hyper Ride 2 - 3 Hour Service 3pm #2,15744,2026-09-08T02:00:00Z,steve@urgent.co.nz
Hyper Ride 2 - 3 Hour Service 4pm,17827,2026-09-08T02:00:00Z,steve@urgent.co.nz
Hyper Ride 2 - 3 Hour Service 4pm #2,15744,2026-09-08T02:00:00Z,steve@urgent.co.nz
Hyper Ride 2 - 3 Hour Service 9am,15744,2026-09-08T02:00:00Z,steve@urgent.co.nz
Hyper Ride 2 - 3 Hour Service 9am #2,17827,2026-09-08T02:00:00Z,steve@urgent.co.nz
Hyper Ride AKL > BOP Home Delivery 11am,17827,2026-09-08T02:00:00Z,steve@urgent.co.nz
Hyper Ride AKL > BOP Home Delivery 5am,17827,2026-09-08T02:00:00Z,steve@urgent.co.nz
Hyper Ride AKL > Waikato Home Delivery 11am,17827,2026-09-08T02:00:00Z,steve@urgent.co.nz
Hyper Ride AKL > Waikato Home Delivery 5am,17827,2026-09-08T02:00:00Z,steve@urgent.co.nz
Hyper Ride Auckland Afternoons,17827,2026-09-08T02:00:00Z,steve@urgent.co.nz
Hyper Ride Evening Home Delivery,17827,2026-09-08T02:00:00Z,steve@urgent.co.nz
Hyper Ride Now*09:00:00-10:00:00,33704,2026-09-08T02:00:00Z,steve@urgent.co.nz
Hyper Ride Now*09:00:00-12:00:00,33704,2026-09-08T02:00:00Z,steve@urgent.co.nz
Hyper Ride Now*10:00:00-11:00:00,33704,2026-09-08T02:00:00Z,steve@urgent.co.nz
Hyper Ride Now*11:00:00-12:00:00,33704,2026-09-08T02:00:00Z,steve@urgent.co.nz
Hyper Ride Now*12:00:00-13:00:00,33704,2026-09-08T02:00:00Z,steve@urgent.co.nz
Hyper Ride Now*12:00:00-15:00:00,33704,2026-09-08T02:00:00Z,steve@urgent.co.nz
Hyper Ride Now*14:00:00-17:00:00,33704,2026-09-08T02:00:00Z,steve@urgent.co.nz
Hyper Ride Now*15:00:00-16:00:00,33704,2026-09-08T02:00:00Z,steve@urgent.co.nz
Hyper Ride Now*16:00:00-17:00:00,33704,2026-09-08T02:00:00Z,steve@urgent.co.nz
IGNORE,33289,2026-09-08T02:00:00Z,steve@urgent.co.nz
IGNORE #2,33149,2026-09-08T02:00:00Z,steve@urgent.co.nz
IGNORE #3,33047,2026-09-08T02:00:00Z,steve@urgent.co.nz
IlCasaro - Auckland Afternoon Chilled,18201,2026-09-08T02:00:00Z,steve@urgent.co.nz
IlCasaro - Auckland Morning Chilled,18201,2026-09-08T02:00:00Z,steve@urgent.co.nz
IlCasaro - Hamilton Chilled,18201,2026-09-08T02:00:00Z,steve@urgent.co.nz
IlCasaro - Tauranga Chilled,18201,2026-09-08T02:00:00Z,steve@urgent.co.nz
IVC XMAS HF,17921,2026-09-08T02:00:00Z,steve@urgent.co.nz
JnJ AKL > CHCH Pre 10am Medical,14821,2026-09-08T02:00:00Z,steve@urgent.co.nz
JnJ AKL > CHCH Pre 8am Medical,14821,2026-09-08T02:00:00Z,steve@urgent.co.nz
JNJ AKL > Gisborne pre 10am,14821,2026-09-08T02:00:00Z,steve@urgent.co.nz
JNJ AKL > Gisborne pre 8 am,14821,2026-09-08T02:00:00Z,steve@urgent.co.nz
JnJ AKL > Masterton,14821,2026-09-08T02:00:00Z,steve@urgent.co.nz
JNJ AKL > Napier pre 10am,14821,2026-09-08T02:00:00Z,steve@urgent.co.nz
JNJ AKL > Napier pre 8am,14821,2026-09-08T02:00:00Z,steve@urgent.co.nz
JNJ AKL > New Plymouth pre 10am,14821,2026-09-08T02:00:00Z,steve@urgent.co.nz
JNJ AKL > Palmerston North pre 10am,14821,2026-09-08T02:00:00Z,steve@urgent.co.nz
JNJ AKL > Palmerston North pre 8am,14821,2026-09-08T02:00:00Z,steve@urgent.co.nz
JNJ AKL > Rotorua Pre 9:30am Medical Run,14821,2026-09-08T02:00:00Z,steve@urgent.co.nz
JNJ AKL > Tauranga Afternoon Medical Run,14821,2026-09-08T02:00:00Z,steve@urgent.co.nz
JNJ AKL > Tauranga Pre 9:30am Medical Run,14821,2026-09-08T02:00:00Z,steve@urgent.co.nz
JNJ AKL > Whakatane Pre 12:30pm Medical Run,14821,2026-09-08T02:00:00Z,steve@urgent.co.nz
JNJ AKL > Whanganui Pre 10am,14821,2026-09-08T02:00:00Z,steve@urgent.co.nz
JNJ AKL > Whangarei Pre 8am Medical Run,14821,2026-09-08T02:00:00Z,steve@urgent.co.nz
JNJ AKL > WHK Pre 12:30pm Medical Run,14821,2026-09-08T02:00:00Z,steve@urgent.co.nz
JNJ AKL > WLG Pre 10am,14821,2026-09-08T02:00:00Z,steve@urgent.co.nz
JNJ AKL > WLG Pre 8am,14821,2026-09-08T02:00:00Z,steve@urgent.co.nz
JNJ AKL to Hamilton Afternoon Run,14821,2026-09-08T02:00:00Z,steve@urgent.co.nz
JNJ AKL to Hamilton Pre 8am,14821,2026-09-08T02:00:00Z,steve@urgent.co.nz
JnJ CHCH > Akl Returns,14821,2026-09-08T02:00:00Z,steve@urgent.co.nz
JNJ Gisborne > Akl Returns,14821,2026-09-08T02:00:00Z,steve@urgent.co.nz
JNJ HLZ > AKL Day Run,14821,2026-09-08T02:00:00Z,steve@urgent.co.nz
JNJ HLZ > AKL Next Day Run,14821,2026-09-08T02:00:00Z,steve@urgent.co.nz
JNJ HLZ > AKL PM Day Run,14821,2026-09-08T02:00:00Z,steve@urgent.co.nz
JnJ Napier > Akl Returns,14821,2026-09-08T02:00:00Z,steve@urgent.co.nz
JnJ PN > Akl Returns,14821,2026-09-08T02:00:00Z,steve@urgent.co.nz
JNJ ROT > AKL Day Run,14821,2026-09-08T02:00:00Z,steve@urgent.co.nz
JNJ ROT > AKL Next Day Run,14821,2026-09-08T02:00:00Z,steve@urgent.co.nz
JNJ TRG > AKL Day Run,14821,2026-09-08T02:00:00Z,steve@urgent.co.nz
JNJ TRG > AKL Next Day Run,14821,2026-09-08T02:00:00Z,steve@urgent.co.nz
JnJ Wellington > Akl Returns,14821,2026-09-08T02:00:00Z,steve@urgent.co.nz
JnJ Whanganui > Akl Returns,14821,2026-09-08T02:00:00Z,steve@urgent.co.nz
JNJ WRG > AKL Day Run,14821,2026-09-08T02:00:00Z,steve@urgent.co.nz
JOY - Auckland Afternoon Chilled,37298,2026-09-08T02:00:00Z,steve@urgent.co.nz
JOY - Auckland Morning Chilled,37298,2026-09-08T02:00:00Z,steve@urgent.co.nz
JOY - Hamilton Chilled - 11am,37298,2026-09-08T02:00:00Z,steve@urgent.co.nz
JOY - Hamilton Chilled - 7am,37298,2026-09-08T02:00:00Z,steve@urgent.co.nz
JOY - Tauranga Chilled - 11am,37298,2026-09-08T02:00:00Z,steve@urgent.co.nz
JOY - Tauranga Chilled - 7am,37298,2026-09-08T02:00:00Z,steve@urgent.co.nz
JOY - Wellington Chilled,37298,2026-09-08T02:00:00Z,steve@urgent.co.nz
JOY - WRE Chilled,37298,2026-09-08T02:00:00Z,steve@urgent.co.nz
"JOY > Taupo, Tokoroa, Putaruru Chilled",37298,2026-09-08T02:00:00Z,steve@urgent.co.nz
JR Afternoon Chilled,33710,2026-09-08T02:00:00Z,steve@urgent.co.nz
JR Morning Chilled,33710,2026-09-08T02:00:00Z,steve@urgent.co.nz
JR SATURDAY CHILLED,33710,2026-09-08T02:00:00Z,steve@urgent.co.nz
JR Whangarei Chilled,33710,2026-09-08T02:00:00Z,steve@urgent.co.nz
JUK - AKL Afternoon Ambient,16641,2026-09-08T02:00:00Z,steve@urgent.co.nz
JUK - AKL Afternoon Delivery,16641,2026-09-08T02:00:00Z,steve@urgent.co.nz
JUK - AKL Evening Delivery,16641,2026-09-08T02:00:00Z,steve@urgent.co.nz
JUK - AKL Sunday Delivery,16641,2026-09-08T02:00:00Z,steve@urgent.co.nz
JUK - Hamilton Home Delivery,16641,2026-09-08T02:00:00Z,steve@urgent.co.nz
JUK - Hamilton Sunday,16641,2026-09-08T02:00:00Z,steve@urgent.co.nz
JUK - Napier Afternoons AH,16641,2026-09-08T02:00:00Z,steve@urgent.co.nz
JUK - Napier Sunday Delivery,16641,2026-09-08T02:00:00Z,steve@urgent.co.nz
JUK - Palmerston North Afternoons AH,16641,2026-09-08T02:00:00Z,steve@urgent.co.nz
JUK - Palmerston North Sunday Delivery,16641,2026-09-08T02:00:00Z,steve@urgent.co.nz
JUK - Taupo Home Delivery,16641,2026-09-08T02:00:00Z,steve@urgent.co.nz
JUK - Tauranga Home Delivery,16641,2026-09-08T02:00:00Z,steve@urgent.co.nz
JUK - Tauranga Sunday,16641,2026-09-08T02:00:00Z,steve@urgent.co.nz
JUK - Waiheke Island,16641,2026-09-08T02:00:00Z,steve@urgent.co.nz
JUK - Wellington Afternoons,16641,2026-09-08T02:00:00Z,steve@urgent.co.nz
JUK - Wellington Sunday Delivery,16641,2026-09-08T02:00:00Z,steve@urgent.co.nz
JUK - Whangarei Home Delivery,16641,2026-09-08T02:00:00Z,steve@urgent.co.nz
Kai Box Mon Christchurch,17116,2026-09-08T02:00:00Z,steve@urgent.co.nz
Kai Box Sun Auckland,17116,2026-09-08T02:00:00Z,steve@urgent.co.nz
Kai Box Sun Hamilton,17116,2026-09-08T02:00:00Z,steve@urgent.co.nz
Kai Box Sun Napier,17116,2026-09-08T02:00:00Z,steve@urgent.co.nz
Kai Box Sun Palmerston North,17116,2026-09-08T02:00:00Z,steve@urgent.co.nz
Kai Box Sun Tauranga,17116,2026-09-08T02:00:00Z,steve@urgent.co.nz
Kai Box Sun Wellington,17116,2026-09-08T02:00:00Z,steve@urgent.co.nz
Kaibo Xmas Dun,17116,2026-09-08T02:00:00Z,steve@urgent.co.nz
Kaibox Xmas AKL,17116,2026-09-08T02:00:00Z,steve@urgent.co.nz
Kaibox Xmas Chch,17116,2026-09-08T02:00:00Z,steve@urgent.co.nz
Kaibox Xmas Ham,17116,2026-09-08T02:00:00Z,steve@urgent.co.nz
Kaibox Xmas Napier,17116,2026-09-08T02:00:00Z,steve@urgent.co.nz
Kaibox Xmas Palmy,17116,2026-09-08T02:00:00Z,steve@urgent.co.nz
Kaibox Xmas Tga,17116,2026-09-08T02:00:00Z,steve@urgent.co.nz
Kaibox Xmas WLG,17116,2026-09-08T02:00:00Z,steve@urgent.co.nz
Kaimai - Auckland Afternoon Chilled,32082,2026-09-08T02:00:00Z,steve@urgent.co.nz
Kaimai - Auckland Morning Chilled,32082,2026-09-08T02:00:00Z,steve@urgent.co.nz
Kaimai - HAM Chilled,32082,2026-09-08T02:00:00Z,steve@urgent.co.nz
Kaimai - Napier Chilled,32082,2026-09-08T02:00:00Z,steve@urgent.co.nz
Kaimai - North Island Freight Collection,32082,2026-09-08T02:00:00Z,steve@urgent.co.nz
Kaimai - North Island Freight Collection,15608,2026-09-08T02:00:00Z,steve@urgent.co.nz
Kaimai - Palmerston North Chilled,32082,2026-09-08T02:00:00Z,steve@urgent.co.nz
Kaimai - Tauranga Chilled,32082,2026-09-08T02:00:00Z,steve@urgent.co.nz
Kaimai - Wellington Morning Chilled,32082,2026-09-08T02:00:00Z,steve@urgent.co.nz
KANUKA - Auckland Afternoon Delivery,35409,2026-09-08T02:00:00Z,steve@urgent.co.nz
KANUKA - Auckland Evening Delivery,35409,2026-09-08T02:00:00Z,steve@urgent.co.nz
KANUKA - Bay of Plenty Delivery,35409,2026-09-08T02:00:00Z,steve@urgent.co.nz
KANUKA - Hamilton Delivery,35409,2026-09-08T02:00:00Z,steve@urgent.co.nz
"KANUKA -  Taupo, Tokoroa, Putaruru Delivery",35409,2026-09-08T02:00:00Z,steve@urgent.co.nz
Kiwifish - Waikato/Rotorua Chilled,34467,2026-09-08T02:00:00Z,steve@urgent.co.nz
Kiwifish Auckland - Hamilton 5am Chilled,34467,2026-09-08T02:00:00Z,steve@urgent.co.nz
Kiwifish Auckland > Hamilton Chilled 11am,34467,2026-09-08T02:00:00Z,steve@urgent.co.nz
Kiwifish Auckland > Taupo Chilled,34467,2026-09-08T02:00:00Z,steve@urgent.co.nz
Kiwifish Auckland > Tauranga Chilled 11am,34467,2026-09-08T02:00:00Z,steve@urgent.co.nz
Kiwifish Auckland > Wellington Chilled,34467,2026-09-08T02:00:00Z,steve@urgent.co.nz
Kiwifish Auckland > Whangarei Chilled,34467,2026-09-08T02:00:00Z,steve@urgent.co.nz
Kiwifish Auckland Afternoon Chilled,34467,2026-09-08T02:00:00Z,steve@urgent.co.nz
Kiwifish Auckland Morning Chilled,34467,2026-09-08T02:00:00Z,steve@urgent.co.nz
KIWIPC Tauranga > Waikato Morning Run,35277,2026-09-08T02:00:00Z,steve@urgent.co.nz
LI All Day Frozen,35470,2026-09-08T02:00:00Z,steve@urgent.co.nz
LI Hamilton Chilled,35470,2026-09-08T02:00:00Z,steve@urgent.co.nz
LI Tauranga Chilled,35470,2026-09-08T02:00:00Z,steve@urgent.co.nz
LI Wellington Chilled,35470,2026-09-08T02:00:00Z,steve@urgent.co.nz
LifeH CHCH > Akl Medical Book by 5pm | Arrives,36963,2026-09-08T02:00:00Z,steve@urgent.co.nz
LifeH CHCH > Akl Pre 8am Book by 5pm | Arrives,36963,2026-09-08T02:00:00Z,steve@urgent.co.nz
LifeH CHCH > Akl Returns,14582,2026-09-08T02:00:00Z,steve@urgent.co.nz
LifeH CHCH > DUD,36963,2026-09-08T02:00:00Z,steve@urgent.co.nz
LifeH CHCH > Napier Pre 10am,36963,2026-09-08T02:00:00Z,steve@urgent.co.nz
LifeH CHCH > Palmerston North pre 10am,36963,2026-09-08T02:00:00Z,steve@urgent.co.nz
LifeH CHCH > TGA Book by 2pm | Arrives,36963,2026-09-08T02:00:00Z,steve@urgent.co.nz
LifeH CHCH > WLG Medical Book by 5pm | Arrives,36963,2026-09-08T02:00:00Z,steve@urgent.co.nz
LifeH CHCH > WLG Returns,36963,2026-09-08T02:00:00Z,steve@urgent.co.nz
LifeH DUD > Akl Returns,14582,2026-09-08T02:00:00Z,steve@urgent.co.nz
LifeH DUD > CHCH,36963,2026-09-08T02:00:00Z,steve@urgent.co.nz
LifeH Gisborne > Akl Returns,14582,2026-09-08T02:00:00Z,steve@urgent.co.nz
LifeH Masterton > Akl Returns,14582,2026-09-08T02:00:00Z,steve@urgent.co.nz
LifeH Napier > Akl Returns,14582,2026-09-08T02:00:00Z,steve@urgent.co.nz
LifeH  PN > Akl Returns,14582,2026-09-08T02:00:00Z,steve@urgent.co.nz
LifeH Wellington > Akl Returns,14582,2026-09-08T02:00:00Z,steve@urgent.co.nz
LifeH Whanganui > Akl Returns,14582,2026-09-08T02:00:00Z,steve@urgent.co.nz
LIFET - Christchurch Afternoon Home,36354,2026-09-08T02:00:00Z,steve@urgent.co.nz
Lima CHCH > Akl Returns,14578,2026-09-08T02:00:00Z,steve@urgent.co.nz
Lima Gisborne > Akl Returns,14578,2026-09-08T02:00:00Z,steve@urgent.co.nz
Lima Masterton > Akl Returns,14578,2026-09-08T02:00:00Z,steve@urgent.co.nz
Lima Napier > Akl Returns,14578,2026-09-08T02:00:00Z,steve@urgent.co.nz
Lima New Plymouth > Akl Returns,14578,2026-09-08T02:00:00Z,steve@urgent.co.nz
Lima PN > Akl Returns,14578,2026-09-08T02:00:00Z,steve@urgent.co.nz
Lima Wellington > Akl Returns,14578,2026-09-08T02:00:00Z,steve@urgent.co.nz
LIQLI Wellington 12pm-6pm,35549,2026-09-08T02:00:00Z,steve@urgent.co.nz
Little Birds Evening Home,16298,2026-09-08T02:00:00Z,steve@urgent.co.nz
Luna - Afternoon Home (AUCKLAND),17944,2026-09-08T02:00:00Z,steve@urgent.co.nz
Made Whole - Taupo Regional Home Delivery,35363,2026-09-08T02:00:00Z,steve@urgent.co.nz
Made Whole > Auckland Afternoon Home,35363,2026-09-08T02:00:00Z,steve@urgent.co.nz
Made Whole > Auckland Evening Home,35363,2026-09-08T02:00:00Z,steve@urgent.co.nz
Made Whole > BOP Regional Home Delivery 5am,35363,2026-09-08T02:00:00Z,steve@urgent.co.nz
Made Whole > Napier Afternoons,35363,2026-09-08T02:00:00Z,steve@urgent.co.nz
Made Whole > Palmy Afternoons,35363,2026-09-08T02:00:00Z,steve@urgent.co.nz
Made Whole > Waikato Home Delivery 5am,35363,2026-09-08T02:00:00Z,steve@urgent.co.nz
Made Whole > Wellington Afternoons,35363,2026-09-08T02:00:00Z,steve@urgent.co.nz
Made Whole > Whangarei Regional Home Delivery 5am,35363,2026-09-08T02:00:00Z,steve@urgent.co.nz
MAPARI - Auckland Afternoon Chilled,33278,2026-09-08T02:00:00Z,steve@urgent.co.nz
MAPARI - Auckland Morning Chilled,33278,2026-09-08T02:00:00Z,steve@urgent.co.nz
MAPARI - Hamilton 11am Chilled,33278,2026-09-08T02:00:00Z,steve@urgent.co.nz
MAPARI - Hamilton 7am Chilled,33278,2026-09-08T02:00:00Z,steve@urgent.co.nz
MAPARI - Taupo Chilled,33278,2026-09-08T02:00:00Z,steve@urgent.co.nz
MAPARI - Tauranga Chilled,33278,2026-09-08T02:00:00Z,steve@urgent.co.nz
MAPARI - Whangarei Chilled,33278,2026-09-08T02:00:00Z,steve@urgent.co.nz
Marken Ham - Rotorua,8813,2026-09-08T02:00:00Z,steve@urgent.co.nz
Marken Rotorua Returns,8813,2026-09-08T02:00:00Z,steve@urgent.co.nz
MAS & HAS Evening Delivery,75,2026-09-08T02:00:00Z,steve@urgent.co.nz
MB Auckland > Taupo (Mon),32335,2026-09-08T02:00:00Z,steve@urgent.co.nz
MB Auckland > Taupo (Wed & Fri),32335,2026-09-08T02:00:00Z,steve@urgent.co.nz
MB Auckland Afternoon Delivery 12pm - 5pm,32335,2026-09-08T02:00:00Z,steve@urgent.co.nz
MB Auckland Evening Delivery 6pm - 9pm,32335,2026-09-08T02:00:00Z,steve@urgent.co.nz
MB Auckland Saturday Delivery 12pm - 5pm,32335,2026-09-08T02:00:00Z,steve@urgent.co.nz
Meat Box Monday CHCH 12-6pm,32335,2026-09-08T02:00:00Z,steve@urgent.co.nz
Medical Napier pre 8am,32929,2026-09-08T02:00:00Z,steve@urgent.co.nz
Medical Palmerston North pre 8am,32929,2026-09-08T02:00:00Z,steve@urgent.co.nz
Medical Wellington Pre 12pm,32929,2026-09-08T02:00:00Z,steve@urgent.co.nz
MF Auckland - Taupo Home Delivery 7am-12pm,16627,2026-09-08T02:00:00Z,steve@urgent.co.nz
MF Auckland - Waikato Home Delivery,32907,2026-09-08T02:00:00Z,steve@urgent.co.nz
MF Auckland - Waikato Home Delivery 12pm-5pm,16627,2026-09-08T02:00:00Z,steve@urgent.co.nz
MF Auckland > Tauranga Express 3-6:30pm,16627,2026-09-08T02:00:00Z,steve@urgent.co.nz
MF Auckland Evening Delivery 6pm - 9pm,16627,2026-09-08T02:00:00Z,steve@urgent.co.nz
MF Auckland M-Day 8am - 12pm,32907,2026-09-08T02:00:00Z,steve@urgent.co.nz
MF Auckland Outers,16627,2026-09-08T02:00:00Z,steve@urgent.co.nz
MF Auckland Sunday 12pm - 6pm,32907,2026-09-08T02:00:00Z,steve@urgent.co.nz
MF Napier Afternoons 12pm-5pm,16627,2026-09-08T02:00:00Z,steve@urgent.co.nz
MF Palmerston North Afternoons 12pm-5pm,16627,2026-09-08T02:00:00Z,steve@urgent.co.nz
MF Wellington Afternoons 12pm-5pm,16627,2026-09-08T02:00:00Z,steve@urgent.co.nz
MF Whangarei Home Delivery 7am-12pm,16627,2026-09-08T02:00:00Z,steve@urgent.co.nz
MILGY - Auckland Afternoon Chilled,35739,2026-09-08T02:00:00Z,steve@urgent.co.nz
MILGY -  Auckland Afternoons,35739,2026-09-08T02:00:00Z,steve@urgent.co.nz
MILGY - Auckland Morning Chilled,35739,2026-09-08T02:00:00Z,steve@urgent.co.nz
MILGY -  Bay Of Plenty Delivery,35739,2026-09-08T02:00:00Z,steve@urgent.co.nz
MILGY -  Evening Home Auckland,35739,2026-09-08T02:00:00Z,steve@urgent.co.nz
MILGY - Hamilton Chilled,35739,2026-09-08T02:00:00Z,steve@urgent.co.nz
MILGY -  Napier Afternoon Delivery,35739,2026-09-08T02:00:00Z,steve@urgent.co.nz
MILGY -  Palmerston North Afternoon Delivery,35739,2026-09-08T02:00:00Z,steve@urgent.co.nz
MILGY - Tauranga Chilled,35739,2026-09-08T02:00:00Z,steve@urgent.co.nz
MILGY - Waikato Delivery,35739,2026-09-08T02:00:00Z,steve@urgent.co.nz
MILGY - Wellington Afternoon Delivery,35739,2026-09-08T02:00:00Z,steve@urgent.co.nz
MILGY - Wellington Chilled,35739,2026-09-08T02:00:00Z,steve@urgent.co.nz
MILGY - Whangarei Delivery,35739,2026-09-08T02:00:00Z,steve@urgent.co.nz
Monday 2 hour express,17732,2026-09-08T02:00:00Z,steve@urgent.co.nz
Monday Afternoon Bay of Plenty Express,33094,2026-09-08T02:00:00Z,steve@urgent.co.nz
Monday Afternoon Express,33089,2026-09-08T02:00:00Z,steve@urgent.co.nz
Monday Afternoon Express,33091,2026-09-08T02:00:00Z,steve@urgent.co.nz
Monday Afternoon Express #2,32758,2026-09-08T02:00:00Z,steve@urgent.co.nz
Monday Afternoon Express #3,32822,2026-09-08T02:00:00Z,steve@urgent.co.nz
Monday Afternoon Express #4,33093,2026-09-08T02:00:00Z,steve@urgent.co.nz
Monday Afternoon Express #5,33094,2026-09-08T02:00:00Z,steve@urgent.co.nz
Monday afternoon express delivery,32773,2026-09-08T02:00:00Z,steve@urgent.co.nz
Monday Afternoon Home,32429,2026-09-08T02:00:00Z,steve@urgent.co.nz
Monday Afternoon Home #2,18232,2026-09-08T02:00:00Z,steve@urgent.co.nz
Monday Afternoon Home #3,32799,2026-09-08T02:00:00Z,steve@urgent.co.nz
Monday Afternoon Home Auckland,34381,2026-09-08T02:00:00Z,steve@urgent.co.nz
Monday Afternoon Service,32710,2026-09-08T02:00:00Z,steve@urgent.co.nz
Monday Afternoon Waikato Express,33094,2026-09-08T02:00:00Z,steve@urgent.co.nz
Monday Afternoon Whangarei Express,33094,2026-09-08T02:00:00Z,steve@urgent.co.nz
Monday Evening Delivery,32340,2026-09-08T02:00:00Z,steve@urgent.co.nz
Monday Evening Express,33089,2026-09-08T02:00:00Z,steve@urgent.co.nz
Monday Evening Express,33091,2026-09-08T02:00:00Z,steve@urgent.co.nz
Monday Evening Express #2,32758,2026-09-08T02:00:00Z,steve@urgent.co.nz
Monday Evening Express #3,32822,2026-09-08T02:00:00Z,steve@urgent.co.nz
Monday Evening Express #4,33094,2026-09-08T02:00:00Z,steve@urgent.co.nz
Monday Evening Home,32429,2026-09-08T02:00:00Z,steve@urgent.co.nz
Monday Evening Home #2,18232,2026-09-08T02:00:00Z,steve@urgent.co.nz
Monday Evening Home #3,32770,2026-09-08T02:00:00Z,steve@urgent.co.nz
Monday Evening Home #4,32799,2026-09-08T02:00:00Z,steve@urgent.co.nz
Monday express delivery,32773,2026-09-08T02:00:00Z,steve@urgent.co.nz
Monday HD Napier,1632,2026-09-08T02:00:00Z,steve@urgent.co.nz
Monday HF Hamilton,17921,2026-09-08T02:00:00Z,steve@urgent.co.nz
Monday Morning 3 Hour,216,2026-09-08T02:00:00Z,steve@urgent.co.nz
Monday Morning Express,33089,2026-09-08T02:00:00Z,steve@urgent.co.nz
Monday Morning Express,33091,2026-09-08T02:00:00Z,steve@urgent.co.nz
Monday same day delivery,32714,2026-09-08T02:00:00Z,steve@urgent.co.nz
Monday to Friday 1 Hour Express (10:30am),35612,2026-09-08T02:00:00Z,steve@urgent.co.nz
Monday to Friday 1 Hour Express (11:30am),35612,2026-09-08T02:00:00Z,steve@urgent.co.nz
Monday to Friday 1 Hour Express (12:30pm),35612,2026-09-08T02:00:00Z,steve@urgent.co.nz
Monday to Friday 1 Hour Express (1:30pm),35612,2026-09-08T02:00:00Z,steve@urgent.co.nz
Monday to Friday 1 Hour Express (2:30pm),35612,2026-09-08T02:00:00Z,steve@urgent.co.nz
Monday to Friday 1 Hour Express (8:30am),35612,2026-09-08T02:00:00Z,steve@urgent.co.nz
Monday to Friday 1 Hour Express (9:30am),35612,2026-09-08T02:00:00Z,steve@urgent.co.nz
Monday to Friday 3 Hour Express (11:00am-2:00pm),35612,2026-09-08T02:00:00Z,steve@urgent.co.nz
Monday to Friday 3 Hour Express (2:00pm-5:00pm),35612,2026-09-08T02:00:00Z,steve@urgent.co.nz
Monday WOOP Dunedin 2-8pm,34155,2026-09-08T02:00:00Z,steve@urgent.co.nz
Morning Chilled,36473,2026-09-08T02:00:00Z,steve@urgent.co.nz
Morning Cool - AKL,32920,2026-09-08T02:00:00Z,steve@urgent.co.nz
Morning Cool AKL,123,2026-09-08T02:00:00Z,steve@urgent.co.nz
Morning Delivery (Between 9am-12pm),33242,2026-09-08T02:00:00Z,steve@urgent.co.nz
Morning Economy Run (Sat-Sun),9673,2026-09-08T02:00:00Z,steve@urgent.co.nz
Mothers Day,17589,2026-09-08T02:00:00Z,steve@urgent.co.nz
Mothers Day,33656,2026-09-08T02:00:00Z,steve@urgent.co.nz
MOUMI Auckland 4hr Economy,17589,2026-09-08T02:00:00Z,steve@urgent.co.nz
MOUMI Auckland Afternoons,17589,2026-09-08T02:00:00Z,steve@urgent.co.nz
MOUMI Napier Afternoons AH,17589,2026-09-08T02:00:00Z,steve@urgent.co.nz
MOUMI Palmerston North Afternoons AH,17589,2026-09-08T02:00:00Z,steve@urgent.co.nz
MOUMI Sunday Auckland,17589,2026-09-08T02:00:00Z,steve@urgent.co.nz
MOUMI Sunday HMLTN,17589,2026-09-08T02:00:00Z,steve@urgent.co.nz
MOUMI Sunday NPE,17589,2026-09-08T02:00:00Z,steve@urgent.co.nz
MOUMI Sunday Palmerston North,17589,2026-09-08T02:00:00Z,steve@urgent.co.nz
MOUMI Sunday TRG,17589,2026-09-08T02:00:00Z,steve@urgent.co.nz
MOUMI Sunday Wellington,17589,2026-09-08T02:00:00Z,steve@urgent.co.nz
MOUMI Taupo Regional Home Delivery,17589,2026-09-08T02:00:00Z,steve@urgent.co.nz
MOUMI Tauranga Regional Home Delivery,17589,2026-09-08T02:00:00Z,steve@urgent.co.nz
MOUMI Waikato Home Delivery,17589,2026-09-08T02:00:00Z,steve@urgent.co.nz
MOUMI Wellington Afternoons AH,17589,2026-09-08T02:00:00Z,steve@urgent.co.nz
MOUMI WRE Regional Home Delivery,17589,2026-09-08T02:00:00Z,steve@urgent.co.nz
Mum's DAY MORNING,17869,2026-09-08T02:00:00Z,steve@urgent.co.nz
NAKED - Auckland Afternoons,33933,2026-09-08T02:00:00Z,steve@urgent.co.nz
Naked -  Auckland Evening Home Auckland,33933,2026-09-08T02:00:00Z,steve@urgent.co.nz
NAKED - Hamilton Delivery,33933,2026-09-08T02:00:00Z,steve@urgent.co.nz
NAKED - Napier Afternoons AH,33933,2026-09-08T02:00:00Z,steve@urgent.co.nz
NAKED - Palmy Afternoons AH,33933,2026-09-08T02:00:00Z,steve@urgent.co.nz
NAKED - Taupo Run,33933,2026-09-08T02:00:00Z,steve@urgent.co.nz
NAKED - Tauranga Delivery,33933,2026-09-08T02:00:00Z,steve@urgent.co.nz
NAKED - Wellington Afternoons AH,33933,2026-09-08T02:00:00Z,steve@urgent.co.nz
Naked - Whangarei Delivery,33933,2026-09-08T02:00:00Z,steve@urgent.co.nz
Napier Afternoon Home,11119,2026-09-08T02:00:00Z,steve@urgent.co.nz
Napier Afternoons AH #2,16298,2026-09-08T02:00:00Z,steve@urgent.co.nz
Napier Afternoons AH #3,36698,2026-09-08T02:00:00Z,steve@urgent.co.nz
Napier Chilled Pallets,36473,2026-09-08T02:00:00Z,steve@urgent.co.nz
Napier Hastings Chilled,35221,2026-09-08T02:00:00Z,steve@urgent.co.nz
Napier Pallet Delivery,36354,2026-09-08T02:00:00Z,steve@urgent.co.nz
Napier Sunday 12pm - 6pm,32335,2026-09-08T02:00:00Z,steve@urgent.co.nz
Nelson Test Schedule Pre10am,32929,2026-09-08T02:00:00Z,steve@urgent.co.nz
Nelson Test Schedule Pre8am,32929,2026-09-08T02:00:00Z,steve@urgent.co.nz
NM Sunday 2-8pm Auckland,32530,2026-09-08T02:00:00Z,steve@urgent.co.nz
NM Sunday 2-8pm HAM,32530,2026-09-08T02:00:00Z,steve@urgent.co.nz
NM Sunday 2-8pm NPE1,32530,2026-09-08T02:00:00Z,steve@urgent.co.nz
NM Sunday 2-8pm PMR,32530,2026-09-08T02:00:00Z,steve@urgent.co.nz
NM Sunday 2-8pm TGA,32530,2026-09-08T02:00:00Z,steve@urgent.co.nz
NM Sunday 2-8pm WGT,32530,2026-09-08T02:00:00Z,steve@urgent.co.nz
NM Tauranga Same Day Delivery,32530,2026-09-08T02:00:00Z,steve@urgent.co.nz
NM Waikato Same Day Delivery,32530,2026-09-08T02:00:00Z,steve@urgent.co.nz
Nourished Auckland - Hamilton 11am Chilled,36869,2026-09-08T02:00:00Z,steve@urgent.co.nz
Nourished Auckland - Hamilton 5am Chilled,36869,2026-09-08T02:00:00Z,steve@urgent.co.nz
Nourished Auckland - Taupo Chilled,36869,2026-09-08T02:00:00Z,steve@urgent.co.nz
Nourished Auckland - Tauranga 11am Chilled,36869,2026-09-08T02:00:00Z,steve@urgent.co.nz
Nourished Auckland Afternoon Chilled,36869,2026-09-08T02:00:00Z,steve@urgent.co.nz
Nourished Auckland Afternoon Home,36869,2026-09-08T02:00:00Z,steve@urgent.co.nz
Nourished Auckland Evening Home,36869,2026-09-08T02:00:00Z,steve@urgent.co.nz
Nourished Taupo Regional Home Delivery,36869,2026-09-08T02:00:00Z,steve@urgent.co.nz
Nourished Tauranga Regional Home Delivery,36869,2026-09-08T02:00:00Z,steve@urgent.co.nz
Nourished Waikato Home Delivery 11am,36869,2026-09-08T02:00:00Z,steve@urgent.co.nz
Nourished Waikato Home Delivery 5am,36869,2026-09-08T02:00:00Z,steve@urgent.co.nz
NPL XMAS HF,17921,2026-09-08T02:00:00Z,steve@urgent.co.nz
NPR XMAS HF,17921,2026-09-08T02:00:00Z,steve@urgent.co.nz
NSN XMAS HF,17921,2026-09-08T02:00:00Z,steve@urgent.co.nz
Nutrifare Auckland > Taupo & Tokoroa Regional Home,17106,2026-09-08T02:00:00Z,steve@urgent.co.nz
Nutrifare Auckland > Waikato Home Delivery 5am,17106,2026-09-08T02:00:00Z,steve@urgent.co.nz
Nutrifare Auckland Afternoons,17106,2026-09-08T02:00:00Z,steve@urgent.co.nz
Nutrifare Auckland Evening Home,17106,2026-09-08T02:00:00Z,steve@urgent.co.nz
Nutrifare BOP Regional Home Delivery 5am,17106,2026-09-08T02:00:00Z,steve@urgent.co.nz
Nutrifare Napier Afternoons AH,17106,2026-09-08T02:00:00Z,steve@urgent.co.nz
Nutrifare Palmy Afternoons AH,17106,2026-09-08T02:00:00Z,steve@urgent.co.nz
Nutrifare Whangarei Regional Home Delivery 5am,17106,2026-09-08T02:00:00Z,steve@urgent.co.nz
NV CHCH > Akl Returns,16513,2026-09-08T02:00:00Z,steve@urgent.co.nz
NV Gisborne > Akl Returns,16513,2026-09-08T02:00:00Z,steve@urgent.co.nz
NV Masterton > Akl Returns,16513,2026-09-08T02:00:00Z,steve@urgent.co.nz
NV Napier > Akl Returns,16513,2026-09-08T02:00:00Z,steve@urgent.co.nz
NV PN > Akl Returns,16513,2026-09-08T02:00:00Z,steve@urgent.co.nz
NV Wellington > Akl Returns,16513,2026-09-08T02:00:00Z,steve@urgent.co.nz
OakRange Auckland Afternoon Home (Ham to AKL),33127,2026-09-08T02:00:00Z,steve@urgent.co.nz
Oh Goodie - Auckland > Hamilton Run 1-6,32794,2026-09-08T02:00:00Z,steve@urgent.co.nz
Online Meats Afternoon Express,17960,2026-09-08T02:00:00Z,steve@urgent.co.nz
Online Meats BOP Express service,17960,2026-09-08T02:00:00Z,steve@urgent.co.nz
Online Meats Evening Express,17960,2026-09-08T02:00:00Z,steve@urgent.co.nz
Online Meats Hamilton Chilled Pallet 11am Run,17960,2026-09-08T02:00:00Z,steve@urgent.co.nz
Online Meats Hamilton Chilled Pallet 5am Run,17960,2026-09-08T02:00:00Z,steve@urgent.co.nz
Online Meats Waikato Express service,17960,2026-09-08T02:00:00Z,steve@urgent.co.nz
Online Meats Wellington Express service,17960,2026-09-08T02:00:00Z,steve@urgent.co.nz
Online Meats Wellington Express service #2,32929,2026-09-08T02:00:00Z,steve@urgent.co.nz
Online Meats Whangarei Chilled Pallet Schedule,17960,2026-09-08T02:00:00Z,steve@urgent.co.nz
Online Meats Whangarei Express Service,17960,2026-09-08T02:00:00Z,steve@urgent.co.nz
Ooooby Auckland Afternoons,33097,2026-09-08T02:00:00Z,steve@urgent.co.nz
Ooooby BOP Home Delivery 11am Run,33097,2026-09-08T02:00:00Z,steve@urgent.co.nz
Ooooby BOP Home Delivery 5am Run,33097,2026-09-08T02:00:00Z,steve@urgent.co.nz
Ooooby Evening Home Auckland,33097,2026-09-08T02:00:00Z,steve@urgent.co.nz
Ooooby Waikato Home Delivery 11am Run,33097,2026-09-08T02:00:00Z,steve@urgent.co.nz
Ooooby Waikato Home Delivery 5am Run,33097,2026-09-08T02:00:00Z,steve@urgent.co.nz
ORB CHCH > Akl Returns,18185,2026-09-08T02:00:00Z,steve@urgent.co.nz
ORB Gisborne > Akl Returns,18185,2026-09-08T02:00:00Z,steve@urgent.co.nz
ORB Masterton > Akl Returns,18185,2026-09-08T02:00:00Z,steve@urgent.co.nz
ORB Napier > Akl Returns,18185,2026-09-08T02:00:00Z,steve@urgent.co.nz
ORB PN > Akl Returns,18185,2026-09-08T02:00:00Z,steve@urgent.co.nz
ORB Wellington > Akl Returns,18185,2026-09-08T02:00:00Z,steve@urgent.co.nz
Orchard View - Wellington Afternoons AH,34747,2026-09-08T02:00:00Z,steve@urgent.co.nz
Ortho CHCH > Akl Returns,18188,2026-09-08T02:00:00Z,steve@urgent.co.nz
Ortho Gisborne > Akl Returns,18188,2026-09-08T02:00:00Z,steve@urgent.co.nz
Ortho Masterton > Akl Returns,18188,2026-09-08T02:00:00Z,steve@urgent.co.nz
Ortho Napier > Akl Returns,18188,2026-09-08T02:00:00Z,steve@urgent.co.nz
Ortho PN > Akl Returns,18188,2026-09-08T02:00:00Z,steve@urgent.co.nz
Ortho Wellington > Akl Returns,18188,2026-09-08T02:00:00Z,steve@urgent.co.nz
Ortho Whanganui > Akl Returns,18188,2026-09-08T02:00:00Z,steve@urgent.co.nz
Outer Bay of Plenty Express,32973,2026-09-08T02:00:00Z,steve@urgent.co.nz
Outer BOP > Tauranga,17272,2026-09-08T02:00:00Z,steve@urgent.co.nz
Outer BOP > Tauranga #2,32875,2026-09-08T02:00:00Z,steve@urgent.co.nz
Outer HAM,33094,2026-09-08T02:00:00Z,steve@urgent.co.nz
Outer Waikato Weekend,9673,2026-09-08T02:00:00Z,steve@urgent.co.nz
P2P Auckland > BoP Express 10am - 3:30pm,32896,2026-09-08T02:00:00Z,steve@urgent.co.nz
P2P Auckland > BoP Express 10am - 3:30pm,36834,2026-09-08T02:00:00Z,steve@urgent.co.nz
P2P Auckland > Hamilton Express 1pm - 5pm,32896,2026-09-08T02:00:00Z,steve@urgent.co.nz
P2P Auckland > Hamilton Express 1pm - 5pm,36834,2026-09-08T02:00:00Z,steve@urgent.co.nz
P2P Auckland > Taupo (Mon),32896,2026-09-08T02:00:00Z,steve@urgent.co.nz
P2P Auckland > Taupo (Wed & Fri),32896,2026-09-08T02:00:00Z,steve@urgent.co.nz
P2P Auckland Afternoon Delivery 12pm - 5pm,32896,2026-09-08T02:00:00Z,steve@urgent.co.nz
P2P Auckland Afternoon Delivery 12pm - 5pm #2,36834,2026-09-08T02:00:00Z,steve@urgent.co.nz
P2P Auckland Evening Delivery 6pm - 9pm,32896,2026-09-08T02:00:00Z,steve@urgent.co.nz
P2P Auckland Evening Delivery 6pm - 9pm #2,36834,2026-09-08T02:00:00Z,steve@urgent.co.nz
P2P Auckland Saturday Delivery 12pm - 5pm,32896,2026-09-08T02:00:00Z,steve@urgent.co.nz
P2P Auckland Sunday 12pm - 6pm,32896,2026-09-08T02:00:00Z,steve@urgent.co.nz
P2P Christchurch Pallet,32896,2026-09-08T02:00:00Z,steve@urgent.co.nz
P2P Hamilton Sunday 12pm - 6pm,32896,2026-09-08T02:00:00Z,steve@urgent.co.nz
P2P Napier Afternoons,32896,2026-09-08T02:00:00Z,steve@urgent.co.nz
P2P Napier Sunday 12pm - 6pm,32896,2026-09-08T02:00:00Z,steve@urgent.co.nz
P2P Palmerston North Sunday 12pm - 6pm,32896,2026-09-08T02:00:00Z,steve@urgent.co.nz
P2P Palmy Afternoons,32896,2026-09-08T02:00:00Z,steve@urgent.co.nz
P2P Tauranga Sunday 12pm - 6pm,32896,2026-09-08T02:00:00Z,steve@urgent.co.nz
P2P Waiheke,32896,2026-09-08T02:00:00Z,steve@urgent.co.nz
P2P Wellington Afternoon Delivery,32896,2026-09-08T02:00:00Z,steve@urgent.co.nz
P2P Wellington Sunday 12pm - 6pm,32896,2026-09-08T02:00:00Z,steve@urgent.co.nz
P2P Whangarei Express service,32896,2026-09-08T02:00:00Z,steve@urgent.co.nz
"P2PChristchurch Afternoons (M,T)",32896,2026-09-08T02:00:00Z,steve@urgent.co.nz
"P2PChristchurch Afternoons (W,Th,F)",32896,2026-09-08T02:00:00Z,steve@urgent.co.nz
Pablo Acai - All Day Frozen,18246,2026-09-08T02:00:00Z,steve@urgent.co.nz
Pablo Acai - Auckland Afternoon Chilled,18246,2026-09-08T02:00:00Z,steve@urgent.co.nz
Pablo Acai - Auckland Morning Chilled,18246,2026-09-08T02:00:00Z,steve@urgent.co.nz
Pablo Acai - Hamilton Chilled,18246,2026-09-08T02:00:00Z,steve@urgent.co.nz
Pablo Acai - Tauranga Chilled,18246,2026-09-08T02:00:00Z,steve@urgent.co.nz
Pablo Acai - Whangarei Chilled,18246,2026-09-08T02:00:00Z,steve@urgent.co.nz
PAC Auckland Afternoons,36539,2026-09-08T02:00:00Z,steve@urgent.co.nz
PAC Auckland Evening Delivery,36539,2026-09-08T02:00:00Z,steve@urgent.co.nz
Palmerston North Afternoons AH,16298,2026-09-08T02:00:00Z,steve@urgent.co.nz
Palmerston North Pallet Delivery,36354,2026-09-08T02:00:00Z,steve@urgent.co.nz
Palmerston North Sunday 12pm - 6pm,32335,2026-09-08T02:00:00Z,steve@urgent.co.nz
Paneton ADF Cartons,15091,2026-09-08T02:00:00Z,steve@urgent.co.nz
Paneton ADF Pallets,15091,2026-09-08T02:00:00Z,steve@urgent.co.nz
Paneton Morning Chilled - USE THIS,15091,2026-09-08T02:00:00Z,steve@urgent.co.nz
PASVE Christchurch > Auckland,32920,2026-09-08T02:00:00Z,steve@urgent.co.nz
PB Tech > Airport,36266,2026-09-08T02:00:00Z,steve@urgent.co.nz
PB Tech Christchurch Afternoons,36629,2026-09-08T02:00:00Z,steve@urgent.co.nz
PB TECH TEST (AIRPORT),32929,2026-09-08T02:00:00Z,steve@urgent.co.nz
Pharma CHCH > Akl Returns,35755,2026-09-08T02:00:00Z,steve@urgent.co.nz
Pharma Gisborne > Akl Returns,35755,2026-09-08T02:00:00Z,steve@urgent.co.nz
Pharma Logistics Wellington Chilled,35755,2026-09-08T02:00:00Z,steve@urgent.co.nz
Pharma Masterton > Akl Returns,35755,2026-09-08T02:00:00Z,steve@urgent.co.nz
Pharma Napier > Akl Returns,35755,2026-09-08T02:00:00Z,steve@urgent.co.nz
Pharma PN > Akl Returns,35755,2026-09-08T02:00:00Z,steve@urgent.co.nz
Pharma Wellington > Akl Returns,35755,2026-09-08T02:00:00Z,steve@urgent.co.nz
Pharma Whanganui > Akl Returns,35755,2026-09-08T02:00:00Z,steve@urgent.co.nz
Pilldrop Afternoon Home 10.30,34810,2026-09-08T02:00:00Z,steve@urgent.co.nz
Pilldrop Afternoon Home 10:30,18030,2026-09-08T02:00:00Z,steve@urgent.co.nz
Pilldrop Evening Home 3.30pm,34810,2026-09-08T02:00:00Z,steve@urgent.co.nz
Pilldrop Evening Home 3:30,18030,2026-09-08T02:00:00Z,steve@urgent.co.nz
Pilldrop Regional Hamilton,18030,2026-09-08T02:00:00Z,steve@urgent.co.nz
Pilldrop Regional Tauranga,18030,2026-09-08T02:00:00Z,steve@urgent.co.nz
Pilldrop Sunday AKL 12-5,18030,2026-09-08T02:00:00Z,steve@urgent.co.nz
Pilldrop Wellington Afternoon,18030,2026-09-08T02:00:00Z,steve@urgent.co.nz
Pippins Auckland Afternoon Home (Ham to AKL),35338,2026-09-08T02:00:00Z,steve@urgent.co.nz
PlentyFlora Waikato > Tauranga Afternoon,33738,2026-09-08T02:00:00Z,steve@urgent.co.nz
PlentyFlora Waikato Local & Outer > BOP,33738,2026-09-08T02:00:00Z,steve@urgent.co.nz
PlentyFlora Waikato Outer - Morning,33738,2026-09-08T02:00:00Z,steve@urgent.co.nz
PlentyFlora Waikato Outer > Hamilton Afternoon,33738,2026-09-08T02:00:00Z,steve@urgent.co.nz
PlentyFlora Waikato Outer > Taupo,33738,2026-09-08T02:00:00Z,steve@urgent.co.nz
PMR XMAS HF,17921,2026-09-08T02:00:00Z,steve@urgent.co.nz
Pokeno - Auckland Afternoon Chilled,35578,2026-09-08T02:00:00Z,steve@urgent.co.nz
Pokeno - Auckland Morning Chilled,35578,2026-09-08T02:00:00Z,steve@urgent.co.nz
Pokeno - Hamilton Chilled,35578,2026-09-08T02:00:00Z,steve@urgent.co.nz
Pokeno - Residential Auckland Afternoons,35578,2026-09-08T02:00:00Z,steve@urgent.co.nz
Pokeno - Residential Evening Home Auckland,35578,2026-09-08T02:00:00Z,steve@urgent.co.nz
Pokeno - Residential Hamilton,35578,2026-09-08T02:00:00Z,steve@urgent.co.nz
Pokeno - Residential Tauranga,35578,2026-09-08T02:00:00Z,steve@urgent.co.nz
Pokeno - Tauranga Chilled,35578,2026-09-08T02:00:00Z,steve@urgent.co.nz
Pokeno Weekend Delivery,9673,2026-09-08T02:00:00Z,steve@urgent.co.nz
POMOANA - Wellington Chilled Pallets,36557,2026-09-08T02:00:00Z,steve@urgent.co.nz
Pukekohe > AKL Returns,35755,2026-09-08T02:00:00Z,steve@urgent.co.nz
Pukekohe > AKL Returns,18188,2026-09-08T02:00:00Z,steve@urgent.co.nz
Pukekohe > AKL Returns,36739,2026-09-08T02:00:00Z,steve@urgent.co.nz
Pukekohe > AKL Returns,13773,2026-09-08T02:00:00Z,steve@urgent.co.nz
Pukekohe > AKL Returns #2,14582,2026-09-08T02:00:00Z,steve@urgent.co.nz
Pukekohe > AKL Run,13713,2026-09-08T02:00:00Z,steve@urgent.co.nz
Pukekohe > AKL Run,14927,2026-09-08T02:00:00Z,steve@urgent.co.nz
Pukekohe > AKL Run,16947,2026-09-08T02:00:00Z,steve@urgent.co.nz
Pukekohe > AKL Run,14578,2026-09-08T02:00:00Z,steve@urgent.co.nz
Pukekohe > AKL Run,3191,2026-09-08T02:00:00Z,steve@urgent.co.nz
Pukekohe > AKL Run #2,169,2026-09-08T02:00:00Z,steve@urgent.co.nz
Pukekohe > AKL Run #2,32946,2026-09-08T02:00:00Z,steve@urgent.co.nz
Pukekohe > AKL Run #2,14821,2026-09-08T02:00:00Z,steve@urgent.co.nz
Pukekohe > AKL Run #2,9477,2026-09-08T02:00:00Z,steve@urgent.co.nz
Pukekohe > AKL Run #3,36820,2026-09-08T02:00:00Z,steve@urgent.co.nz
Pukekohe > AKL Run #4,18185,2026-09-08T02:00:00Z,steve@urgent.co.nz
Pukekohe Afternoon Delivery,3191,2026-09-08T02:00:00Z,steve@urgent.co.nz
Pukekohe Afternoon Delivery,169,2026-09-08T02:00:00Z,steve@urgent.co.nz
Pukekohe Afternoon Delivery,9477,2026-09-08T02:00:00Z,steve@urgent.co.nz
Pukekohe Afternoon Delivery,35755,2026-09-08T02:00:00Z,steve@urgent.co.nz
Pukekohe Afternoon Delivery #2,18185,2026-09-08T02:00:00Z,steve@urgent.co.nz
Pukekohe Afternoon Delivery #2,16947,2026-09-08T02:00:00Z,steve@urgent.co.nz
Pukekohe Afternoon Delivery #3,14578,2026-09-08T02:00:00Z,steve@urgent.co.nz
Pukekohe Same-Day Medical Delivery,14927,2026-09-08T02:00:00Z,steve@urgent.co.nz
Pukekohe Same-Day Medical Express,14927,2026-09-08T02:00:00Z,steve@urgent.co.nz
PWL - Afternoon Economy,36403,2026-09-08T02:00:00Z,steve@urgent.co.nz
PWL - Morning Economy,36403,2026-09-08T02:00:00Z,steve@urgent.co.nz
PWL - Morning Economy #2,32929,2026-09-08T02:00:00Z,steve@urgent.co.nz
PWL - Saturday Economy,36403,2026-09-08T02:00:00Z,steve@urgent.co.nz
PWL - Upper Auckland Delivery,36403,2026-09-08T02:00:00Z,steve@urgent.co.nz
PWL - Whangarei Morning Delivery,36403,2026-09-08T02:00:00Z,steve@urgent.co.nz
RAWES - Auckland Sunday Home Delivery,17238,2026-09-08T02:00:00Z,steve@urgent.co.nz
RAWES - Regional Tauranga,17238,2026-09-08T02:00:00Z,steve@urgent.co.nz
RAWES - Regional Whangarei,17238,2026-09-08T02:00:00Z,steve@urgent.co.nz
RAWES - Regional Whangarei #2,32929,2026-09-08T02:00:00Z,steve@urgent.co.nz
RAWES - Sunday CHCH,17238,2026-09-08T02:00:00Z,steve@urgent.co.nz
RAWES - Sunday Hamilton,17238,2026-09-08T02:00:00Z,steve@urgent.co.nz
RAWES - Sunday Napier,17238,2026-09-08T02:00:00Z,steve@urgent.co.nz
RAWES - Sunday Palmerston North,17238,2026-09-08T02:00:00Z,steve@urgent.co.nz
RAWES - Sunday Tauranga,17238,2026-09-08T02:00:00Z,steve@urgent.co.nz
RAWES - Sunday Wellington,17238,2026-09-08T02:00:00Z,steve@urgent.co.nz
"RAWES - Taupo, Tokoroa, TeAwamutu Home Delivery",17238,2026-09-08T02:00:00Z,steve@urgent.co.nz
RAWES - Waiheke,17238,2026-09-08T02:00:00Z,steve@urgent.co.nz
RAWES - Wellington Afternoons,17238,2026-09-08T02:00:00Z,steve@urgent.co.nz
RAWES Regional Hamilton,17238,2026-09-08T02:00:00Z,steve@urgent.co.nz
Regional Afternoon Home - Monday,33448,2026-09-08T02:00:00Z,steve@urgent.co.nz
Regional Friday,31563,2026-09-08T02:00:00Z,steve@urgent.co.nz
Regional Friday #2,32779,2026-09-08T02:00:00Z,steve@urgent.co.nz
Regional Home Delivery (TGA),33745,2026-09-08T02:00:00Z,steve@urgent.co.nz
Regional Home Delivery 11am (ex TGA),33745,2026-09-08T02:00:00Z,steve@urgent.co.nz
Regional Monday,31563,2026-09-08T02:00:00Z,steve@urgent.co.nz
Regional Thursday,31563,2026-09-08T02:00:00Z,steve@urgent.co.nz
Regional Thursday #2,32779,2026-09-08T02:00:00Z,steve@urgent.co.nz
Regional Tuesday,31563,2026-09-08T02:00:00Z,steve@urgent.co.nz
Regional Wednesday,31563,2026-09-08T02:00:00Z,steve@urgent.co.nz
Regional Wednesday RTE HAM,32855,2026-09-08T02:00:00Z,steve@urgent.co.nz
Regional Wednesday RTE TGA,32855,2026-09-08T02:00:00Z,steve@urgent.co.nz
REMSY CHCH > Akl Returns,169,2026-09-08T02:00:00Z,steve@urgent.co.nz
REMSY Gisborne > Akl Returns,169,2026-09-08T02:00:00Z,steve@urgent.co.nz
REMSY Masterton > Akl Returns,169,2026-09-08T02:00:00Z,steve@urgent.co.nz
REMSY Napier > Akl Returns,169,2026-09-08T02:00:00Z,steve@urgent.co.nz
REMSY PN > Akl Returns,169,2026-09-08T02:00:00Z,steve@urgent.co.nz
REMSY Wellington > Akl Returns,169,2026-09-08T02:00:00Z,steve@urgent.co.nz
Return WLG Empty Chep Pallets,36837,2026-09-08T02:00:00Z,steve@urgent.co.nz
RHD TNG,32341,2026-09-08T02:00:00Z,steve@urgent.co.nz
Rocket Foods - Auckland Morning Chilled,17776,2026-09-08T02:00:00Z,steve@urgent.co.nz
Rocket Foods All Day Frozen 7am-5pm,17776,2026-09-08T02:00:00Z,steve@urgent.co.nz
Rose's Dairy - Hamilton Chilled,35221,2026-09-08T02:00:00Z,steve@urgent.co.nz
Rose's Dairy - Tauranga Chilled,35221,2026-09-08T02:00:00Z,steve@urgent.co.nz
ROT > AKL Day Run,3191,2026-09-08T02:00:00Z,steve@urgent.co.nz
ROT > AKL Day Run,16947,2026-09-08T02:00:00Z,steve@urgent.co.nz
ROT > AKL Day Run,16513,2026-09-08T02:00:00Z,steve@urgent.co.nz
ROT > AKL Day Run,18188,2026-09-08T02:00:00Z,steve@urgent.co.nz
ROT > AKL Day Run,13713,2026-09-08T02:00:00Z,steve@urgent.co.nz
ROT > AKL Day Run,504,2026-09-08T02:00:00Z,steve@urgent.co.nz
ROT > AKL Day Run,9477,2026-09-08T02:00:00Z,steve@urgent.co.nz
ROT > AKL Day Run,14763,2026-09-08T02:00:00Z,steve@urgent.co.nz
ROT > AKL Day Run,18185,2026-09-08T02:00:00Z,steve@urgent.co.nz
ROT > AKL Day Run,13822,2026-09-08T02:00:00Z,steve@urgent.co.nz
ROT > AKL Day Run,13773,2026-09-08T02:00:00Z,steve@urgent.co.nz
ROT > AKL Day Run,35755,2026-09-08T02:00:00Z,steve@urgent.co.nz
ROT > AKL Day Run,169,2026-09-08T02:00:00Z,steve@urgent.co.nz
ROT > AKL Day Run,36672,2026-09-08T02:00:00Z,steve@urgent.co.nz
ROT > AKL Day Run,32946,2026-09-08T02:00:00Z,steve@urgent.co.nz
ROT > AKL Day Run #2,14927,2026-09-08T02:00:00Z,steve@urgent.co.nz
ROT > AKL Day Run #3,14582,2026-09-08T02:00:00Z,steve@urgent.co.nz
ROT > AKL Day Run #4,14578,2026-09-08T02:00:00Z,steve@urgent.co.nz
ROT > AKL Day Run #5,36739,2026-09-08T02:00:00Z,steve@urgent.co.nz
ROT > AKL Next Day Run,3191,2026-09-08T02:00:00Z,steve@urgent.co.nz
ROT > AKL Next Day Run,16947,2026-09-08T02:00:00Z,steve@urgent.co.nz
ROT > AKL Next Day Run,16513,2026-09-08T02:00:00Z,steve@urgent.co.nz
ROT > AKL Next Day Run,18188,2026-09-08T02:00:00Z,steve@urgent.co.nz
ROT > AKL Next Day Run,13713,2026-09-08T02:00:00Z,steve@urgent.co.nz
ROT > AKL Next Day Run,504,2026-09-08T02:00:00Z,steve@urgent.co.nz
ROT > AKL Next Day Run,9477,2026-09-08T02:00:00Z,steve@urgent.co.nz
ROT > AKL Next Day Run,14763,2026-09-08T02:00:00Z,steve@urgent.co.nz
ROT > AKL Next Day Run,18185,2026-09-08T02:00:00Z,steve@urgent.co.nz
ROT > AKL Next Day Run,13822,2026-09-08T02:00:00Z,steve@urgent.co.nz
ROT > AKL Next Day Run,13773,2026-09-08T02:00:00Z,steve@urgent.co.nz
ROT > AKL Next Day Run,35755,2026-09-08T02:00:00Z,steve@urgent.co.nz
ROT > AKL Next Day Run,169,2026-09-08T02:00:00Z,steve@urgent.co.nz
ROT > AKL Next Day Run,36672,2026-09-08T02:00:00Z,steve@urgent.co.nz
ROT > AKL Next Day Run,32946,2026-09-08T02:00:00Z,steve@urgent.co.nz
ROT > AKL Next Day Run #2,14927,2026-09-08T02:00:00Z,steve@urgent.co.nz
ROT > AKL Next Day Run #3,14582,2026-09-08T02:00:00Z,steve@urgent.co.nz
ROT > AKL Next Day Run #4,14578,2026-09-08T02:00:00Z,steve@urgent.co.nz
ROT > AKL Next Day Run #5,36739,2026-09-08T02:00:00Z,steve@urgent.co.nz
ROTI - Palmerston North 12-6pm,36808,2026-09-08T02:00:00Z,steve@urgent.co.nz
ROTI - Wellington 12pm-6pm,36808,2026-09-08T02:00:00Z,steve@urgent.co.nz
Rotorua - Waikato Same Day,32385,2026-09-08T02:00:00Z,steve@urgent.co.nz
Rotorua 10am > AKL Next Day Run,33103,2026-09-08T02:00:00Z,steve@urgent.co.nz
Rotorua 3pm > AKL Next Day Run,33103,2026-09-08T02:00:00Z,steve@urgent.co.nz
RPFE - Sunday Hamilton,36592,2026-09-08T02:00:00Z,steve@urgent.co.nz
RPFE - Sunday Wellington,36592,2026-09-08T02:00:00Z,steve@urgent.co.nz
RPFE - Wellington Afternoons AH,36592,2026-09-08T02:00:00Z,steve@urgent.co.nz
RPFE Waikato Home Delivery 5am,36592,2026-09-08T02:00:00Z,steve@urgent.co.nz
Sanford - Auckland Afternoons,17877,2026-09-08T02:00:00Z,steve@urgent.co.nz
Sanford Chilled Pickup,17877,2026-09-08T02:00:00Z,steve@urgent.co.nz
SAS Auckland Afternoons,16139,2026-09-08T02:00:00Z,steve@urgent.co.nz
SAS Evening Delivery,16139,2026-09-08T02:00:00Z,steve@urgent.co.nz
SatHFAK,32374,2026-09-08T02:00:00Z,steve@urgent.co.nz
Satuday Afternoon Home,32799,2026-09-08T02:00:00Z,steve@urgent.co.nz
Saturday 2 hour express,17732,2026-09-08T02:00:00Z,steve@urgent.co.nz
Saturday 2 Hour Express (11:00am-1:00pm),33096,2026-09-08T02:00:00Z,steve@urgent.co.nz
Saturday 2 Hour Express (9:00-11:00am),33096,2026-09-08T02:00:00Z,steve@urgent.co.nz
Saturday 2 Hour Express (9:00-11:00am) #2,36048,2026-09-08T02:00:00Z,steve@urgent.co.nz
Saturday Afternoon Chilled,32765,2026-09-08T02:00:00Z,steve@urgent.co.nz
Saturday Afternoon Express,33043,2026-09-08T02:00:00Z,steve@urgent.co.nz
Saturday Afternoon Express #2,33094,2026-09-08T02:00:00Z,steve@urgent.co.nz
Saturday Afternoon Home,32714,2026-09-08T02:00:00Z,steve@urgent.co.nz
Saturday Afternoon Home #2,16298,2026-09-08T02:00:00Z,steve@urgent.co.nz
Saturday Afternoon Home #3,32765,2026-09-08T02:00:00Z,steve@urgent.co.nz
Saturday Afternoon Home #4,34381,2026-09-08T02:00:00Z,steve@urgent.co.nz
Saturday All Day Home Palmerston North,14691,2026-09-08T02:00:00Z,steve@urgent.co.nz
Saturday All Day Home Tauranga,14691,2026-09-08T02:00:00Z,steve@urgent.co.nz
Saturday All Day Home Wellington,14691,2026-09-08T02:00:00Z,steve@urgent.co.nz
Saturday HF Palmerston North,17921,2026-09-08T02:00:00Z,steve@urgent.co.nz
Saturday Service,32710,2026-09-08T02:00:00Z,steve@urgent.co.nz
SC CHCH > Akl Returns,14763,2026-09-08T02:00:00Z,steve@urgent.co.nz
SC Gisborne > Akl Returns,14763,2026-09-08T02:00:00Z,steve@urgent.co.nz
SC Napier > Akl Returns,14763,2026-09-08T02:00:00Z,steve@urgent.co.nz
SC PN > Akl Returns,14763,2026-09-08T02:00:00Z,steve@urgent.co.nz
SC Wellington > Akl Returns,14763,2026-09-08T02:00:00Z,steve@urgent.co.nz
SCAHO - ROTORUA,32577,2026-09-08T02:00:00Z,steve@urgent.co.nz
SCALINI - Afternoon Home Delivery,32577,2026-09-08T02:00:00Z,steve@urgent.co.nz
Scalini - Auckland Morning Chilled,32577,2026-09-08T02:00:00Z,steve@urgent.co.nz
SCALINI - Evening Home Delivery,32577,2026-09-08T02:00:00Z,steve@urgent.co.nz
SCION Masterton > Akl Returns,14763,2026-09-08T02:00:00Z,steve@urgent.co.nz
SGRDL - Afternoon Home AKL,33289,2026-09-08T02:00:00Z,steve@urgent.co.nz
SGRDL - Afternoon Home AKL #2,16702,2026-09-08T02:00:00Z,steve@urgent.co.nz
SGRDL - AKL XMAS,33289,2026-09-08T02:00:00Z,steve@urgent.co.nz
SGRDL - Bulk Evening Home AKL,33289,2026-09-08T02:00:00Z,steve@urgent.co.nz
SGRDL - Napier Afternoon Home,33289,2026-09-08T02:00:00Z,steve@urgent.co.nz
SGRDL - Palmerston North Afternoon Home,33289,2026-09-08T02:00:00Z,steve@urgent.co.nz
SGRDL - Regional Home Delivery - Hamilton,33289,2026-09-08T02:00:00Z,steve@urgent.co.nz
SGRDL - Regional Home Delivery - Tauranga,33289,2026-09-08T02:00:00Z,steve@urgent.co.nz
SGRDL - Regional Home Delivery - Whangarei,33289,2026-09-08T02:00:00Z,steve@urgent.co.nz
SGRDL - Sunday 12-6pm Auckland,33289,2026-09-08T02:00:00Z,steve@urgent.co.nz
SGRDL - Sunday 12-6pm HAM,33289,2026-09-08T02:00:00Z,steve@urgent.co.nz
SGRDL - Sunday 12-6pm NPE,33289,2026-09-08T02:00:00Z,steve@urgent.co.nz
SGRDL - Sunday 12-6pm PMR,33289,2026-09-08T02:00:00Z,steve@urgent.co.nz
SGRDL - Sunday 12-6pm TGA,33289,2026-09-08T02:00:00Z,steve@urgent.co.nz
SGRDL - Sunday 12-6pm WGT,33289,2026-09-08T02:00:00Z,steve@urgent.co.nz
SGRDL - Taupo Regional Home Delivery,33289,2026-09-08T02:00:00Z,steve@urgent.co.nz
SGRDL Auckland Mothers Day 8am - 1pm,33289,2026-09-08T02:00:00Z,steve@urgent.co.nz
SGRDL Wellington Afternoon Home,33289,2026-09-08T02:00:00Z,steve@urgent.co.nz
SHOTT WLG Pallets,33064,2026-09-08T02:00:00Z,steve@urgent.co.nz
Shott WLG Reverse Pallet,33064,2026-09-08T02:00:00Z,steve@urgent.co.nz
SHRED - Auckland Sunday,34694,2026-09-08T02:00:00Z,steve@urgent.co.nz
SHRED - Hamilton Sunday,34694,2026-09-08T02:00:00Z,steve@urgent.co.nz
SHRED - Napier / Hastings Sunday,34694,2026-09-08T02:00:00Z,steve@urgent.co.nz
SHRED - Palmerston North Sunday,34694,2026-09-08T02:00:00Z,steve@urgent.co.nz
SHRED - Tauranga Sunday,34694,2026-09-08T02:00:00Z,steve@urgent.co.nz
SHRED - Waikato Weekdays Home Delivery,34694,2026-09-08T02:00:00Z,steve@urgent.co.nz
SHRED - Wellington Afternoons AH,34694,2026-09-08T02:00:00Z,steve@urgent.co.nz
SHRED - Wellington Sunday,34694,2026-09-08T02:00:00Z,steve@urgent.co.nz
Simday 2 hour express,17732,2026-09-08T02:00:00Z,steve@urgent.co.nz
Simon James - Economy Run (1pm-5pm),35713,2026-09-08T02:00:00Z,steve@urgent.co.nz
Simon James - Thursday 2 Hour Express (1:00-3pm),35713,2026-09-08T02:00:00Z,steve@urgent.co.nz
"SINAB AKL > Taupo, Tokoroa, Putaruru, TeAwamutu",11864,2026-09-08T02:00:00Z,steve@urgent.co.nz
SINAB Auckland > Hamilton Afternoon Run 1-6pm,11864,2026-09-08T02:00:00Z,steve@urgent.co.nz
SINAB Auckland > Hamilton Morning Run 7-12pm,11864,2026-09-08T02:00:00Z,steve@urgent.co.nz
SINAB Auckland > Tauranga Afternoon Run 3-6:30pm,11864,2026-09-08T02:00:00Z,steve@urgent.co.nz
SINAB Auckland > Tauranga Morning Run 9-5,11864,2026-09-08T02:00:00Z,steve@urgent.co.nz
SINAB Auckland > Whangarei Morning Run 7-9am,11864,2026-09-08T02:00:00Z,steve@urgent.co.nz
SINAB Waiheke Next Day - Book by 5pm | Arrives,11864,2026-09-08T02:00:00Z,steve@urgent.co.nz
SINAB Waiheke Next Day - Book by 830pm | Arrives,11864,2026-09-08T02:00:00Z,steve@urgent.co.nz
SINAB Waiheke Same Day - Book by 930am | Arrives,11864,2026-09-08T02:00:00Z,steve@urgent.co.nz
SMINE CHCH > Akl Returns,13713,2026-09-08T02:00:00Z,steve@urgent.co.nz
SMINE Gisborne > Akl Returns,13713,2026-09-08T02:00:00Z,steve@urgent.co.nz
SMINE Masterton > Akl Returns,13713,2026-09-08T02:00:00Z,steve@urgent.co.nz
SMINE Napier > Akl Returns,13713,2026-09-08T02:00:00Z,steve@urgent.co.nz
SMINE PN > Akl Returns,13713,2026-09-08T02:00:00Z,steve@urgent.co.nz
SMINE Wellington > Akl Returns,13713,2026-09-08T02:00:00Z,steve@urgent.co.nz
SMINE Whanganui > Akl Returns,13713,2026-09-08T02:00:00Z,steve@urgent.co.nz
SoAmButchery Auckland Afternoons,36674,2026-09-08T02:00:00Z,steve@urgent.co.nz
Source&Supply Afternoon Chilled,33420,2026-09-08T02:00:00Z,steve@urgent.co.nz
Source&supply Christchurch Chilled,33420,2026-09-08T02:00:00Z,steve@urgent.co.nz
Source&Supply Hamilton Chilled 5am Run,33420,2026-09-08T02:00:00Z,steve@urgent.co.nz
Source&Supply Morning Chilled,33420,2026-09-08T02:00:00Z,steve@urgent.co.nz
Source&supply Tauranga Chilled 5am Run,33420,2026-09-08T02:00:00Z,steve@urgent.co.nz
Source&supply Wellington Chilled,33420,2026-09-08T02:00:00Z,steve@urgent.co.nz
Spoil Me,32826,2026-09-08T02:00:00Z,steve@urgent.co.nz
Square Pizza - Provida Frozen TGA,36861,2026-09-08T02:00:00Z,steve@urgent.co.nz
Standard Baggage Run 10am,35642,2026-09-08T02:00:00Z,steve@urgent.co.nz
Standard Baggage Run 12 pm,16730,2026-09-08T02:00:00Z,steve@urgent.co.nz
Standard Baggage Run 12 pm,16166,2026-09-08T02:00:00Z,steve@urgent.co.nz
Standard Baggage Run 12 pm #2,37248,2026-09-08T02:00:00Z,steve@urgent.co.nz
Standard Baggage Run 12pm,17326,2026-09-08T02:00:00Z,steve@urgent.co.nz
Standard Baggage Run 12pm #2,37249,2026-09-08T02:00:00Z,steve@urgent.co.nz
Standard Baggage Run 4pm,16730,2026-09-08T02:00:00Z,steve@urgent.co.nz
Standard Baggage Run 4pm,17326,2026-09-08T02:00:00Z,steve@urgent.co.nz
Standard Baggage Run 4pm,35642,2026-09-08T02:00:00Z,steve@urgent.co.nz
Standard Baggage Run 4pm,16166,2026-09-08T02:00:00Z,steve@urgent.co.nz
Standard Baggage Run 4pm #2,37248,2026-09-08T02:00:00Z,steve@urgent.co.nz
Standard Baggage Run 6pm,16730,2026-09-08T02:00:00Z,steve@urgent.co.nz
Standard Baggage Run 6pm,17326,2026-09-08T02:00:00Z,steve@urgent.co.nz
Standard Baggage Run 6pm,35642,2026-09-08T02:00:00Z,steve@urgent.co.nz
Standard Baggage Run 6pm,16166,2026-09-08T02:00:00Z,steve@urgent.co.nz
Standard Baggage Run 6pm #2,37248,2026-09-08T02:00:00Z,steve@urgent.co.nz
Standard Baggage Run 6pm #3,37249,2026-09-08T02:00:00Z,steve@urgent.co.nz
Standard Baggage Run 9am,37249,2026-09-08T02:00:00Z,steve@urgent.co.nz
Standard Baggage Run 9pm,16730,2026-09-08T02:00:00Z,steve@urgent.co.nz
Standard Baggage Run 9pm,35642,2026-09-08T02:00:00Z,steve@urgent.co.nz
Standard Baggage Run 9pm,16166,2026-09-08T02:00:00Z,steve@urgent.co.nz
Standard Baggage Run 9pm #2,17326,2026-09-08T02:00:00Z,steve@urgent.co.nz
Standard Baggage Run 9pm #3,37248,2026-09-08T02:00:00Z,steve@urgent.co.nz
Store-to-Door Express Delivery 09am,17589,2026-09-08T02:00:00Z,steve@urgent.co.nz
Store-to-Door Express Delivery 10am,36266,2026-09-08T02:00:00Z,steve@urgent.co.nz
Store-to-Door Express Delivery 10am,17589,2026-09-08T02:00:00Z,steve@urgent.co.nz
Store-to-Door Express Delivery 11am,36266,2026-09-08T02:00:00Z,steve@urgent.co.nz
Store-to-Door Express Delivery 11am,17589,2026-09-08T02:00:00Z,steve@urgent.co.nz
Store-to-Door Express Delivery 12pm,36266,2026-09-08T02:00:00Z,steve@urgent.co.nz
Store-to-Door Express Delivery 12pm,17589,2026-09-08T02:00:00Z,steve@urgent.co.nz
Store-to-Door Express Delivery 1pm,36266,2026-09-08T02:00:00Z,steve@urgent.co.nz
Store-to-Door Express Delivery 1pm,17589,2026-09-08T02:00:00Z,steve@urgent.co.nz
Store-to-Door Express Delivery 2pm,36266,2026-09-08T02:00:00Z,steve@urgent.co.nz
Store-to-Door Express Delivery 2pm,17589,2026-09-08T02:00:00Z,steve@urgent.co.nz
Store-to-Door Express Delivery 9am,36266,2026-09-08T02:00:00Z,steve@urgent.co.nz
Stryker BOP > Waikato Morning Run,3191,2026-09-08T02:00:00Z,steve@urgent.co.nz
Stryker CHCH > Akl Returns,3191,2026-09-08T02:00:00Z,steve@urgent.co.nz
Stryker Gisborne > Akl Returns,3191,2026-09-08T02:00:00Z,steve@urgent.co.nz
Stryker Hamilton > BOP Outer Run,3191,2026-09-08T02:00:00Z,steve@urgent.co.nz
Stryker Hamilton > Tauranga Afternoon,3191,2026-09-08T02:00:00Z,steve@urgent.co.nz
Stryker Hamilton > Tauranga Morning,3191,2026-09-08T02:00:00Z,steve@urgent.co.nz
Stryker Masterton > Akl Returns,3191,2026-09-08T02:00:00Z,steve@urgent.co.nz
Stryker Napier > Akl Returns,3191,2026-09-08T02:00:00Z,steve@urgent.co.nz
Stryker PN > Akl Returns,3191,2026-09-08T02:00:00Z,steve@urgent.co.nz
Stryker Tauranga > BOP Outer Run,3191,2026-09-08T02:00:00Z,steve@urgent.co.nz
Stryker Tauranga > Waikato Afternoon Run,3191,2026-09-08T02:00:00Z,steve@urgent.co.nz
Stryker Tauranga > Waikato Morning Run,3191,2026-09-08T02:00:00Z,steve@urgent.co.nz
Stryker Waikato > BOP Outer Run,3191,2026-09-08T02:00:00Z,steve@urgent.co.nz
Stryker Waikato > Tauranga Afternoon,3191,2026-09-08T02:00:00Z,steve@urgent.co.nz
Stryker Waikato Outer > Hamilton Afternoon,3191,2026-09-08T02:00:00Z,steve@urgent.co.nz
Stryker Waikato Outer > Hamilton Morning,3191,2026-09-08T02:00:00Z,steve@urgent.co.nz
Stryker Wellington > Akl Returns,3191,2026-09-08T02:00:00Z,steve@urgent.co.nz
Sunday 12-6pm AKL #2,37006,2026-09-08T02:00:00Z,steve@urgent.co.nz
Sunday 2 hour express,17732,2026-09-08T02:00:00Z,steve@urgent.co.nz
Sunday 2-8 AKL,18232,2026-09-08T02:00:00Z,steve@urgent.co.nz
Sunday 2-8 ChristChurch,18232,2026-09-08T02:00:00Z,steve@urgent.co.nz
Sunday 2-8 Hamilton,18232,2026-09-08T02:00:00Z,steve@urgent.co.nz
Sunday 2-8 Napier,18232,2026-09-08T02:00:00Z,steve@urgent.co.nz
Sunday 2-8 Tauranga,18232,2026-09-08T02:00:00Z,steve@urgent.co.nz
Sunday 2-8 Wellington,18232,2026-09-08T02:00:00Z,steve@urgent.co.nz
Sunday Auckland Express Delivery,32777,2026-09-08T02:00:00Z,steve@urgent.co.nz
Sunday Auckland Home Delivery,32853,2026-09-08T02:00:00Z,steve@urgent.co.nz
Sunday Auckland Home Delivery,32854,2026-09-08T02:00:00Z,steve@urgent.co.nz
Sunday Auckland Home Delivery #2,31654,2026-09-08T02:00:00Z,steve@urgent.co.nz
Sunday Christchurch Home Delivery,32853,2026-09-08T02:00:00Z,steve@urgent.co.nz
Sunday Christchurch Home Delivery,32854,2026-09-08T02:00:00Z,steve@urgent.co.nz
Sunday Christchurch Home Delivery #2,31654,2026-09-08T02:00:00Z,steve@urgent.co.nz
Sunday Delivery Service,18090,2026-09-08T02:00:00Z,steve@urgent.co.nz
Sunday Hamilton Express Delivery,32777,2026-09-08T02:00:00Z,steve@urgent.co.nz
Sunday Hamilton Home Delivery,32853,2026-09-08T02:00:00Z,steve@urgent.co.nz
Sunday Hamilton Home Delivery,32854,2026-09-08T02:00:00Z,steve@urgent.co.nz
Sunday Hamilton Home Delivery #2,31654,2026-09-08T02:00:00Z,steve@urgent.co.nz
Sunday Home Delivery Hamilton,14691,2026-09-08T02:00:00Z,steve@urgent.co.nz
Sunday Home Delivery Napier,14691,2026-09-08T02:00:00Z,steve@urgent.co.nz
Sunday Home Delivery Palmerston North,14691,2026-09-08T02:00:00Z,steve@urgent.co.nz
Sunday Home Delivery Wellington,14691,2026-09-08T02:00:00Z,steve@urgent.co.nz
Sunday Napier Home Delivery,32853,2026-09-08T02:00:00Z,steve@urgent.co.nz
Sunday Napier Home Delivery,32854,2026-09-08T02:00:00Z,steve@urgent.co.nz
Sunday Napier Home Delivery #2,31654,2026-09-08T02:00:00Z,steve@urgent.co.nz
Sunday Napier Home Delivery #3,32990,2026-09-08T02:00:00Z,steve@urgent.co.nz
Sunday Palmerston North Home Delivery,32853,2026-09-08T02:00:00Z,steve@urgent.co.nz
Sunday Palmerston North Home Delivery,32854,2026-09-08T02:00:00Z,steve@urgent.co.nz
Sunday Palmerston North Home Delivery #2,31654,2026-09-08T02:00:00Z,steve@urgent.co.nz
Sunday Tauranga Home Delivery,32853,2026-09-08T02:00:00Z,steve@urgent.co.nz
Sunday Tauranga Home Delivery,32854,2026-09-08T02:00:00Z,steve@urgent.co.nz
Sunday Tauranga Home Delivery #2,31654,2026-09-08T02:00:00Z,steve@urgent.co.nz
Sunday Wellington Delivery (USE THIS),33098,2026-09-08T02:00:00Z,steve@urgent.co.nz
Sunday Wellington Home Delivery,32853,2026-09-08T02:00:00Z,steve@urgent.co.nz
Sunday Wellington Home Delivery,32854,2026-09-08T02:00:00Z,steve@urgent.co.nz
Sunday Wellington Home Delivery #2,31654,2026-09-08T02:00:00Z,steve@urgent.co.nz
Sunday WLG HF,18184,2026-09-08T02:00:00Z,steve@urgent.co.nz
Supie Tauranga,32601,2026-09-08T02:00:00Z,steve@urgent.co.nz
Supie Waikato,32601,2026-09-08T02:00:00Z,steve@urgent.co.nz
Surfboards UCL AKL - WGTN*12:00:00-17:00:00,17827,2026-09-08T02:00:00Z,steve@urgent.co.nz
Surfboards UCL AKL - WGTN*12:00:00-17:00:00 #2,35290,2026-09-08T02:00:00Z,steve@urgent.co.nz
Surfboards UCL AKL - WGTN*12:00:00-17:00:00 #3,35306,2026-09-08T02:00:00Z,steve@urgent.co.nz
Surfboards UCL AKL - WGTN*12:00:00-17:00:00x,35290,2026-09-08T02:00:00Z,steve@urgent.co.nz
Taimahi Trust Schedule Friday,32566,2026-09-08T02:00:00Z,steve@urgent.co.nz
TASH - AKL Afternoon Home,35404,2026-09-08T02:00:00Z,steve@urgent.co.nz
TASH - AKL Evening Home,35404,2026-09-08T02:00:00Z,steve@urgent.co.nz
TASH - AKL Sunday Home,35404,2026-09-08T02:00:00Z,steve@urgent.co.nz
TASH - Hamilton Home Delivery,35404,2026-09-08T02:00:00Z,steve@urgent.co.nz
TASH - Hamilton Sunday,35404,2026-09-08T02:00:00Z,steve@urgent.co.nz
TASH - Napier Afternoon Home,35404,2026-09-08T02:00:00Z,steve@urgent.co.nz
TASH - Napier Sunday,35404,2026-09-08T02:00:00Z,steve@urgent.co.nz
TASH - Palmerston North Afternoon Home,35404,2026-09-08T02:00:00Z,steve@urgent.co.nz
TASH - Palmerston North Sunday,35404,2026-09-08T02:00:00Z,steve@urgent.co.nz
TASH - Tauranga Home Delivery,35404,2026-09-08T02:00:00Z,steve@urgent.co.nz
TASH - Tauranga Sunday,35404,2026-09-08T02:00:00Z,steve@urgent.co.nz
TASH - Wellington Afternoon Home,35404,2026-09-08T02:00:00Z,steve@urgent.co.nz
TASH - Wellington Sunday,35404,2026-09-08T02:00:00Z,steve@urgent.co.nz
TASH - Whangarei Home Delivery,35404,2026-09-08T02:00:00Z,steve@urgent.co.nz
TASH AFTERNOON CHILLED,35404,2026-09-08T02:00:00Z,steve@urgent.co.nz
Taupo > Hamilton,36813,2026-09-08T02:00:00Z,steve@urgent.co.nz
Taupo > Tauranga,36813,2026-09-08T02:00:00Z,steve@urgent.co.nz
Taupo Run Reverse,33377,2026-09-08T02:00:00Z,steve@urgent.co.nz
Tauranga,33586,2026-09-08T02:00:00Z,steve@urgent.co.nz
Tauranga - OUTER,32924,2026-09-08T02:00:00Z,steve@urgent.co.nz
Tauranga - Outer Towns 24 - Next day,32944,2026-09-08T02:00:00Z,steve@urgent.co.nz
Tauranga - Same day,32944,2026-09-08T02:00:00Z,steve@urgent.co.nz
Tauranga - Taupo Delivery,36813,2026-09-08T02:00:00Z,steve@urgent.co.nz
Tauranga - Taupo Delivery #2,32943,2026-09-08T02:00:00Z,steve@urgent.co.nz
Tauranga - Thursday delivery,32924,2026-09-08T02:00:00Z,steve@urgent.co.nz
Tauranga 1 Hour*10:00:00-11:00:00,12671,2026-09-08T02:00:00Z,steve@urgent.co.nz
Tauranga 1 Hour*10:00:00-11:00:00,33118,2026-09-08T02:00:00Z,steve@urgent.co.nz
Tauranga 1 Hour*11:00:00-12:00:00,12671,2026-09-08T02:00:00Z,steve@urgent.co.nz
Tauranga 1 Hour*11:00:00-12:00:00,33118,2026-09-08T02:00:00Z,steve@urgent.co.nz
Tauranga 1 Hour*12:00:00-13:00:00,12671,2026-09-08T02:00:00Z,steve@urgent.co.nz
Tauranga 1 Hour*12:00:00-13:00:00,33118,2026-09-08T02:00:00Z,steve@urgent.co.nz
Tauranga 1 Hour*13:00:00-14:00:00,12671,2026-09-08T02:00:00Z,steve@urgent.co.nz
Tauranga 1 Hour*13:00:00-14:00:00,33118,2026-09-08T02:00:00Z,steve@urgent.co.nz
Tauranga 1 Hour*14:00:00-15:00:00,12671,2026-09-08T02:00:00Z,steve@urgent.co.nz
Tauranga 1 Hour*14:00:00-15:00:00,33118,2026-09-08T02:00:00Z,steve@urgent.co.nz
Tauranga 1 Hour*15:00:00-16:00:00,12671,2026-09-08T02:00:00Z,steve@urgent.co.nz
Tauranga 1 Hour*15:00:00-16:00:00,33118,2026-09-08T02:00:00Z,steve@urgent.co.nz
Tauranga 1 Hour*16:00:00-17:00:00,12671,2026-09-08T02:00:00Z,steve@urgent.co.nz
Tauranga 1 Hour*16:00:00-17:00:00,33118,2026-09-08T02:00:00Z,steve@urgent.co.nz
Tauranga 4pm > AKL Next Day Run,33103,2026-09-08T02:00:00Z,steve@urgent.co.nz
Tauranga 9am > AKL Next Day Run,33103,2026-09-08T02:00:00Z,steve@urgent.co.nz
Tauranga > Auckland Express Run #2,9196,2026-09-08T02:00:00Z,steve@urgent.co.nz
Tauranga > Auckland Express Run #3,36813,2026-09-08T02:00:00Z,steve@urgent.co.nz
Tauranga > Auckland Express Run 4pm-6pm #2,9196,2026-09-08T02:00:00Z,steve@urgent.co.nz
Tauranga > Auckland Express Run 4pm-6pm #3,36813,2026-09-08T02:00:00Z,steve@urgent.co.nz
Tauranga > Auckland Run,9196,2026-09-08T02:00:00Z,steve@urgent.co.nz
Tauranga > Auckland Run #2,36813,2026-09-08T02:00:00Z,steve@urgent.co.nz
Tauranga > Auckland Run 6pm-9pm,9196,2026-09-08T02:00:00Z,steve@urgent.co.nz
Tauranga > Auckland Run 6pm-9pm #2,36813,2026-09-08T02:00:00Z,steve@urgent.co.nz
Tauranga > BOP Outer Run,31488,2026-09-08T02:00:00Z,steve@urgent.co.nz
Tauranga > BOP Outer Run,31486,2026-09-08T02:00:00Z,steve@urgent.co.nz
Tauranga > BOP Outer Run #2,36813,2026-09-08T02:00:00Z,steve@urgent.co.nz
Tauranga > BOP Outer Run #3,15608,2026-09-08T02:00:00Z,steve@urgent.co.nz
Tauranga > Cambridge Afternoon Run,31952,2026-09-08T02:00:00Z,steve@urgent.co.nz
Tauranga > Outer BOP,17272,2026-09-08T02:00:00Z,steve@urgent.co.nz
Tauranga > Outer BOP #2,32875,2026-09-08T02:00:00Z,steve@urgent.co.nz
Tauranga > Waikato Afternoon Run,32943,2026-09-08T02:00:00Z,steve@urgent.co.nz
Tauranga > Waikato Afternoon Run #2,9196,2026-09-08T02:00:00Z,steve@urgent.co.nz
Tauranga > Waikato Afternoon Run #3,36813,2026-09-08T02:00:00Z,steve@urgent.co.nz
Tauranga > Waikato Afternoon Run #4,31730,2026-09-08T02:00:00Z,steve@urgent.co.nz
Tauranga > Waikato Morning Run,9196,2026-09-08T02:00:00Z,steve@urgent.co.nz
Tauranga > Waikato Morning Run,31730,2026-09-08T02:00:00Z,steve@urgent.co.nz
Tauranga > Waikato Morning Run #2,36813,2026-09-08T02:00:00Z,steve@urgent.co.nz
Tauranga > Waikato Morning Run #3,32943,2026-09-08T02:00:00Z,steve@urgent.co.nz
Tauranga > Whakatane Run,32186,2026-09-08T02:00:00Z,steve@urgent.co.nz
Tauranga > Whakatane Run,32206,2026-09-08T02:00:00Z,steve@urgent.co.nz
Tauranga > Whakatane Run,32993,2026-09-08T02:00:00Z,steve@urgent.co.nz
Tauranga > Whakatane Run,35321,2026-09-08T02:00:00Z,steve@urgent.co.nz
Tauranga > Whakatane Run #2,32767,2026-09-08T02:00:00Z,steve@urgent.co.nz
Tauranga > Whakatane Run #2,32246,2026-09-08T02:00:00Z,steve@urgent.co.nz
Tauranga Afternoon Cool,33105,2026-09-08T02:00:00Z,steve@urgent.co.nz
Tauranga Chilled,36813,2026-09-08T02:00:00Z,steve@urgent.co.nz
Tauranga Chilled 5am Run,33710,2026-09-08T02:00:00Z,steve@urgent.co.nz
Tauranga Delivery (DBOX),35329,2026-09-08T02:00:00Z,steve@urgent.co.nz
Tauranga Express,33049,2026-09-08T02:00:00Z,steve@urgent.co.nz
Tauranga Express #2,32973,2026-09-08T02:00:00Z,steve@urgent.co.nz
Tauranga Fresh Express,33099,2026-09-08T02:00:00Z,steve@urgent.co.nz
Tauranga Friday Delivery,33098,2026-09-08T02:00:00Z,steve@urgent.co.nz
Tauranga Pallet Delivery,36354,2026-09-08T02:00:00Z,steve@urgent.co.nz
Tauranga Pickup,9673,2026-09-08T02:00:00Z,steve@urgent.co.nz
Tauranga Same day,15521,2026-09-08T02:00:00Z,steve@urgent.co.nz
Tauranga Same Day Run*09:00:00-17:00:00,12671,2026-09-08T02:00:00Z,steve@urgent.co.nz
Tauranga Same Day Run*12:00:00-17:00:00,12671,2026-09-08T02:00:00Z,steve@urgent.co.nz
Tauranga Sunday 12pm - 6pm,32335,2026-09-08T02:00:00Z,steve@urgent.co.nz
Tauranga to Auckland - Afternoon Chilled,34833,2026-09-08T02:00:00Z,steve@urgent.co.nz
Tauranga to Auckland - Morning Chilled,34833,2026-09-08T02:00:00Z,steve@urgent.co.nz
Tauranga Wednesday Delivery,33098,2026-09-08T02:00:00Z,steve@urgent.co.nz
Tauranga Weds Regional,31654,2026-09-08T02:00:00Z,steve@urgent.co.nz
Tauranga Weds Regional,32853,2026-09-08T02:00:00Z,steve@urgent.co.nz
Taurange to Whakatane - Chilled,36717,2026-09-08T02:00:00Z,steve@urgent.co.nz
TEABS Te Awamutu > Hamilton,36476,2026-09-08T02:00:00Z,steve@urgent.co.nz
TEABS Te Awamutu > Outer Waikato,36476,2026-09-08T02:00:00Z,steve@urgent.co.nz
Temp Evening Home,16645,2026-09-08T02:00:00Z,steve@urgent.co.nz
TEST 12-12 Evening Home Auckland,32929,2026-09-08T02:00:00Z,steve@urgent.co.nz
Test  AKL > WRG Pre 8am Medical Run with LH,35774,2026-09-08T02:00:00Z,steve@urgent.co.nz
TEST Auckland Afternoons with Pickup,36266,2026-09-08T02:00:00Z,steve@urgent.co.nz
Test ChevP schedule,32929,2026-09-08T02:00:00Z,steve@urgent.co.nz
TEST DUNEDIN MED,32929,2026-09-08T02:00:00Z,steve@urgent.co.nz
TEST Evening Home Auckland with Pickup,36266,2026-09-08T02:00:00Z,steve@urgent.co.nz
TEST George live RECOA,31735,2026-09-08T02:00:00Z,steve@urgent.co.nz
TEST TRACK,32924,2026-09-08T02:00:00Z,steve@urgent.co.nz
TEST UCLAL Auckland Afternoons,36266,2026-09-08T02:00:00Z,steve@urgent.co.nz
TEST Waikato Inner Pickup,33377,2026-09-08T02:00:00Z,steve@urgent.co.nz
TEST Wellington pre 8am,32929,2026-09-08T02:00:00Z,steve@urgent.co.nz
TGA > WRG Pre 8am Medical Run,36266,2026-09-08T02:00:00Z,steve@urgent.co.nz
TGA CHILLED FRIDAY,32944,2026-09-08T02:00:00Z,steve@urgent.co.nz
TGA Saturday delivery,32779,2026-09-08T02:00:00Z,steve@urgent.co.nz
TGA XMAS HF,17921,2026-09-08T02:00:00Z,steve@urgent.co.nz
Three Hour - Saturday,18245,2026-09-08T02:00:00Z,steve@urgent.co.nz
Thursday 2 Hour Express (11:00am-1:00pm),33096,2026-09-08T02:00:00Z,steve@urgent.co.nz
Thursday 2 Hour Express (1:00-3pm),33096,2026-09-08T02:00:00Z,steve@urgent.co.nz
Thursday 2 Hour Express (9:00-11:00am),33096,2026-09-08T02:00:00Z,steve@urgent.co.nz
Thursday 2 hour express*08:00:00-10:00:00,17732,2026-09-08T02:00:00Z,steve@urgent.co.nz
Thursday 2 hour express*08:00:00-10:00:00x,17732,2026-09-08T02:00:00Z,steve@urgent.co.nz
Thursday 2 hour express*10:00:00-12:00:00,17732,2026-09-08T02:00:00Z,steve@urgent.co.nz
Thursday 2 hour express*10:00:00-12:00:00x,17732,2026-09-08T02:00:00Z,steve@urgent.co.nz
Thursday 2 hour express*13:00:00-15:00:00,17732,2026-09-08T02:00:00Z,steve@urgent.co.nz
Thursday 2 hour express*13:00:00-15:00:00x,17732,2026-09-08T02:00:00Z,steve@urgent.co.nz
Thursday 2 hour express*14:00:00-16:00:00,17732,2026-09-08T02:00:00Z,steve@urgent.co.nz
Thursday 2 hour express*14:00:00-16:00:00x,17732,2026-09-08T02:00:00Z,steve@urgent.co.nz
Thursday Afternoon Bay of Plenty Express,33094,2026-09-08T02:00:00Z,steve@urgent.co.nz
Thursday Afternoon Express,33089,2026-09-08T02:00:00Z,steve@urgent.co.nz
Thursday Afternoon Express,33091,2026-09-08T02:00:00Z,steve@urgent.co.nz
Thursday Afternoon Express #2,32758,2026-09-08T02:00:00Z,steve@urgent.co.nz
Thursday Afternoon Express #3,32822,2026-09-08T02:00:00Z,steve@urgent.co.nz
Thursday Afternoon Express #4,33093,2026-09-08T02:00:00Z,steve@urgent.co.nz
Thursday Afternoon Express #5,33094,2026-09-08T02:00:00Z,steve@urgent.co.nz
Thursday afternoon express delivery,32773,2026-09-08T02:00:00Z,steve@urgent.co.nz
Thursday Afternoon Home,32429,2026-09-08T02:00:00Z,steve@urgent.co.nz
Thursday Afternoon Home #2,18232,2026-09-08T02:00:00Z,steve@urgent.co.nz
Thursday Afternoon Home #3,32799,2026-09-08T02:00:00Z,steve@urgent.co.nz
Thursday Afternoon Home Auckland,34381,2026-09-08T02:00:00Z,steve@urgent.co.nz
Thursday Afternoon Service,32710,2026-09-08T02:00:00Z,steve@urgent.co.nz
Thursday Afternoon Waikato Express,33094,2026-09-08T02:00:00Z,steve@urgent.co.nz
Thursday Afternoon Whangarei Express,33094,2026-09-08T02:00:00Z,steve@urgent.co.nz
Thursday Evening Delivery,32340,2026-09-08T02:00:00Z,steve@urgent.co.nz
Thursday Evening Express,33089,2026-09-08T02:00:00Z,steve@urgent.co.nz
Thursday Evening Express,33091,2026-09-08T02:00:00Z,steve@urgent.co.nz
Thursday Evening Express #2,32758,2026-09-08T02:00:00Z,steve@urgent.co.nz
Thursday Evening Express #3,32822,2026-09-08T02:00:00Z,steve@urgent.co.nz
Thursday Evening Express #4,33094,2026-09-08T02:00:00Z,steve@urgent.co.nz
Thursday Evening Express Delivery,32769,2026-09-08T02:00:00Z,steve@urgent.co.nz
Thursday Evening Home,32429,2026-09-08T02:00:00Z,steve@urgent.co.nz
Thursday Evening Home #2,18232,2026-09-08T02:00:00Z,steve@urgent.co.nz
Thursday Evening Home #3,32799,2026-09-08T02:00:00Z,steve@urgent.co.nz
Thursday Evening Home #4,33727,2026-09-08T02:00:00Z,steve@urgent.co.nz
Thursday Express,33052,2026-09-08T02:00:00Z,steve@urgent.co.nz
Thursday express delivery,32773,2026-09-08T02:00:00Z,steve@urgent.co.nz
Thursday Morning 3 Hour,216,2026-09-08T02:00:00Z,steve@urgent.co.nz
Thursday Morning Express,33089,2026-09-08T02:00:00Z,steve@urgent.co.nz
Thursday Morning Express,33091,2026-09-08T02:00:00Z,steve@urgent.co.nz
Thursday Morning Home Delivery Auckland,18245,2026-09-08T02:00:00Z,steve@urgent.co.nz
Thursday same day delivery,32714,2026-09-08T02:00:00Z,steve@urgent.co.nz
Thursday same-day delivery,32697,2026-09-08T02:00:00Z,steve@urgent.co.nz
TIO - Hamilton - Auckland Afternoon Chilled,36725,2026-09-08T02:00:00Z,steve@urgent.co.nz
TIO - Hamilton - Auckland Morning Chilled,36725,2026-09-08T02:00:00Z,steve@urgent.co.nz
TIO - Hamilton - Tauranga Chilled,36725,2026-09-08T02:00:00Z,steve@urgent.co.nz
TIO - Hamilton Local Chilled,36725,2026-09-08T02:00:00Z,steve@urgent.co.nz
TIO -  Taupo Chilled,36725,2026-09-08T02:00:00Z,steve@urgent.co.nz
TIO - Whangarei Chilled,36725,2026-09-08T02:00:00Z,steve@urgent.co.nz
Tio Mushrooms,36725,2026-09-08T02:00:00Z,steve@urgent.co.nz
TNG Home Delivery,32928,2026-09-08T02:00:00Z,steve@urgent.co.nz
TOBES Auckland Afternoons,33047,2026-09-08T02:00:00Z,steve@urgent.co.nz
TOBES BOP Home Delivery 5am,33047,2026-09-08T02:00:00Z,steve@urgent.co.nz
TOBES Evening Home Auckland,33047,2026-09-08T02:00:00Z,steve@urgent.co.nz
TOBES Napier Afternoons AH,33047,2026-09-08T02:00:00Z,steve@urgent.co.nz
TOBES Palmy Afternoons AH,33047,2026-09-08T02:00:00Z,steve@urgent.co.nz
TOBES TGA Home Delivery 11am,33047,2026-09-08T02:00:00Z,steve@urgent.co.nz
TOBES Waikato Home Delivery 11am,33047,2026-09-08T02:00:00Z,steve@urgent.co.nz
TOBES Wellington Afternoons AH,33047,2026-09-08T02:00:00Z,steve@urgent.co.nz
TOBES Whangarei Home Delivery 5am,33047,2026-09-08T02:00:00Z,steve@urgent.co.nz
Tokyo Foods All Day Frozen*07:00:00-17:00:00,15439,2026-09-08T02:00:00Z,steve@urgent.co.nz
TRG > AKL Day Run,14582,2026-09-08T02:00:00Z,steve@urgent.co.nz
TRG > AKL Day Run,16947,2026-09-08T02:00:00Z,steve@urgent.co.nz
TRG > AKL Day Run,16513,2026-09-08T02:00:00Z,steve@urgent.co.nz
TRG > AKL Day Run,18188,2026-09-08T02:00:00Z,steve@urgent.co.nz
TRG > AKL Day Run,13713,2026-09-08T02:00:00Z,steve@urgent.co.nz
TRG > AKL Day Run,504,2026-09-08T02:00:00Z,steve@urgent.co.nz
TRG > AKL Day Run,9477,2026-09-08T02:00:00Z,steve@urgent.co.nz
TRG > AKL Day Run,14763,2026-09-08T02:00:00Z,steve@urgent.co.nz
TRG > AKL Day Run,18185,2026-09-08T02:00:00Z,steve@urgent.co.nz
TRG > AKL Day Run,3191,2026-09-08T02:00:00Z,steve@urgent.co.nz
TRG > AKL Day Run,13822,2026-09-08T02:00:00Z,steve@urgent.co.nz
TRG > AKL Day Run,35755,2026-09-08T02:00:00Z,steve@urgent.co.nz
TRG > AKL Day Run,169,2026-09-08T02:00:00Z,steve@urgent.co.nz
TRG > AKL Day Run,36672,2026-09-08T02:00:00Z,steve@urgent.co.nz
TRG > AKL Day Run,36739,2026-09-08T02:00:00Z,steve@urgent.co.nz
TRG > AKL Day Run #2,14927,2026-09-08T02:00:00Z,steve@urgent.co.nz
TRG > AKL Day Run #3,14578,2026-09-08T02:00:00Z,steve@urgent.co.nz
TRG > AKL Day Run #4,13773,2026-09-08T02:00:00Z,steve@urgent.co.nz
TRG > AKL Day Run #5,32946,2026-09-08T02:00:00Z,steve@urgent.co.nz
TRG > AKL Next Day Run,14582,2026-09-08T02:00:00Z,steve@urgent.co.nz
TRG > AKL Next Day Run,16947,2026-09-08T02:00:00Z,steve@urgent.co.nz
TRG > AKL Next Day Run,16513,2026-09-08T02:00:00Z,steve@urgent.co.nz
TRG > AKL Next Day Run,18188,2026-09-08T02:00:00Z,steve@urgent.co.nz
TRG > AKL Next Day Run,13713,2026-09-08T02:00:00Z,steve@urgent.co.nz
TRG > AKL Next Day Run,504,2026-09-08T02:00:00Z,steve@urgent.co.nz
TRG > AKL Next Day Run,9477,2026-09-08T02:00:00Z,steve@urgent.co.nz
TRG > AKL Next Day Run,14763,2026-09-08T02:00:00Z,steve@urgent.co.nz
TRG > AKL Next Day Run,18185,2026-09-08T02:00:00Z,steve@urgent.co.nz
TRG > AKL Next Day Run,3191,2026-09-08T02:00:00Z,steve@urgent.co.nz
TRG > AKL Next Day Run,13822,2026-09-08T02:00:00Z,steve@urgent.co.nz
TRG > AKL Next Day Run,35755,2026-09-08T02:00:00Z,steve@urgent.co.nz
TRG > AKL Next Day Run,169,2026-09-08T02:00:00Z,steve@urgent.co.nz
TRG > AKL Next Day Run,36672,2026-09-08T02:00:00Z,steve@urgent.co.nz
TRG > AKL Next Day Run,36739,2026-09-08T02:00:00Z,steve@urgent.co.nz
TRG > AKL Next Day Run #2,14927,2026-09-08T02:00:00Z,steve@urgent.co.nz
TRG > AKL Next Day Run #3,14578,2026-09-08T02:00:00Z,steve@urgent.co.nz
TRG > AKL Next Day Run #4,13773,2026-09-08T02:00:00Z,steve@urgent.co.nz
TRG > AKL Next Day Run #5,32946,2026-09-08T02:00:00Z,steve@urgent.co.nz
Truck Economy,34223,2026-09-08T02:00:00Z,steve@urgent.co.nz
Tuesday 2 Hour Express (11:00am-1pm),33096,2026-09-08T02:00:00Z,steve@urgent.co.nz
Tuesday 2 Hour Express (1:00-3pm),33096,2026-09-08T02:00:00Z,steve@urgent.co.nz
Tuesday 2 hour express*08:00:00-10:00:00,17732,2026-09-08T02:00:00Z,steve@urgent.co.nz
Tuesday 2 hour express*08:00:00-10:00:00x,17732,2026-09-08T02:00:00Z,steve@urgent.co.nz
Tuesday 2 hour express*10:00:00-12:00:00,17732,2026-09-08T02:00:00Z,steve@urgent.co.nz
Tuesday 2 hour express*10:00:00-12:00:00x,17732,2026-09-08T02:00:00Z,steve@urgent.co.nz
Tuesday 2 hour express*13:00:00-15:00:00,17732,2026-09-08T02:00:00Z,steve@urgent.co.nz
Tuesday 2 hour express*13:00:00-15:00:00x,17732,2026-09-08T02:00:00Z,steve@urgent.co.nz
Tuesday 2 hour express*14:00:00-16:00:00,17732,2026-09-08T02:00:00Z,steve@urgent.co.nz
Tuesday 2 hour express*14:00:00-16:00:00x,17732,2026-09-08T02:00:00Z,steve@urgent.co.nz
Tuesday Afternoon Bay of Plenty Express,33094,2026-09-08T02:00:00Z,steve@urgent.co.nz
Tuesday Afternoon Express,33089,2026-09-08T02:00:00Z,steve@urgent.co.nz
Tuesday Afternoon Express,33091,2026-09-08T02:00:00Z,steve@urgent.co.nz
Tuesday Afternoon Express #2,32758,2026-09-08T02:00:00Z,steve@urgent.co.nz
Tuesday Afternoon Express #3,32822,2026-09-08T02:00:00Z,steve@urgent.co.nz
Tuesday Afternoon Express #4,33093,2026-09-08T02:00:00Z,steve@urgent.co.nz
Tuesday Afternoon Express #5,33094,2026-09-08T02:00:00Z,steve@urgent.co.nz
Tuesday afternoon express delivery,32773,2026-09-08T02:00:00Z,steve@urgent.co.nz
Tuesday Afternoon Home,32429,2026-09-08T02:00:00Z,steve@urgent.co.nz
Tuesday Afternoon Home #2,18232,2026-09-08T02:00:00Z,steve@urgent.co.nz
Tuesday Afternoon Home #3,32799,2026-09-08T02:00:00Z,steve@urgent.co.nz
Tuesday Afternoon Home Auckland,34381,2026-09-08T02:00:00Z,steve@urgent.co.nz
Tuesday Afternoon Service,32710,2026-09-08T02:00:00Z,steve@urgent.co.nz
Tuesday Afternoon Waikato Express,33094,2026-09-08T02:00:00Z,steve@urgent.co.nz
Tuesday Afternoon Whangarei Express,33094,2026-09-08T02:00:00Z,steve@urgent.co.nz
Tuesday All Day Home Auckland,14691,2026-09-08T02:00:00Z,steve@urgent.co.nz
Tuesday Evening Express,33089,2026-09-08T02:00:00Z,steve@urgent.co.nz
Tuesday Evening Express,33091,2026-09-08T02:00:00Z,steve@urgent.co.nz
Tuesday Evening Express #2,32758,2026-09-08T02:00:00Z,steve@urgent.co.nz
Tuesday Evening Express #3,32822,2026-09-08T02:00:00Z,steve@urgent.co.nz
Tuesday Evening Express #4,33094,2026-09-08T02:00:00Z,steve@urgent.co.nz
Tuesday Evening Home,32429,2026-09-08T02:00:00Z,steve@urgent.co.nz
Tuesday Evening Home #2,18232,2026-09-08T02:00:00Z,steve@urgent.co.nz
Tuesday Evening Home #3,32799,2026-09-08T02:00:00Z,steve@urgent.co.nz
Tuesday express delivery,32773,2026-09-08T02:00:00Z,steve@urgent.co.nz
Tuesday Morning 3 Hour,216,2026-09-08T02:00:00Z,steve@urgent.co.nz
Tuesday Morning Express,33089,2026-09-08T02:00:00Z,steve@urgent.co.nz
Tuesday Morning Express,33091,2026-09-08T02:00:00Z,steve@urgent.co.nz
Tuesday RHD Hamilton,14691,2026-09-08T02:00:00Z,steve@urgent.co.nz
Tuesday RHD Tauranga,14691,2026-09-08T02:00:00Z,steve@urgent.co.nz
Tuesday RHD Whangarei,14691,2026-09-08T02:00:00Z,steve@urgent.co.nz
Tuesday same day delivery,32714,2026-09-08T02:00:00Z,steve@urgent.co.nz
Tuesday same-day delivery,32697,2026-09-08T02:00:00Z,steve@urgent.co.nz
Turners & Growers > BOP Regional Home Delivery 5am,9442,2026-09-08T02:00:00Z,steve@urgent.co.nz
Two Hour Express*08:00:00-10:00:00,14691,2026-09-08T02:00:00Z,steve@urgent.co.nz
Two Hour Express*09:00:00-11:00:00,14691,2026-09-08T02:00:00Z,steve@urgent.co.nz
Two Hour Express*11:00:00-13:00:00,14691,2026-09-08T02:00:00Z,steve@urgent.co.nz
Two Hour Express*13:00:00-15:00:00,14691,2026-09-08T02:00:00Z,steve@urgent.co.nz
Two Hour Express*15:00:00-18:00:00,14691,2026-09-08T02:00:00Z,steve@urgent.co.nz
TWR Auckland > Hamilton Express  1pm - 5pm,32584,2026-09-08T02:00:00Z,steve@urgent.co.nz
TWR Auckland > Taupo (Mon),32584,2026-09-08T02:00:00Z,steve@urgent.co.nz
TWR Auckland > Taupo (Wed & Fri),32584,2026-09-08T02:00:00Z,steve@urgent.co.nz
TWR Auckland > Tauranga Express 10am-5pm,32584,2026-09-08T02:00:00Z,steve@urgent.co.nz
TWR Auckland > Whangarei,32584,2026-09-08T02:00:00Z,steve@urgent.co.nz
TWR Auckland Afternoon Delivery 12pm - 5pm,32584,2026-09-08T02:00:00Z,steve@urgent.co.nz
TWR Auckland Evening Delivery 6pm - 9pm,32584,2026-09-08T02:00:00Z,steve@urgent.co.nz
TWR Auckland Mothers Day 8am - 1pm,32584,2026-09-08T02:00:00Z,steve@urgent.co.nz
TWR Auckland Sunday 12pm - 6pm,32584,2026-09-08T02:00:00Z,steve@urgent.co.nz
TWR Auckland Valentines 8am - 2pm,32584,2026-09-08T02:00:00Z,steve@urgent.co.nz
UCLRX - Christchurch Afternoon Home,32359,2026-09-08T02:00:00Z,steve@urgent.co.nz
Urgent 2-hour delivery*08:00:00-10:00:00,32907,2026-09-08T02:00:00Z,steve@urgent.co.nz
Urgent 2-hour delivery*09:00:00-11:00:00,32907,2026-09-08T02:00:00Z,steve@urgent.co.nz
Urgent 2-hour delivery*10:00:00-12:00:00,32907,2026-09-08T02:00:00Z,steve@urgent.co.nz
Urgent 2-hour delivery*11:00:00-13:00:00,32907,2026-09-08T02:00:00Z,steve@urgent.co.nz
Urgent 2-hour delivery*12:00:00-14:00:00,32907,2026-09-08T02:00:00Z,steve@urgent.co.nz
Urgent 2-hour delivery*13:00:00-15:00:00,32907,2026-09-08T02:00:00Z,steve@urgent.co.nz
Urgent 2-hour delivery*14:00:00-16:00:00,32907,2026-09-08T02:00:00Z,steve@urgent.co.nz
Urgent 2-hour delivery*15:00:00-17:00:00,32907,2026-09-08T02:00:00Z,steve@urgent.co.nz
Urgent 90 mins,32907,2026-09-08T02:00:00Z,steve@urgent.co.nz
Urgent Cool - Tauranga Chilled,33149,2026-09-08T02:00:00Z,steve@urgent.co.nz
Urgent Cool - Tauranga Chilled Pallet,32675,2026-09-08T02:00:00Z,steve@urgent.co.nz
Urgent Cool Tauranga > Return Trays,32675,2026-09-08T02:00:00Z,steve@urgent.co.nz
Urgent Direct Delivery 9am,32584,2026-09-08T02:00:00Z,steve@urgent.co.nz
Urgent Economy 1pm - 5pm,16627,2026-09-08T02:00:00Z,steve@urgent.co.nz
Urgent Economy 9am - 1pm,16627,2026-09-08T02:00:00Z,steve@urgent.co.nz
Urgent Economy*08:00:00-12:00:00,32907,2026-09-08T02:00:00Z,steve@urgent.co.nz
Urgent Economy*13:00:00-17:00:00,32907,2026-09-08T02:00:00Z,steve@urgent.co.nz
Urgent Evening Delivery,32999,2026-09-08T02:00:00Z,steve@urgent.co.nz
Urgent Express Delivery 10am,32584,2026-09-08T02:00:00Z,steve@urgent.co.nz
Urgent Express Delivery 10am,32893,2026-09-08T02:00:00Z,steve@urgent.co.nz
Urgent Express Delivery 10am,32896,2026-09-08T02:00:00Z,steve@urgent.co.nz
Urgent Express Delivery 10am,32335,2026-09-08T02:00:00Z,steve@urgent.co.nz
Urgent Express Delivery 11am,32584,2026-09-08T02:00:00Z,steve@urgent.co.nz
Urgent Express Delivery 11am,32893,2026-09-08T02:00:00Z,steve@urgent.co.nz
Urgent Express Delivery 11am,32896,2026-09-08T02:00:00Z,steve@urgent.co.nz
Urgent Express Delivery 11am,32335,2026-09-08T02:00:00Z,steve@urgent.co.nz
Urgent Express Delivery 12pm,32896,2026-09-08T02:00:00Z,steve@urgent.co.nz
Urgent Express Delivery 12pm,32335,2026-09-08T02:00:00Z,steve@urgent.co.nz
Urgent Express Delivery 12pm #2,32584,2026-09-08T02:00:00Z,steve@urgent.co.nz
Urgent Express Delivery 12pm #3,32893,2026-09-08T02:00:00Z,steve@urgent.co.nz
Urgent Express Delivery 1pm,32584,2026-09-08T02:00:00Z,steve@urgent.co.nz
Urgent Express Delivery 1pm,32893,2026-09-08T02:00:00Z,steve@urgent.co.nz
Urgent Express Delivery 1pm,32896,2026-09-08T02:00:00Z,steve@urgent.co.nz
Urgent Express Delivery 1pm,32335,2026-09-08T02:00:00Z,steve@urgent.co.nz
Urgent Express Delivery 2pm,32584,2026-09-08T02:00:00Z,steve@urgent.co.nz
Urgent Express Delivery 2pm,32893,2026-09-08T02:00:00Z,steve@urgent.co.nz
Urgent Express Delivery 2pm,32896,2026-09-08T02:00:00Z,steve@urgent.co.nz
Urgent Express Delivery 2pm,32335,2026-09-08T02:00:00Z,steve@urgent.co.nz
Urgent Express Delivery 3pm,32584,2026-09-08T02:00:00Z,steve@urgent.co.nz
Urgent Express Delivery 3pm,32893,2026-09-08T02:00:00Z,steve@urgent.co.nz
Urgent Express Delivery 3pm,32896,2026-09-08T02:00:00Z,steve@urgent.co.nz
Urgent Express Delivery 3pm,32335,2026-09-08T02:00:00Z,steve@urgent.co.nz
Urgent Express Delivery 9am,32584,2026-09-08T02:00:00Z,steve@urgent.co.nz
Urgent Express Delivery 9am,32893,2026-09-08T02:00:00Z,steve@urgent.co.nz
Urgent Express Delivery 9am #2,32896,2026-09-08T02:00:00Z,steve@urgent.co.nz
Urgent Express Delivery 9am #3,32335,2026-09-08T02:00:00Z,steve@urgent.co.nz
Urgent Service – Residential BOP Service,32709,2026-09-08T02:00:00Z,steve@urgent.co.nz
Urgent Service – Residential Evening Service,32709,2026-09-08T02:00:00Z,steve@urgent.co.nz
Urgent Service – Residential Waikato Service,32709,2026-09-08T02:00:00Z,steve@urgent.co.nz
Urgent Services,33052,2026-09-08T02:00:00Z,steve@urgent.co.nz
Urgent two hour direct delivery service*10:00:00-12:00:00,32822,2026-09-08T02:00:00Z,steve@urgent.co.nz
Urgent two hour direct delivery service*12:00:00-14:00:00,32822,2026-09-08T02:00:00Z,steve@urgent.co.nz
Urgent two hour direct delivery service*14:00:00-16:00:00,32822,2026-09-08T02:00:00Z,steve@urgent.co.nz
Valentines day,13018,2026-09-08T02:00:00Z,steve@urgent.co.nz
Value Tyres Tauranga > Whakatane Run,32170,2026-09-08T02:00:00Z,steve@urgent.co.nz
Value Tyres Tauranga > Whakatane Run #2,35440,2026-09-08T02:00:00Z,steve@urgent.co.nz
VDAY MORNING,17791,2026-09-08T02:00:00Z,steve@urgent.co.nz
VDAY MORNING #2,17869,2026-09-08T02:00:00Z,steve@urgent.co.nz
Vegan Treatery All Day Frozen*07:00:00-17:00:00,18022,2026-09-08T02:00:00Z,steve@urgent.co.nz
Virbac AKL Morning Chilled - Cartons,5023,2026-09-08T02:00:00Z,steve@urgent.co.nz
Virbac AKL Morning Chilled - Full Pallet,5023,2026-09-08T02:00:00Z,steve@urgent.co.nz
Virbac AKL Morning Chilled - Half Pallet,5023,2026-09-08T02:00:00Z,steve@urgent.co.nz
Virbac Auckland Afternoon Chilled,5023,2026-09-08T02:00:00Z,steve@urgent.co.nz
Virbac Collection Hamilton > Auckland 4-6pm,5023,2026-09-08T02:00:00Z,steve@urgent.co.nz
Virbac Hamilton Chilled - Cartons,5023,2026-09-08T02:00:00Z,steve@urgent.co.nz
Virbac Tauranga Chilled,5023,2026-09-08T02:00:00Z,steve@urgent.co.nz
Virbac: AKL > CHC Carton & Half Pallet,5023,2026-09-08T02:00:00Z,steve@urgent.co.nz
Virbac: AKL > CHC Full Pallet,5023,2026-09-08T02:00:00Z,steve@urgent.co.nz
Virbac: AKL > PNR Carton & Half Pallet,5023,2026-09-08T02:00:00Z,steve@urgent.co.nz
Virbac: AKL > PNR Full Pallet,5023,2026-09-08T02:00:00Z,steve@urgent.co.nz
Virbac: AKL > Timaru Cartons & Half Pallet,5023,2026-09-08T02:00:00Z,steve@urgent.co.nz
Virbac: AKL > Timaru Full Pallet,5023,2026-09-08T02:00:00Z,steve@urgent.co.nz
Volare Tauranga Regional Home,31362,2026-09-08T02:00:00Z,steve@urgent.co.nz
Volare Waikato Regional Home,31362,2026-09-08T02:00:00Z,steve@urgent.co.nz
Waiheke,14691,2026-09-08T02:00:00Z,steve@urgent.co.nz
Waiheke - Urgent Delivery,17951,2026-09-08T02:00:00Z,steve@urgent.co.nz
Waiheke Baggage Delivery,12764,2026-09-08T02:00:00Z,steve@urgent.co.nz
Waiheke Next Day - Book by 830pm | Arrives,16166,2026-09-08T02:00:00Z,steve@urgent.co.nz
Waiheke Same Day - Book by 930am | Arrives,16166,2026-09-08T02:00:00Z,steve@urgent.co.nz
Waikato - Urgent Delivery,17951,2026-09-08T02:00:00Z,steve@urgent.co.nz
Waikato > Auckland Express 4pm-6pm,31932,2026-09-08T02:00:00Z,steve@urgent.co.nz
Waikato > Cambridge Afternoon,31952,2026-09-08T02:00:00Z,steve@urgent.co.nz
Waikato > Cambridge Morning,31952,2026-09-08T02:00:00Z,steve@urgent.co.nz
Waikato > Tauranga afternoon,9196,2026-09-08T02:00:00Z,steve@urgent.co.nz
Waikato > Tauranga afternoon,36813,2026-09-08T02:00:00Z,steve@urgent.co.nz
Waikato Delivery (DBOX),35329,2026-09-08T02:00:00Z,steve@urgent.co.nz
Waikato Delivery From AQ,9673,2026-09-08T02:00:00Z,steve@urgent.co.nz
Waikato Express,32973,2026-09-08T02:00:00Z,steve@urgent.co.nz
Waikato Express Service,18232,2026-09-08T02:00:00Z,steve@urgent.co.nz
Waikato Fresh Express,33099,2026-09-08T02:00:00Z,steve@urgent.co.nz
Waikato Home Delivery 5am,15744,2026-09-08T02:00:00Z,steve@urgent.co.nz
Waikato Inner Pickup,9673,2026-09-08T02:00:00Z,steve@urgent.co.nz
Waikato Local & Outer > BOP,9196,2026-09-08T02:00:00Z,steve@urgent.co.nz
Waikato Local & Outer > BOP,36813,2026-09-08T02:00:00Z,steve@urgent.co.nz
Waikato Local > Auckland Express 11am-1pm,36813,2026-09-08T02:00:00Z,steve@urgent.co.nz
Waikato Local > Auckland Express 11am-1pm #2,31504,2026-09-08T02:00:00Z,steve@urgent.co.nz
Waikato Local > Auckland Express 4pm-6pm #2,36813,2026-09-08T02:00:00Z,steve@urgent.co.nz
Waikato Outer - Hamilton Afternoon,35338,2026-09-08T02:00:00Z,steve@urgent.co.nz
Waikato Outer - Hamilton Afternoon #2,36813,2026-09-08T02:00:00Z,steve@urgent.co.nz
Waikato Outer - Morning,36813,2026-09-08T02:00:00Z,steve@urgent.co.nz
Waikato Outer - Morning #2,31492,2026-09-08T02:00:00Z,steve@urgent.co.nz
Waikato Outer - Taupo,36813,2026-09-08T02:00:00Z,steve@urgent.co.nz
Waikato Outer > Auckland Express 11am-1pm #2,36813,2026-09-08T02:00:00Z,steve@urgent.co.nz
Waikato Outer > Auckland Express 11am-1pm #3,34981,2026-09-08T02:00:00Z,steve@urgent.co.nz
Waikato Outer > Auckland Express 4pm-6pm #2,36813,2026-09-08T02:00:00Z,steve@urgent.co.nz
Waikato Outer > Auckland Express 4pm-6pm #3,34981,2026-09-08T02:00:00Z,steve@urgent.co.nz
Waikato Outer > Hamilton,31492,2026-09-08T02:00:00Z,steve@urgent.co.nz
"Waikato Outer > Taupo, Tokoroa, Putaruru",31492,2026-09-08T02:00:00Z,steve@urgent.co.nz
Waikato Outer Pickup,9673,2026-09-08T02:00:00Z,steve@urgent.co.nz
Waikato Pallets Ex UCL depot,32896,2026-09-08T02:00:00Z,steve@urgent.co.nz
WedHFAK,32374,2026-09-08T02:00:00Z,steve@urgent.co.nz
Wednesday 2 Hour Express (11:00am-1:00pm),33096,2026-09-08T02:00:00Z,steve@urgent.co.nz
Wednesday 2 Hour Express (1:00-3pm),33096,2026-09-08T02:00:00Z,steve@urgent.co.nz
Wednesday 2 Hour Express (9:00-11:00am),33096,2026-09-08T02:00:00Z,steve@urgent.co.nz
Wednesday 2 hour express*08:00:00-10:00:00,17732,2026-09-08T02:00:00Z,steve@urgent.co.nz
Wednesday 2 hour express*08:00:00-10:00:00x,17732,2026-09-08T02:00:00Z,steve@urgent.co.nz
Wednesday 2 hour express*10:00:00-12:00:00,17732,2026-09-08T02:00:00Z,steve@urgent.co.nz
Wednesday 2 hour express*10:00:00-12:00:00x,17732,2026-09-08T02:00:00Z,steve@urgent.co.nz
Wednesday 2 hour express*13:00:00-15:00:00,17732,2026-09-08T02:00:00Z,steve@urgent.co.nz
Wednesday 2 hour express*13:00:00-15:00:00x,17732,2026-09-08T02:00:00Z,steve@urgent.co.nz
Wednesday 2 hour express*14:00:00-16:00:00,17732,2026-09-08T02:00:00Z,steve@urgent.co.nz
Wednesday 2 hour express*14:00:00-16:00:00x,17732,2026-09-08T02:00:00Z,steve@urgent.co.nz
Wednesday Afternoon Bay of Plenty Express,33094,2026-09-08T02:00:00Z,steve@urgent.co.nz
Wednesday Afternoon Delivery,33055,2026-09-08T02:00:00Z,steve@urgent.co.nz
Wednesday Afternoon Express,33089,2026-09-08T02:00:00Z,steve@urgent.co.nz
Wednesday Afternoon Express,33091,2026-09-08T02:00:00Z,steve@urgent.co.nz
Wednesday Afternoon Express #2,32758,2026-09-08T02:00:00Z,steve@urgent.co.nz
Wednesday Afternoon Express #3,32822,2026-09-08T02:00:00Z,steve@urgent.co.nz
Wednesday Afternoon Express #4,33093,2026-09-08T02:00:00Z,steve@urgent.co.nz
Wednesday Afternoon Express #5,33094,2026-09-08T02:00:00Z,steve@urgent.co.nz
Wednesday afternoon express delivery,32773,2026-09-08T02:00:00Z,steve@urgent.co.nz
Wednesday Afternoon Home,32429,2026-09-08T02:00:00Z,steve@urgent.co.nz
Wednesday Afternoon Home #2,18232,2026-09-08T02:00:00Z,steve@urgent.co.nz
Wednesday Afternoon Home #3,32738,2026-09-08T02:00:00Z,steve@urgent.co.nz
Wednesday Afternoon Home #4,32799,2026-09-08T02:00:00Z,steve@urgent.co.nz
Wednesday Afternoon Home Auckland,34381,2026-09-08T02:00:00Z,steve@urgent.co.nz
Wednesday Afternoon Service,32710,2026-09-08T02:00:00Z,steve@urgent.co.nz
Wednesday Afternoon Waikato Express,33094,2026-09-08T02:00:00Z,steve@urgent.co.nz
Wednesday Afternoon Whangarei Express,33094,2026-09-08T02:00:00Z,steve@urgent.co.nz
Wednesday Evening Express,33089,2026-09-08T02:00:00Z,steve@urgent.co.nz
Wednesday Evening Express,33091,2026-09-08T02:00:00Z,steve@urgent.co.nz
Wednesday Evening Express #2,32758,2026-09-08T02:00:00Z,steve@urgent.co.nz
Wednesday Evening Express #3,32822,2026-09-08T02:00:00Z,steve@urgent.co.nz
Wednesday Evening Express #4,33094,2026-09-08T02:00:00Z,steve@urgent.co.nz
Wednesday Evening Home,32429,2026-09-08T02:00:00Z,steve@urgent.co.nz
Wednesday Evening Home #2,18232,2026-09-08T02:00:00Z,steve@urgent.co.nz
Wednesday Evening Home #3,32770,2026-09-08T02:00:00Z,steve@urgent.co.nz
Wednesday Evening Home #4,32799,2026-09-08T02:00:00Z,steve@urgent.co.nz
Wednesday express delivery,32773,2026-09-08T02:00:00Z,steve@urgent.co.nz
Wednesday HF Hamilton,17921,2026-09-08T02:00:00Z,steve@urgent.co.nz
Wednesday HF Napier,17921,2026-09-08T02:00:00Z,steve@urgent.co.nz
Wednesday HF Palmerston North,17921,2026-09-08T02:00:00Z,steve@urgent.co.nz
Wednesday Home Delivery,33149,2026-09-08T02:00:00Z,steve@urgent.co.nz
Wednesday Morning 3 Hour,216,2026-09-08T02:00:00Z,steve@urgent.co.nz
Wednesday Morning Express,33089,2026-09-08T02:00:00Z,steve@urgent.co.nz
Wednesday Morning Express,33091,2026-09-08T02:00:00Z,steve@urgent.co.nz
Wednesday same day delivery,32714,2026-09-08T02:00:00Z,steve@urgent.co.nz
Wednesday same-day delivery,32697,2026-09-08T02:00:00Z,steve@urgent.co.nz
Weekday 2 Hour Express (1:00-3pm),36048,2026-09-08T02:00:00Z,steve@urgent.co.nz
Weekday 2 Hour Express (9:00-11:00am),36048,2026-09-08T02:00:00Z,steve@urgent.co.nz
Wellington > Akl Returns,15910,2026-09-08T02:00:00Z,steve@urgent.co.nz
Wellington Afternoon Home,684,2026-09-08T02:00:00Z,steve@urgent.co.nz
Wellington Afternoon Home - Friday,34589,2026-09-08T02:00:00Z,steve@urgent.co.nz
Wellington Afternoon Home - Monday,34589,2026-09-08T02:00:00Z,steve@urgent.co.nz
Wellington Afternoon Home - Thursday,34589,2026-09-08T02:00:00Z,steve@urgent.co.nz
Wellington Afternoon Home - Tuesday,34589,2026-09-08T02:00:00Z,steve@urgent.co.nz
Wellington Afternoon Home - Wednesday,34589,2026-09-08T02:00:00Z,steve@urgent.co.nz
Wellington Afternoons AH #2,16298,2026-09-08T02:00:00Z,steve@urgent.co.nz
Wellington Afternoons AH #3,36266,2026-09-08T02:00:00Z,steve@urgent.co.nz
Wellington Chilled,33710,2026-09-08T02:00:00Z,steve@urgent.co.nz
Wellington Chilled #2,35221,2026-09-08T02:00:00Z,steve@urgent.co.nz
Wellington Pallet,35221,2026-09-08T02:00:00Z,steve@urgent.co.nz
Wellington Pallet Delivery,36354,2026-09-08T02:00:00Z,steve@urgent.co.nz
Wellington Saturday,33063,2026-09-08T02:00:00Z,steve@urgent.co.nz
Wellington Schedules,1088,2026-09-08T02:00:00Z,steve@urgent.co.nz
Wellington Schedules,36266,2026-09-08T02:00:00Z,steve@urgent.co.nz
Wellington Sunday,33063,2026-09-08T02:00:00Z,steve@urgent.co.nz
Wellington Sunday 12pm - 6pm,32335,2026-09-08T02:00:00Z,steve@urgent.co.nz
wellington sunday evening,12764,2026-09-08T02:00:00Z,steve@urgent.co.nz
WFHA,32812,2026-09-08T02:00:00Z,steve@urgent.co.nz
WGT Afternoon,35330,2026-09-08T02:00:00Z,steve@urgent.co.nz
WGT TO AKL - Auckland Afternoon Chilled,36127,2026-09-08T02:00:00Z,steve@urgent.co.nz
WGT TO AKL - Auckland Morning Chilled,36127,2026-09-08T02:00:00Z,steve@urgent.co.nz
Whakatane 12pm > AKL Next Day Run,33103,2026-09-08T02:00:00Z,steve@urgent.co.nz
Whakatane 9am > AKL Next Day Run,33103,2026-09-08T02:00:00Z,steve@urgent.co.nz
Whakatane  > TRG Return Run,32934,2026-09-08T02:00:00Z,steve@urgent.co.nz
Whanagrei/Mangawhai Half Pallet Booking,15581,2026-09-08T02:00:00Z,steve@urgent.co.nz
Whangarei - Same Day,32944,2026-09-08T02:00:00Z,steve@urgent.co.nz
Whangarei 10am > AKL Next Day Run,33103,2026-09-08T02:00:00Z,steve@urgent.co.nz
Whangarei 12pm > AKL Next Day Run,33103,2026-09-08T02:00:00Z,steve@urgent.co.nz
Whangarei Regional Home Delivery,32530,2026-09-08T02:00:00Z,steve@urgent.co.nz
Whangarei Same day,15521,2026-09-08T02:00:00Z,steve@urgent.co.nz
Whangarei Sunday,32530,2026-09-08T02:00:00Z,steve@urgent.co.nz
WHFP Waikato Outer - Morning,32086,2026-09-08T02:00:00Z,steve@urgent.co.nz
WHFP Waikato Outer > Auckland Express 11am-1pm,32086,2026-09-08T02:00:00Z,steve@urgent.co.nz
WHFP Waikato Outer > Auckland Express 4pm-6pm,32086,2026-09-08T02:00:00Z,steve@urgent.co.nz
WHFP Waikato Outer > BOP,32086,2026-09-08T02:00:00Z,steve@urgent.co.nz
WHFP Waikato Outer > Hamilton Afternoon,32086,2026-09-08T02:00:00Z,steve@urgent.co.nz
WHK > AKL Next Day Run,14582,2026-09-08T02:00:00Z,steve@urgent.co.nz
WHK > AKL Next Day Run,16947,2026-09-08T02:00:00Z,steve@urgent.co.nz
WHK > AKL Next Day Run,16513,2026-09-08T02:00:00Z,steve@urgent.co.nz
WHK > AKL Next Day Run,18188,2026-09-08T02:00:00Z,steve@urgent.co.nz
WHK > AKL Next Day Run,13713,2026-09-08T02:00:00Z,steve@urgent.co.nz
WHK > AKL Next Day Run,504,2026-09-08T02:00:00Z,steve@urgent.co.nz
WHK > AKL Next Day Run,14578,2026-09-08T02:00:00Z,steve@urgent.co.nz
WHK > AKL Next Day Run,9477,2026-09-08T02:00:00Z,steve@urgent.co.nz
WHK > AKL Next Day Run,14763,2026-09-08T02:00:00Z,steve@urgent.co.nz
WHK > AKL Next Day Run,18185,2026-09-08T02:00:00Z,steve@urgent.co.nz
WHK > AKL Next Day Run,3191,2026-09-08T02:00:00Z,steve@urgent.co.nz
WHK > AKL Next Day Run,13822,2026-09-08T02:00:00Z,steve@urgent.co.nz
WHK > AKL Next Day Run,13773,2026-09-08T02:00:00Z,steve@urgent.co.nz
WHK > AKL Next Day Run,35755,2026-09-08T02:00:00Z,steve@urgent.co.nz
WHK > AKL Next Day Run,169,2026-09-08T02:00:00Z,steve@urgent.co.nz
WHK > AKL Next Day Run,36672,2026-09-08T02:00:00Z,steve@urgent.co.nz
WHK > AKL Next Day Run #2,14927,2026-09-08T02:00:00Z,steve@urgent.co.nz
WHK > AKL Next Day Run #3,36739,2026-09-08T02:00:00Z,steve@urgent.co.nz
WHK > AKL Next Day Run #4,32946,2026-09-08T02:00:00Z,steve@urgent.co.nz
Wild Flour Tauranga - Auckland Afternoon Chilled,32490,2026-09-08T02:00:00Z,steve@urgent.co.nz
Wild Flour Tauranga - Auckland Morning Chilled,32490,2026-09-08T02:00:00Z,steve@urgent.co.nz
Wild Flour Tauranga - Auckland Morning Chilled,36266,2026-09-08T02:00:00Z,steve@urgent.co.nz
Wild Flour Tauranga - Hamilton Chilled,32490,2026-09-08T02:00:00Z,steve@urgent.co.nz
WLG > Akl Medical Returns,35773,2026-09-08T02:00:00Z,steve@urgent.co.nz
WLG > Napier,16730,2026-09-08T02:00:00Z,steve@urgent.co.nz
WLG > Napier,35642,2026-09-08T02:00:00Z,steve@urgent.co.nz
WLG > Napier,17326,2026-09-08T02:00:00Z,steve@urgent.co.nz
WLG > Napier,16166,2026-09-08T02:00:00Z,steve@urgent.co.nz
WLG > Palmerston North,35642,2026-09-08T02:00:00Z,steve@urgent.co.nz
WLG > Palmerston North,17326,2026-09-08T02:00:00Z,steve@urgent.co.nz
WLG > Palmerston North,16166,2026-09-08T02:00:00Z,steve@urgent.co.nz
WLG > Palmerston North #2,16730,2026-09-08T02:00:00Z,steve@urgent.co.nz
WLG > Whanganui (G&B),16730,2026-09-08T02:00:00Z,steve@urgent.co.nz
WLG > Whanganui (G&B),35642,2026-09-08T02:00:00Z,steve@urgent.co.nz
WLG > Whanganui (G&B),17326,2026-09-08T02:00:00Z,steve@urgent.co.nz
WLG > Whanganui (G&B),16166,2026-09-08T02:00:00Z,steve@urgent.co.nz
WLG > Whanganui (QC),16730,2026-09-08T02:00:00Z,steve@urgent.co.nz
WLG > Whanganui (QC),35642,2026-09-08T02:00:00Z,steve@urgent.co.nz
WLG > Whanganui (QC),16166,2026-09-08T02:00:00Z,steve@urgent.co.nz
WLG > Whanganui (QC) #2,17326,2026-09-08T02:00:00Z,steve@urgent.co.nz
WLG Mon PH,17534,2026-09-08T02:00:00Z,steve@urgent.co.nz
Wlg Saturday delivery,32779,2026-09-08T02:00:00Z,steve@urgent.co.nz
WLG XMAS HF,17921,2026-09-08T02:00:00Z,steve@urgent.co.nz
Woop Auckland 12pm - 6pm,16867,2026-09-08T02:00:00Z,steve@urgent.co.nz
WOOP BBQ box Akl,16867,2026-09-08T02:00:00Z,steve@urgent.co.nz
Woop BBQ box Ham,16867,2026-09-08T02:00:00Z,steve@urgent.co.nz
Woop BBQ box Tga,16867,2026-09-08T02:00:00Z,steve@urgent.co.nz
Woop Christchurch 12pm - 6pm,16867,2026-09-08T02:00:00Z,steve@urgent.co.nz
Woop Christchurch 2pm - 8pm,18005,2026-09-08T02:00:00Z,steve@urgent.co.nz
Woop Christchurch Xmas,18005,2026-09-08T02:00:00Z,steve@urgent.co.nz
Woop Dunedin Xmas,34155,2026-09-08T02:00:00Z,steve@urgent.co.nz
Woop Evening Home Auckland,16867,2026-09-08T02:00:00Z,steve@urgent.co.nz
Woop Ham Xmas,17535,2026-09-08T02:00:00Z,steve@urgent.co.nz
Woop Hamilton 12pm - 6pm,16867,2026-09-08T02:00:00Z,steve@urgent.co.nz
Woop Hamilton 2pm - 8pm,17535,2026-09-08T02:00:00Z,steve@urgent.co.nz
Woop Hamilton Regional Runs Ex Urgent,16867,2026-09-08T02:00:00Z,steve@urgent.co.nz
Woop Mon/Tue Waiheke,16867,2026-09-08T02:00:00Z,steve@urgent.co.nz
WOOP Mon/Tues Afternoon Delivery,16867,2026-09-08T02:00:00Z,steve@urgent.co.nz
WOOP Monday Dunedin 12-6pm,16867,2026-09-08T02:00:00Z,steve@urgent.co.nz
Woop Napier 12pm - 6pm,16867,2026-09-08T02:00:00Z,steve@urgent.co.nz
Woop Napier 2pm - 8pm,18137,2026-09-08T02:00:00Z,steve@urgent.co.nz
Woop Napier Xmas,18137,2026-09-08T02:00:00Z,steve@urgent.co.nz
Woop Napier Xmas #2,17534,2026-09-08T02:00:00Z,steve@urgent.co.nz
Woop Palmy 12pm - 6pm,16867,2026-09-08T02:00:00Z,steve@urgent.co.nz
Woop Palmy 2pm - 8pm,17815,2026-09-08T02:00:00Z,steve@urgent.co.nz
Woop PN Xmas,17815,2026-09-08T02:00:00Z,steve@urgent.co.nz
Woop PN Xmas #2,17534,2026-09-08T02:00:00Z,steve@urgent.co.nz
Woop Public Holiday Auckland,16867,2026-09-08T02:00:00Z,steve@urgent.co.nz
Woop Tauranga 12pm - 6pm,16867,2026-09-08T02:00:00Z,steve@urgent.co.nz
Woop Tauranga 2pm - 8pm,17535,2026-09-08T02:00:00Z,steve@urgent.co.nz
Woop Tga Xmas,17535,2026-09-08T02:00:00Z,steve@urgent.co.nz
Woop Tga Xmas #2,17534,2026-09-08T02:00:00Z,steve@urgent.co.nz
Woop Warkworth/Whangarei,16867,2026-09-08T02:00:00Z,steve@urgent.co.nz
Woop Wellington  12pm - 6pm,16867,2026-09-08T02:00:00Z,steve@urgent.co.nz
Woop Wellington 2pm - 8pm,17534,2026-09-08T02:00:00Z,steve@urgent.co.nz
Woop Wellington 2pm - 8pm 1,17534,2026-09-08T02:00:00Z,steve@urgent.co.nz
WOOP Wellington AH,16867,2026-09-08T02:00:00Z,steve@urgent.co.nz
Woop Wellington Xmas,17534,2026-09-08T02:00:00Z,steve@urgent.co.nz
Woop WLG Monday AM/Public Holiday,16867,2026-09-08T02:00:00Z,steve@urgent.co.nz
Woop WLG Tues,17534,2026-09-08T02:00:00Z,steve@urgent.co.nz
Worco Waikato Outer > Auckland 4pm-6pm,1088,2026-09-08T02:00:00Z,steve@urgent.co.nz
Worco Whanganui > Akl Returns,1088,2026-09-08T02:00:00Z,steve@urgent.co.nz
WorldFront 1-6pm - Waikato Same Day,36919,2026-09-08T02:00:00Z,steve@urgent.co.nz
WorldFront 10am-5pm - Wellington Afternoons,36919,2026-09-08T02:00:00Z,steve@urgent.co.nz
WorldFront 12-5pm - Auckland Afternoons,36919,2026-09-08T02:00:00Z,steve@urgent.co.nz
WorldFront 12-5pm - Napier Afternoons,36919,2026-09-08T02:00:00Z,steve@urgent.co.nz
WorldFront 12-5pm - Palmy Afternoons,36919,2026-09-08T02:00:00Z,steve@urgent.co.nz
WorldFront 1pm - 6pm - Same Day Bay of Plenty,36919,2026-09-08T02:00:00Z,steve@urgent.co.nz
WorldFront 6-9pm - Evening Home Service,36919,2026-09-08T02:00:00Z,steve@urgent.co.nz
WorldFront 7am-12pm - Bay of Plenty Overnight,36919,2026-09-08T02:00:00Z,steve@urgent.co.nz
WorldFront 7am-12pm - Waikato Overnight,36919,2026-09-08T02:00:00Z,steve@urgent.co.nz
WorldFront 7am-12pm - Whangarei Overnight,36919,2026-09-08T02:00:00Z,steve@urgent.co.nz
WRE Regional Home Delivery 5am #2,17827,2026-09-08T02:00:00Z,steve@urgent.co.nz
WRE Regional Home Delivery 5am #3,16298,2026-09-08T02:00:00Z,steve@urgent.co.nz
WRE RHD (ex TGA),33745,2026-09-08T02:00:00Z,steve@urgent.co.nz
WRE XMAS HF,17921,2026-09-08T02:00:00Z,steve@urgent.co.nz
WRG > AKL Day Run,14582,2026-09-08T02:00:00Z,steve@urgent.co.nz
WRG > AKL Day Run,16947,2026-09-08T02:00:00Z,steve@urgent.co.nz
WRG > AKL Day Run,16513,2026-09-08T02:00:00Z,steve@urgent.co.nz
WRG > AKL Day Run,18188,2026-09-08T02:00:00Z,steve@urgent.co.nz
WRG > AKL Day Run,13713,2026-09-08T02:00:00Z,steve@urgent.co.nz
WRG > AKL Day Run,504,2026-09-08T02:00:00Z,steve@urgent.co.nz
WRG > AKL Day Run,9477,2026-09-08T02:00:00Z,steve@urgent.co.nz
WRG > AKL Day Run,14763,2026-09-08T02:00:00Z,steve@urgent.co.nz
WRG > AKL Day Run,18185,2026-09-08T02:00:00Z,steve@urgent.co.nz
WRG > AKL Day Run,13822,2026-09-08T02:00:00Z,steve@urgent.co.nz
WRG > AKL Day Run,13773,2026-09-08T02:00:00Z,steve@urgent.co.nz
WRG > AKL Day Run,35755,2026-09-08T02:00:00Z,steve@urgent.co.nz
WRG > AKL Day Run,169,2026-09-08T02:00:00Z,steve@urgent.co.nz
WRG > AKL Day Run,36672,2026-09-08T02:00:00Z,steve@urgent.co.nz
WRG > AKL Day Run,36739,2026-09-08T02:00:00Z,steve@urgent.co.nz
WRG > AKL Day Run #2,3191,2026-09-08T02:00:00Z,steve@urgent.co.nz
WRG > AKL Day Run #2,32946,2026-09-08T02:00:00Z,steve@urgent.co.nz
WRG > AKL Day Run #3,14927,2026-09-08T02:00:00Z,steve@urgent.co.nz
WRG > AKL Day Run #4,14578,2026-09-08T02:00:00Z,steve@urgent.co.nz
WRG > AKL Day Run #5,36266,2026-09-08T02:00:00Z,steve@urgent.co.nz
WRG > AKL Regional Run #2,36266,2026-09-08T02:00:00Z,steve@urgent.co.nz
WRG > AKL Regional Run #3,36813,2026-09-08T02:00:00Z,steve@urgent.co.nz
WRG > TGA Regional Run,36266,2026-09-08T02:00:00Z,steve@urgent.co.nz
Xmas - GOLBL Deli,32876,2026-09-08T02:00:00Z,steve@urgent.co.nz
Xmas Farro Auckland,36350,2026-09-08T02:00:00Z,steve@urgent.co.nz
Xmas Farro Christchurch,36350,2026-09-08T02:00:00Z,steve@urgent.co.nz
Xmas Farro Dunedin,36350,2026-09-08T02:00:00Z,steve@urgent.co.nz
Xmas Farro Hamilton,36350,2026-09-08T02:00:00Z,steve@urgent.co.nz
Xmas Farro Napier,36350,2026-09-08T02:00:00Z,steve@urgent.co.nz
Xmas Farro Palmy,36350,2026-09-08T02:00:00Z,steve@urgent.co.nz
Xmas Farro Taupo,36350,2026-09-08T02:00:00Z,steve@urgent.co.nz
Xmas Farro Tauranga,36350,2026-09-08T02:00:00Z,steve@urgent.co.nz
Xmas Farro Waiheke,36350,2026-09-08T02:00:00Z,steve@urgent.co.nz
Xmas Farro Wellington,36350,2026-09-08T02:00:00Z,steve@urgent.co.nz
Xmas Farro Whangarei,36350,2026-09-08T02:00:00Z,steve@urgent.co.nz
Xmas WOOP Auckland,16867,2026-09-08T02:00:00Z,steve@urgent.co.nz
Xmas WOOP Christchurch,16867,2026-09-08T02:00:00Z,steve@urgent.co.nz
Xmas Woop Hamilton,16867,2026-09-08T02:00:00Z,steve@urgent.co.nz
Xmas Woop Mon/Tue Waiheke,16867,2026-09-08T02:00:00Z,steve@urgent.co.nz
Xmas Woop Napier,16867,2026-09-08T02:00:00Z,steve@urgent.co.nz
Xmas Woop Palmy,16867,2026-09-08T02:00:00Z,steve@urgent.co.nz
Xmas Woop Tauranga,16867,2026-09-08T02:00:00Z,steve@urgent.co.nz
Xmas Woop Warkworth/Whangarei,16867,2026-09-08T02:00:00Z,steve@urgent.co.nz
Xmas Woop Wellington,16867,2026-09-08T02:00:00Z,steve@urgent.co.nz
XmasAKL,32871,2026-09-08T02:00:00Z,steve@urgent.co.nz
XmasCHCH,32871,2026-09-08T02:00:00Z,steve@urgent.co.nz
XmasHam,32871,2026-09-08T02:00:00Z,steve@urgent.co.nz
XmasTga,32871,2026-09-08T02:00:00Z,steve@urgent.co.nz
XmasWLG,32871,2026-09-08T02:00:00Z,steve@urgent.co.nz
"Z1, Z2, Z3 FDCHN",32827,2026-09-08T02:00:00Z,steve@urgent.co.nz
ZB CHCH > Akl Returns,14927,2026-09-08T02:00:00Z,steve@urgent.co.nz
ZB Gisborne > Akl Returns,14927,2026-09-08T02:00:00Z,steve@urgent.co.nz
ZB Masterton > Akl Returns,14927,2026-09-08T02:00:00Z,steve@urgent.co.nz
ZB Napier > Akl Returns,14927,2026-09-08T02:00:00Z,steve@urgent.co.nz
ZB New Plymouth > Akl Returns,14927,2026-09-08T02:00:00Z,steve@urgent.co.nz
ZB PN > Akl Returns,14927,2026-09-08T02:00:00Z,steve@urgent.co.nz
ZB Wellington > Akl Returns,14927,2026-09-08T02:00:00Z,steve@urgent.co.nz
ZB Whanganui > Akl Returns,14927,2026-09-08T02:00:00Z,steve@urgent.co.nz
ZIM CHCH > Akl Returns,32929,2026-09-08T02:00:00Z,steve@urgent.co.nz
ZIM Napier > Akl Returns,32929,2026-09-08T02:00:00Z,steve@urgent.co.nz
ZIM PN > Akl Returns,32929,2026-09-08T02:00:00Z,steve@urgent.co.nz
ZIM Wellington > Akl Returns,32929,2026-09-08T02:00:00Z,steve@urgent.co.nz
ZQN XMAS HF,17921,2026-09-08T02:00:00Z,steve@urgent.co.nz
